date,news_aapl_SMA1,news_aapl_SMA1_scaled,news_aapl_EMA0.2,news_aapl_EMA0.2_scaled,news_aapl_EMA0.1,news_aapl_EMA0.1_scaled,news_aapl_EMA0.05,news_aapl_EMA0.05_scaled,news_aapl_EMA0.02,news_aapl_EMA0.02_scaled,reddit_aapl_SMA1,reddit_aapl_SMA1_scaled,reddit_aapl_EMA0.2,reddit_aapl_EMA0.2_scaled,reddit_aapl_EMA0.1,reddit_aapl_EMA0.1_scaled,reddit_aapl_EMA0.05,reddit_aapl_EMA0.05_scaled,reddit_aapl_EMA0.02,reddit_aapl_EMA0.02_scaled,stock_aapl_SMA1,stock_aapl_SMA1_scaled,stock_aapl_EMA0.2,stock_aapl_EMA0.2_scaled,stock_aapl_EMA0.1,stock_aapl_EMA0.1_scaled,stock_aapl_EMA0.05,stock_aapl_EMA0.05_scaled,stock_aapl_EMA0.02,stock_aapl_EMA0.02_scaled
2024-03-01,0.148148148,0.398063079,-0.003671443,-1.091350627,0.015952324,-1.114470437,0.033450982,-1.107675909,0.049014069,-1.283532009,0,0.05711688,-0.255661909,-1.73025242,-0.196770245,-1.651670368,-0.110972698,-1.152278266,-0.038933419,-0.427918955,-0.030599076,-1.922489126,-0.011432259,-2.143450336,-0.006834557,-1.955335805,-0.003900959,-1.710629307,-0.00151769,-1.234639332
2024-03-04,-0.214285714,-1.642559497,-0.045794297,-1.62921692,-0.00707148,-1.50086156,0.021064148,-1.382018429,0.043748074,-1.467420626,-0.2,-0.558118697,-0.244529527,-1.649492039,-0.197093221,-1.654656905,-0.115424063,-1.208021649,-0.042154751,-0.498281046,0.00175696,0.110386908,-0.008794415,-1.648877273,-0.005975405,-1.709536382,-0.003618063,-1.58657516,-0.001452197,-1.181360825
2024-03-05,-0.125,-1.13985138,-0.061635438,-1.831492281,-0.018864332,-1.698772094,0.01376094,-1.543769219,0.040373112,-1.585274311,-0.75,-2.250016535,-0.345623622,-2.38288385,-0.252383898,-2.165926703,-0.14715286,-1.605353796,-0.056311656,-0.807503925,-0.01116578,-0.701527446,-0.009268688,-1.737799387,-0.006494443,-1.858030663,-0.003995449,-1.752064554,-0.001646468,-1.339400686
2024-03-06,-0.222222222,-1.687244662,-0.093752795,-2.241598481,-0.039200121,-2.040052293,0.001961782,-1.805095928,0.035121206,-1.76867094,-0.333333333,-0.968275749,-0.343165564,-2.365051756,-0.260478842,-2.240780191,-0.156461884,-1.721928476,-0.061852089,-0.928521111,-0.000886765,-0.055713992,-0.007592304,-1.423491684,-0.005933675,-1.697597551,-0.003840015,-1.683904324,-0.001631274,-1.327040331
2024-03-07,0.235294118,0.888723724,-0.027943412,-1.401279152,-0.011750697,-1.579389329,0.013628399,-1.546704733,0.039124664,-1.628870142,0,0.05711688,-0.274532451,-1.867149647,-0.234430958,-1.999916867,-0.148638789,-1.623961736,-0.060615048,-0.901500966,0.02331373,1.464762931,-0.001411097,-0.264568566,-0.003008935,-0.86084255,-0.002482327,-1.088538011,-0.001132374,-0.921185496
2024-03-08,0.176470588,0.557527789,0.012939388,-0.879247097,0.007071431,-1.263511752,0.021770508,-1.366374014,0.041871582,-1.532947724,0,0.05711688,-0.219625961,-1.46882796,-0.210987862,-1.783139875,-0.14120685,-1.530893332,-0.059402747,-0.875021224,0.001214141,0.076282489,-0.000886049,-0.166126637,-0.002586627,-0.740022259,-0.002297504,-1.007490145,-0.001085444,-0.883007724
2024-03-11,0.230769231,0.863247114,0.056505356,-0.322953692,0.029441211,-0.888096618,0.032220444,-1.134929754,0.045649535,-1.401021572,-0.5,-1.480972063,-0.275700769,-1.875625261,-0.239889076,-2.050387778,-0.159146507,-1.75554738,-0.068214692,-1.067496559,-0.002194462,-0.137874389,-0.001147732,-0.215189853,-0.00254741,-0.72880259,-0.002292352,-1.005230866,-0.001107624,-0.901051429
2024-03-12,0.25,0.971522708,0.095204285,0.171192531,0.05149709,-0.517949449,0.043109422,-0.893761639,0.049736545,-1.258303171,0,0.05711688,-0.220560615,-1.475608451,-0.215900168,-1.828563695,-0.151189182,-1.655899694,-0.066850398,-1.037696905,0.000810318,0.050910911,-0.000756122,-0.141766364,-0.002211638,-0.632739511,-0.002137218,-0.937202498,-0.001069265,-0.869846545
2024-03-13,0,-0.436060018,0.076163428,-0.071939977,0.046347381,-0.604373129,0.040953951,-0.941500822,0.048741814,-1.293039182,-0.333333333,-0.968275749,-0.243115159,-1.639231437,-0.227643485,-1.937153484,-0.16029639,-1.76994708,-0.072180057,-1.154110232,-0.010063162,-0.632251734,-0.00261753,-0.490764349,-0.00299679,-0.857368054,-0.002533516,-1.110984775,-0.001249143,-1.0161771
2024-03-14,0,-0.436060018,0.060930742,-0.266445983,0.041712643,-0.682154441,0.038906254,-0.986853046,0.047766977,-1.327080474,,,,,,,-0.159066758,-1.754548692,-0.072569367,-1.162613766,0.025705565,1.615038007,0.003047089,0.571303035,-0.000126554,-0.036206662,-0.001121562,-0.491821636,-0.000710049,-0.577624397
2024-03-15,0.090909091,0.075788246,0.066926412,-0.189887338,0.046632288,-0.599591756,0.041506395,-0.929265334,0.04862982,-1.296950014,-0.111111111,-0.284680663,-0.216714349,-1.447705537,-0.215990247,-1.829396652,-0.157837126,-1.739150305,-0.072958678,-1.171117301,-0.007005826,-0.440164433,0.001036506,0.194335988,-0.000814482,-0.233019512,-0.001415775,-0.620838576,-0.000835965,-0.680056596
2024-03-18,0.095238095,0.100161973,0.072588749,-0.11758502,0.051492869,-0.518020297,0.04419298,-0.869763088,0.049561985,-1.264398786,-0.333333333,-0.968275749,-0.240038146,-1.616909106,-0.227724556,-1.937903145,-0.166611936,-1.84903516,-0.078166171,-1.28486222,0.007915657,0.497327579,0.002412336,0.452292314,5.85E-05,0.016745796,-0.000949203,-0.416239904,-0.000660932,-0.537667847
2024-03-19,0.076923077,-0.00295764,0.073455614,-0.106516022,0.054035889,-0.475342698,0.045829485,-0.833517924,0.050109207,-1.245289795,0,0.05711688,-0.192030517,-1.268635526,-0.2049521,-1.727327526,-0.158281339,-1.744713085,-0.076602847,-1.250715253,0.007568839,0.475537578,0.003443637,0.645652294,0.000809563,0.231612267,-0.000523301,-0.229475413,-0.000496337,-0.403769597
2024-03-20,-0.142857143,-1.240393004,0.030193063,-0.658935097,0.034346586,-0.805773414,0.036395154,-1.04246866,0.04624988,-1.380057528,-0.777777778,-2.335465921,-0.309179969,-2.118501676,-0.262234668,-2.257016217,-0.189256161,-2.132603384,-0.090626346,-1.557024196,-0.029878589,-1.877222172,-0.003220808,-0.603873901,-0.002259252,-0.64636187,-0.001991065,-0.873112237,-0.001083982,-0.881818402
2024-03-21,-0.133333333,-1.186770804,-0.002512216,-1.076548472,0.017578594,-1.087177968,0.027908729,-1.230425235,0.042658216,-1.505478477,-0.333333333,-0.968275749,-0.314010642,-2.153546017,-0.269344535,-2.322760754,-0.19646002,-2.222815585,-0.095480486,-1.663050977,-0.006928236,-0.435289549,-0.003962294,-0.74289605,-0.002726151,-0.779939369,-0.002237924,-0.981363416,-0.001200867,-0.976904324
2024-03-22,0.157894737,0.452939599,0.029569174,-0.666901524,0.031610208,-0.851695976,0.03440803,-1.086479306,0.044962946,-1.42499727,-0.5,-1.480972063,-0.351208513,-2.423399707,-0.292410081,-2.536046569,-0.211637019,-2.41287352,-0.103570876,-1.839765717,-0.00334188,-0.209964752,-0.003838211,-0.719631583,-0.002787724,-0.797555096,-0.002293122,-1.005568476,-0.001243687,-1.011738569
2024-03-25,0.142857143,0.368272969,0.052226768,-0.377586943,0.042734902,-0.664998642,0.039830485,-0.966383238,0.04692083,-1.356627945,0,0.05711688,-0.280966811,-1.913828008,-0.263169073,-2.265656607,-0.201055168,-2.280359527,-0.101499458,-1.79452068,0.002411858,0.151533006,-0.002588197,-0.485264755,-0.002267765,-0.648797434,-0.002057873,-0.902408258,-0.001170576,-0.952262912
2024-03-26,0,-0.436060018,0.041781414,-0.510963556,0.038461412,-0.736717402,0.037838961,-1.010491342,0.045982414,-1.389397461,0.166666667,0.569813195,-0.191440115,-1.264352431,-0.220185499,-1.868189909,-0.182669076,-2.050114891,-0.096136136,-1.67737205,0.007863399,0.494044338,-0.000497878,-0.09334784,-0.001254649,-0.358949392,-0.001561809,-0.684876883,-0.000989897,-0.805280263
2024-03-27,-0.076923077,-0.869162395,0.018040516,-0.814110842,0.026922963,-0.930358481,0.032100859,-1.137578314,0.043524304,-1.475234678,-1,-3.019061007,-0.353152092,-2.43749949,-0.298166949,-2.589280005,-0.223535622,-2.561876891,-0.114213413,-2.072225849,-0.003260592,-0.204857591,-0.001050421,-0.196944872,-0.001455243,-0.416338517,-0.001646748,-0.722123979,-0.001035311,-0.842224442
2024-03-28,0,-0.436060018,0.014432413,-0.860182675,0.024230667,-0.975541258,0.030495816,-1.173126664,0.042653818,-1.505632059,-0.166666667,-0.455579434,-0.315855007,-2.166926051,-0.285016921,-2.467682431,-0.220692175,-2.526269073,-0.115262478,-2.095140103,-0.012325447,-0.774387349,-0.003305426,-0.619738956,-0.002542264,-0.72733011,-0.002180683,-0.956262488,-0.001261113,-1.025914783
2024-04-01,-0.111111111,-1.06165234,-0.010676292,-1.180795469,0.010696489,-1.202675149,0.02341547,-1.329941548,0.039578519,-1.613021513,0,0.05711688,-0.252684006,-1.708649083,-0.256515229,-2.204128883,-0.209657566,-2.388085303,-0.112957229,-2.044787579,-0.001715172,-0.107761411,-0.002987375,-0.560107167,-0.002459554,-0.703667394,-0.002157408,-0.946055803,-0.001270195,-1.03330231
2024-04-02,0.125,0.267731345,0.016458966,-0.834305633,0.02212684,-1.010848193,0.028494696,-1.217447289,0.041286949,-1.553363136,-0.333333333,-0.968275749,-0.268813871,-1.825663943,-0.264197039,-2.275162153,-0.215841354,-2.465523408,-0.117364751,-2.141059092,0.008886725,0.558338183,-0.000612555,-0.114848821,-0.001324927,-0.379055476,-0.001605201,-0.703904867,-0.001067056,-0.868049382
2024-04-03,0.0625,-0.084164336,0.025667173,-0.716726137,0.026164156,-0.943092965,0.030194962,-1.179789967,0.04171121,-1.538547937,-1,-3.019061007,-0.415051097,-2.886548699,-0.337777335,-2.955555024,-0.255049287,-2.956514982,-0.135017456,-2.526639151,-0.00411061,-0.258262817,-0.001312166,-0.246019874,-0.001603495,-0.458752625,-0.001730472,-0.758837852,-0.001127927,-0.917567961
2024-04-04,-0.111111111,-1.06165234,-0.001688484,-1.066030238,0.012436629,-1.173471685,0.023129658,-1.336271686,0.038654763,-1.645279073,-0.25,-0.711927591,-0.382040878,-2.647074527,-0.328999602,-2.874387815,-0.254796822,-2.953353432,-0.137317107,-2.576869386,-0.00330198,-0.207457912,-0.001710129,-0.320634467,-0.001773343,-0.50734551,-0.001809047,-0.793294356,-0.001171408,-0.952939763
2024-04-05,0.136363636,0.331712378,0.02592194,-0.713473018,0.02482933,-0.965494342,0.028791357,-1.21087688,0.040608941,-1.577039179,-0.166666667,-0.455579434,-0.338966035,-2.334586081,-0.312766308,-2.72427946,-0.250390314,-2.898171787,-0.137904098,-2.589690769,-0.00195244,-0.122668554,-0.001758591,-0.329720711,-0.001791253,-0.512469379,-0.001816217,-0.796438354,-0.001187029,-0.965647135
2024-04-08,0,-0.436060018,0.020737552,-0.779672416,0.022346397,-1.007163533,0.027351789,-1.242760301,0.039796762,-1.60540047,0,0.05711688,-0.271172828,-1.842777107,-0.281489677,-2.435066209,-0.237870799,-2.741392881,-0.135146016,-2.529447231,0.000592794,0.037244252,-0.001288314,-0.241547819,-0.001552848,-0.444262878,-0.001695766,-0.743618985,-0.001151432,-0.936689446
2024-04-09,0.357142857,1.574772448,0.088018613,0.079438761,0.055826043,-0.445299902,0.043841342,-0.877551133,0.046143684,-1.3837659,0,0.05711688,-0.216938263,-1.449329927,-0.25334071,-2.174774283,-0.225977259,-2.59245292,-0.132443096,-2.470408564,-0.002725152,-0.171216794,-0.001575682,-0.295426781,-0.001670079,-0.477801963,-0.001747235,-0.766189053,-0.001182907,-0.962293843
2024-04-10,0.117647059,0.226331853,0.093944302,0.155103824,0.062008145,-0.341550357,0.047531628,-0.795819009,0.047573751,-1.33382793,0.333333333,1.082509509,-0.106883943,-0.65093575,-0.194673305,-1.632280085,-0.198011729,-2.242247271,-0.123127567,-2.266933683,0.035166921,2.209479286,0.005772839,1.082357667,0.002013621,0.576087924,9.85E-05,0.043181658,-0.00045591,-0.370882689
2024-04-11,0.375,1.675314071,0.150155442,0.872863287,0.09330733,0.183720252,0.063905047,-0.433181985,0.054122276,-1.105153379,,,,,,,-0.201394769,-2.284612274,-0.125229625,-2.312847978,0.006312453,0.396600973,0.005880762,1.102592287,0.002443504,0.699075567,0.000409172,0.179427876,-0.000320543,-0.260761513
2024-04-12,0.2,0.690006163,0.160124354,1.000156217,0.103976597,0.362774507,0.070709795,-0.282471036,0.057039831,-1.003272351,-0.333333333,-0.968275749,-0.152173821,-0.979493276,-0.208539308,-1.760498235,-0.204777809,-2.326977277,-0.127331682,-2.358762274,-0.020586179,-1.293395456,0.000587374,0.110127506,0.000140536,0.040206751,-0.000640596,-0.280911012,-0.000725856,-0.590483104
2024-04-15,0,-0.436060018,0.128099483,0.591230972,0.093578937,0.188278432,0.067174305,-0.36077475,0.055899034,-1.043108979,0.333333333,1.082509509,-0.05507239,-0.275066429,-0.154352044,-1.259431642,-0.177872252,-1.99004541,-0.118118382,-2.157520318,-0.01245997,-0.782839253,-0.002022095,-0.379125463,-0.001119515,-0.320288032,-0.001231565,-0.540059703,-0.000960538,-0.781396971
2024-04-16,-0.285714286,-2.04472599,0.045336729,-0.465565779,0.055649615,-0.448260758,0.049529875,-0.751562012,0.049066768,-1.281691783,,,,,,,-0.173425446,-1.934359116,-0.116937198,-2.131720254,-0.009315561,-0.585281218,-0.003480788,-0.652617885,-0.001939119,-0.554773203,-0.001635765,-0.71730741,-0.001127638,-0.917333064
2024-04-17,-0.090909091,-0.947908281,0.018087565,-0.813510075,0.040993744,-0.694219173,0.042507927,-0.907083501,0.046267251,-1.379450948,0,0.05711688,-0.044057912,-0.195161385,-0.13891684,-1.116703173,-0.16897864,-1.878672823,-0.115756014,-2.105920189,-0.010831381,-0.680517682,-0.004950907,-0.928252471,-0.002828345,-0.809176785,-0.002095545,-0.918928231,-0.001321713,-1.075212806
2024-04-18,-0.066666667,-0.811415411,0.001136719,-1.029955257,0.030227703,-0.874897516,0.037049197,-1.027982963,0.044008572,-1.458324016,-1,-3.019061007,-0.23524633,-1.582146653,-0.225025156,-1.912941942,-0.210529708,-2.399006926,-0.133440894,-2.492203026,-0.004151231,-0.260814956,-0.004790972,-0.898266005,-0.002960634,-0.847023947,-0.00219833,-0.96400069,-0.001378304,-1.121249016
2024-04-19,0.055555556,-0.123263856,0.012020486,-0.890980544,0.032760489,-0.832391693,0.037974515,-1.007489103,0.044239512,-1.450259601,0.2,0.672352458,-0.148197064,-0.950643704,-0.18252264,-1.519923564,-0.190003222,-2.141958651,-0.126772076,-2.34653905,-0.001027196,-0.064537,-0.004038216,-0.757130877,-0.00276729,-0.791709156,-0.002139773,-0.938322695,-0.001371282,-1.115536494
2024-04-22,0.416666667,1.909911192,0.092949722,0.142404041,0.071151106,-0.188110929,0.056909123,-0.588127092,0.051688055,-1.190156409,-0.4,-1.173354275,-0.198557651,-1.315986926,-0.204270376,-1.721023659,-0.200503061,-2.273445626,-0.132236635,-2.465898932,0.007196865,0.452167091,-0.0017912,-0.33583463,-0.001770875,-0.506639188,-0.001672941,-0.733609866,-0.001199919,-0.976132877
2024-04-23,0.153846154,0.430144737,0.105129009,0.297921222,0.079420611,-0.049330072,0.061755974,-0.480779453,0.053731217,-1.118809174,0,0.05711688,-0.158846121,-1.027897783,-0.183843338,-1.532135988,-0.190477908,-2.147903028,-0.129591902,-2.408131231,0.017953582,1.127993773,0.002157756,0.404560768,0.000201571,0.05766859,-0.000691615,-0.303283547,-0.000816849,-0.664505707
2024-04-24,0,-0.436060018,0.084103207,0.029442976,0.07147855,-0.18261569,0.058668176,-0.549167746,0.052656593,-1.156335066,0,0.05711688,-0.127076897,-0.797426468,-0.165459005,-1.362137084,-0.180954013,-2.02863756,-0.127000064,-2.351518883,0.002064593,0.129714946,0.002139124,0.4010673,0.000387873,0.110968799,-0.000553804,-0.242851614,-0.00075922,-0.617624698
2024-04-25,-0.090909091,-0.947908281,0.049100747,-0.41750307,0.055239786,-0.455138611,0.051189312,-0.714808948,0.049785279,-1.256601365,0,0.05711688,-0.101661517,-0.613049417,-0.148913104,-1.20913807,-0.171906312,-1.915335365,-0.124460063,-2.296038783,0.020543908,1.290739665,0.005820081,1.09121509,0.002403477,0.687623836,0.000501081,0.219731646,-0.000333157,-0.271023124
2024-04-26,0.285714286,1.172605955,0.096423455,0.186760098,0.078287236,-0.068350653,0.062915561,-0.455097031,0.054503859,-1.091828504,0,0.05711688,-0.081329214,-0.465547775,-0.134021794,-1.071438958,-0.163310996,-1.80769828,-0.121970861,-2.241668285,-0.000230622,-0.014489624,0.00460994,0.864324127,0.002140067,0.612263449,0.000464496,0.203688494,-0.000331106,-0.269354885
2024-04-29,0.214285714,0.770439462,0.119995907,0.487756494,0.091887084,0.159885329,0.070484069,-0.287470394,0.057699496,-0.980236828,0,0.05711688,-0.065063371,-0.347546462,-0.120619614,-0.947509757,-0.155145447,-1.70544305,-0.119531444,-2.188385197,-0.02163514,-1.359299945,-0.000639076,-0.119821263,-0.000237454,-0.067934459,-0.000640486,-0.280862689,-0.000757187,-0.615971191
2024-04-30,0.181818182,0.58763651,0.132360362,0.645638093,0.100880194,0.310809903,0.076050774,-0.16417949,0.06018187,-0.893552316,0,0.05711688,-0.052050697,-0.253145412,-0.108557653,-0.835973476,-0.147388174,-1.608300581,-0.117140815,-2.13616777,0.017278012,1.085548835,0.002944342,0.55203875,0.001514093,0.433175096,0.000255439,0.112013891,-0.000396483,-0.322538768
2024-05-01,0.214285714,0.770439462,0.148745432,0.85485889,0.112220746,0.50112983,0.082962521,-0.01109873,0.063263947,-0.785926163,-0.2,-0.558118697,-0.081640558,-0.467806432,-0.117701888,-0.920529702,-0.150018766,-1.641242847,-0.118797999,-2.172364885,0.081966147,5.149796953,0.018748703,3.515220605,0.009559298,2.73487193,0.004340974,1.903582758,0.001250769,1.017499979
2024-05-02,0.395833333,1.792612631,0.198163013,1.485871463,0.140582004,0.977095431,0.098606062,0.335373022,0.069915335,-0.553659644,0.625,1.97972806,0.059687554,0.557464926,-0.043431699,-0.233757431,-0.111267827,-1.1559741,-0.103922039,-1.847436013,-0.023037571,-1.447412368,0.010391448,1.948307161,0.006299611,1.802290253,0.002972047,1.303287501,0.000765003,0.622329042
2024-05-03,0.46875,2.203157593,0.25228041,2.176895956,0.173398804,1.52783501,0.117113259,0.74526878,0.077892028,-0.275113442,-0.333333333,-0.968275749,-0.018916623,-0.012772735,-0.072421862,-0.501827847,-0.122371103,-1.295017765,-0.108510265,-1.947654557,0.006032263,0.378997102,0.009519611,1.78484524,0.006272876,1.794641555,0.003125058,1.37038505,0.000870348,0.708027297
2024-05-06,0.5,2.379105434,0.301824328,2.809521736,0.206058924,2.075945147,0.136257596,1.169275861,0.086334187,0.019686842,0.333333333,1.082509509,0.051533368,0.498310004,-0.031846343,-0.126628293,-0.099585881,-1.009683873,-0.099673393,-1.754634756,-0.003270703,-0.205492842,0.006961548,1.305230451,0.005318519,1.521604067,0.00280527,1.230153168,0.000787527,0.640652462
2024-05-07,0.210526316,0.749272804,0.283564726,2.57636506,0.206505663,2.083442435,0.139971032,1.251520713,0.08881803,0.106422647,-0.25,-0.711927591,-0.008773306,0.060812435,-0.053661708,-0.328353756,-0.107106587,-1.103863878,-0.102679925,-1.820305079,-0.00158591,-0.099640094,0.005252057,0.984715462,0.004628076,1.324071493,0.002585711,1.133873237,0.000740058,0.602036681
2024-05-08,0,-0.436060018,0.22685178,1.852198046,0.185855097,1.736879566,0.13297248,1.096517412,0.087041669,0.044392119,0,0.05711688,-0.007018645,0.073541706,-0.048295538,-0.278733075,-0.101751257,-1.036800368,-0.100626327,-1.775449255,0.014191339,0.891618246,0.007039913,1.31992317,0.005584402,1.597672114,0.003165992,1.388335372,0.001009084,0.820888812
2024-05-09,0,-0.436060018,0.181481424,1.272864436,0.167269587,1.424972985,0.126323856,0.949264276,0.085300836,-0.016397798,0.5,1.595205824,0.094385084,0.809179774,0.006534016,0.228272733,-0.071663695,-0.660021002,-0.0886138,-1.513065066,0.002920549,0.183493255,0.00621604,1.165454109,0.005318017,1.521460491,0.00315372,1.382953845,0.001047313,0.851988326
2024-05-10,0.304347826,1.277518953,0.206054705,1.5866404,0.180977411,1.655021048,0.135225055,1.146407232,0.089681776,0.136584659,0.25,0.826161352,0.125508067,1.034962903,0.030880615,0.453404363,-0.05558051,-0.45861512,-0.081841524,-1.365141301,0.011162635,0.701329802,0.007205359,1.350942895,0.005902478,1.688672362,0.003554166,1.558555331,0.001249619,1.016564455
2024-05-13,-0.0625,-0.787955699,0.152343764,0.900805947,0.15662967,1.246411286,0.125338802,0.927447382,0.08663814,0.030300879,,,,,,,-0.035440997,-0.20641281,-0.073523109,-1.183445916,0.002133326,0.134033309,0.006190952,1.16075036,0.005525563,1.580838607,0.003483124,1.527402338,0.001267294,1.030942342
2024-05-14,0.125,0.267731345,0.146875011,0.830975499,0.153466703,1.193329598,0.125321862,0.927072194,0.087405377,0.057092809,0.75,2.364250296,0.250406454,1.941044058,0.102792553,1.118370026,-0.015301484,0.045789499,-0.065204694,-1.00175053,0.013623476,0.855940388,0.007677457,1.439457222,0.006335354,1.812516227,0.003990141,1.749737204,0.001514417,1.231977245
2024-05-15,0.083333333,0.033134224,0.134166675,0.668702893,0.146453366,1.075630058,0.123222435,0.880574284,0.087323936,0.054248893,0,0.05711688,0.200325163,1.577727004,0.092513298,1.023318329,-0.01453641,0.055370341,-0.0639006,-0.973265797,-0.005040232,-0.316669429,0.005133919,0.962565731,0.005197796,1.487065841,0.003538623,1.551739451,0.001383324,1.125333197
2024-05-16,0.166666667,0.502328466,0.140666674,0.751701304,0.148474696,1.109552515,0.125394647,0.928684233,0.088910791,0.10966187,0,0.05711688,0.160260131,1.287073361,0.083261968,0.937771801,-0.01380959,0.06447214,-0.062622588,-0.945350759,-0.000949712,-0.059668821,0.003917193,0.734440022,0.004583045,1.31118843,0.003314206,1.45332933,0.001336663,1.087374736
2024-05-17,0.15,0.408489618,0.142533339,0.775536733,0.148627226,1.112112318,0.126624915,0.955932092,0.090132575,0.152326584,0,0.05711688,0.128208104,1.054550447,0.074935771,0.860779926,-0.01311911,0.07311885,-0.061370136,-0.917994021,0.009295875,0.584044392,0.004992929,0.936131348,0.005054328,1.44602036,0.00361329,1.584481929,0.001495848,1.216870986
2024-05-20,0.181818182,0.58763651,0.150390308,0.875862284,0.151946322,1.167814193,0.129384578,1.017052871,0.091966287,0.216359828,0,0.05711688,0.102566484,0.868532115,0.067442194,0.791487239,-0.012463155,0.081333224,-0.060142733,-0.891184418,0.006175117,0.387972379,0.005229367,0.980461367,0.005166407,1.478085637,0.003741381,1.640651938,0.001589433,1.293002633
2024-05-21,0.076923077,-0.00295764,0.135696861,0.688241822,0.144443997,1.041908344,0.126761503,0.958957237,0.091665423,0.205853648,0,0.05711688,0.082053187,0.71971745,0.060697975,0.72912382,-0.011839997,0.08913688,-0.058939879,-0.864911007,-0.006709398,-0.42154037,0.002841614,0.532778184,0.003978826,1.138324221,0.003218842,1.411510721,0.001423456,1.157980769
2024-05-22,0.090909091,0.075788246,0.126739307,0.573862905,0.139090507,0.952064751,0.124968882,0.919254435,0.091650297,0.205325425,0,0.05711688,0.065642549,0.600665718,0.054628177,0.672996744,-0.011247997,0.096550352,-0.057761081,-0.839163064,-0.011309982,-0.710587413,1.13E-05,0.002117654,0.002449946,0.700918328,0.002492401,1.092955297,0.001168788,0.950807912
2024-05-23,0.214285714,0.770439462,0.144248589,0.79743874,0.146610027,1.078259192,0.129434724,1.018163499,0.094103005,0.290974023,0.5,1.595205824,0.15251404,1.230878984,0.099165359,1.08482957,0.014314403,0.416662182,-0.046605859,-0.595504599,0.014246238,0.895067498,0.002858283,0.535903565,0.003629575,1.038404918,0.003080093,1.350667044,0.001430337,1.163577834
2024-05-24,0.28,1.140432635,0.171398871,1.144120415,0.159949025,1.302117516,0.136962988,1.184898819,0.097820945,0.420804518,-0.142857143,-0.382337104,0.093439803,0.802322187,0.074963109,0.86103272,0.006455826,0.318251095,-0.048530885,-0.637552065,-0.009921053,-0.623323306,0.000302416,0.056700411,0.002274512,0.650727586,0.002430035,1.065607121,0.001203309,0.978890892
2024-05-28,0.363636364,1.611333038,0.20984637,1.635056129,0.180317759,1.643950604,0.148296657,1.435915911,0.103137253,0.606450054,0,0.05711688,0.074751842,0.666749508,0.067466798,0.791714753,0.006133034,0.314208857,-0.047560267,-0.616351301,0.006065091,0.381059591,0.001454951,0.27279081,0.00265357,0.75917433,0.002611788,1.145308454,0.001300545,1.05799201
2024-05-29,0.3125,1.323418389,0.230377096,1.897212759,0.193535983,1.865782083,0.156506824,1.617753967,0.107324508,0.752669034,0,0.05711688,0.059801474,0.558291364,0.060720118,0.729328583,0.005826383,0.310368731,-0.046609062,-0.595574552,0.00356463,0.223959766,0.001876887,0.351900133,0.002744676,0.785239338,0.00265943,1.166200225,0.001345826,1.094828641
2024-05-30,0.142857143,0.368272969,0.212873105,1.673704484,0.188468099,1.780731611,0.15582434,1.602638371,0.108035161,0.777485032,0,0.05711688,0.047841179,0.471524849,0.054648107,0.67318103,0.005535063,0.306720611,-0.045676881,-0.575213339,0.007626426,0.479155676,0.003026795,0.567497965,0.003232851,0.924903994,0.00290778,1.275105349,0.001471438,1.197013901
2024-05-31,0.071428571,-0.033893524,0.184584198,1.312483724,0.176764146,1.584313006,0.151604551,1.509178871,0.107303029,0.751918984,-0.3,-0.865736486,-0.021727057,-0.033161153,0.019183296,0.345239915,-0.00974169,0.115413479,-0.050763343,-0.686314638,0.009020266,0.566728358,0.004225489,0.792242852,0.003811592,1.090479328,0.003213404,1.40912622,0.001622415,1.31983322
2024-06-03,0.181818182,0.58763651,0.184030995,1.305419877,0.17726955,1.592794813,0.153115233,1.542637311,0.108793332,0.80396038,-0.5,-1.480972063,-0.117381645,-0.727091816,-0.032735034,-0.134845967,-0.034254605,-0.191555909,-0.059748076,-0.882564104,0.00390459,0.245318933,0.004161309,0.780209709,0.003820892,1.093139958,0.003247964,1.424280997,0.001668058,1.356964182
2024-06-04,0.294117647,1.21991966,0.206048325,1.586558943,0.188954359,1.788892156,0.160165354,1.69878276,0.112499818,0.933390915,-0.363636364,-1.06149326,-0.166632589,-1.084385078,-0.065825167,-0.440828572,-0.050723693,-0.397794365,-0.065825842,-1.015317995,0.001484168,0.093247817,0.003625881,0.679821519,0.00358722,1.026287339,0.003159774,1.385608451,0.001664381,1.35397229
2024-06-05,0.15,0.408489618,0.19483866,1.443422845,0.185058923,1.723517994,0.159657086,1.687525693,0.113249822,0.959581048,0,0.05711688,-0.133306071,-0.842616304,-0.05924265,-0.379960409,-0.048187509,-0.36603433,-0.064509325,-0.986561913,-0.005314645,-0.333910318,0.001837776,0.344567167,0.002697033,0.771609021,0.002736053,1.199800432,0.0015248,1.240423652
2024-06-06,0.076923077,-0.00295764,0.171255544,1.14229027,0.174245339,1.542041765,0.155520385,1.595906418,0.112523287,0.934210443,0.5,1.595205824,-0.006644857,0.076253366,-0.003318385,0.137168133,-0.020778133,-0.022793266,-0.053219139,-0.73995547,0.01155932,0.72625286,0.003782085,0.709108346,0.003583262,1.025155017,0.003177216,1.393257206,0.00172549,1.403685134
2024-06-07,0.083333333,0.033134224,0.153671102,0.91775471,0.165154138,1.389471007,0.151911033,1.515966796,0.111939488,0.913824174,0.15,0.518543563,0.024684114,0.303530846,0.012013454,0.278940784,-0.012239226,0.084137423,-0.049154756,-0.651178994,-0.016505922,-1.037039678,-0.000275517,-0.051657022,0.001574344,0.450412563,0.002193059,0.961689564,0.001360862,1.10706033
2024-06-10,0.230769231,0.863247114,0.169090727,1.114647754,0.171715647,1.499587865,0.155853943,1.603294015,0.114316083,0.996814888,0.142857143,0.496570864,0.04831872,0.474989192,0.025097822,0.399931209,-0.004484408,0.181249163,-0.045314518,-0.567298411,0.070849526,4.451358093,0.013949492,2.6154098,0.008501862,2.432344151,0.005625883,2.467034346,0.002750635,2.237639835
2024-06-11,0.159090909,0.459674444,0.167090764,1.089110238,0.170453174,1.478400719,0.156015791,1.606878617,0.115211579,1.028085635,0.444444444,1.424307052,0.127543865,1.049731691,0.067032485,0.787698679,0.017962035,0.462340604,-0.035519339,-0.353346737,0.035540452,2.232947593,0.018267684,3.425033687,0.011205721,3.205905967,0.007121611,3.122933827,0.003406432,2.771129653
2024-06-12,0.178571429,0.569356215,0.169386897,1.118429536,0.171264999,1.492024974,0.157143573,1.631856631,0.116478776,1.072336165,-0.25,-0.711927591,0.052035092,0.501949785,0.035329236,0.494540518,0.004563933,0.294559376,-0.039808952,-0.44704282,-0.004144555,-0.260395539,0.013785236,2.584613245,0.009670693,2.766741516,0.006558303,2.875914633,0.003255412,2.648275205
2024-06-13,-0.2,-1.562126198,0.095509517,0.175090039,0.134138499,0.868958946,0.139286394,1.23635742,0.110149201,0.85130733,-0.5,-1.480972063,-0.058371926,-0.299003065,-0.018203687,-0.000475424,-0.020664264,-0.021367307,-0.049012773,-0.648077723,-0.002244644,-0.141027241,0.01057926,1.983520314,0.008479159,2.425849123,0.006118155,2.682903395,0.003145411,2.558789381
2024-06-14,0.151515152,0.417020422,0.106710644,0.318117112,0.135876164,0.89812087,0.139897832,1.249899491,0.11097652,0.880197318,0,0.05711688,-0.046697541,-0.214310694,-0.016383319,0.016357424,-0.019631051,-0.008428625,-0.048032517,-0.626666446,0.019777823,1.242607788,0.012418973,2.328450613,0.009609026,2.74909877,0.006801139,2.982401903,0.003478059,2.829398474
2024-06-17,0.142857143,0.368272969,0.113939944,0.410427966,0.136574262,0.90983652,0.140045798,1.253176619,0.111614132,0.90246275,0,0.05711688,-0.037358033,-0.146556798,-0.014744987,0.031506986,-0.018649498,0.003863123,-0.047071867,-0.605683394,-0.016820572,-1.056808619,0.006571064,1.232017955,0.006966066,1.992959944,0.005620053,2.464478086,0.003072087,2.499140052
2024-06-18,0.035714286,-0.234976771,0.098294812,0.210655441,0.126488265,0.740570833,0.134829222,1.137640365,0.110096135,0.849454284,0,0.05711688,-0.029886426,-0.09235368,-0.013270488,0.045141593,-0.017717023,0.015540283,-0.04613043,-0.585120004,-0.016547492,-1.039651466,0.001947352,0.365111854,0.00461471,1.320247693,0.004511676,1.978437942,0.002679695,2.179929804
2024-06-20,0.1875,0.619627027,0.11613585,0.438467466,0.132589438,0.842962224,0.137462761,1.195967751,0.111644213,0.903513157,0,0.05711688,-0.023909141,-0.048991186,-0.011943439,0.057412739,-0.016831172,0.026633586,-0.045207821,-0.564967881,-0.012690731,-0.797337573,-0.000980264,-0.183791119,0.002884166,0.825146852,0.003651556,1.601262197,0.002372286,1.929853203
2024-06-21,-0.08,-0.88648649,0.07690868,-0.062423864,0.111330494,0.486189415,0.126589623,0.955150453,0.107811328,0.769668804,0.25,0.826161352,0.030872687,0.348426135,0.014250905,0.299630368,-0.003489613,0.193706739,-0.039303665,-0.43600606,0.006884244,0.432525611,0.000592637,0.111114413,0.003284174,0.939587264,0.00381319,1.672141322,0.002462526,2.003262682
2024-06-24,-0.0625,-0.787955699,0.049026944,-0.418445465,0.093947445,0.194462815,0.117135142,0.745753442,0.104405102,0.650723342,-0.333333333,-0.968275749,-0.041968517,-0.180003769,-0.020507519,-0.021778827,-0.019981799,-0.012820969,-0.045184258,-0.564453204,0.011236029,0.705941047,0.002721316,0.5102233,0.004079359,1.167086238,0.004184332,1.834892661,0.002637996,2.146007449
2024-06-25,0.173913043,0.543127965,0.074004164,-0.0995116,0.101944005,0.328663044,0.119974037,0.808629039,0.105795261,0.699267701,0,0.05711688,-0.033574814,-0.119111257,-0.018456767,-0.002815639,-0.018982709,-0.000309604,-0.044280573,-0.544714417,0.015082724,0.947622542,0.005193597,0.97375488,0.005179696,1.48188753,0.004729252,2.073848132,0.00288689,2.348482999
2024-06-26,0.545454545,2.635029565,0.16829424,1.104477416,0.146295059,1.072973312,0.141248062,1.279804269,0.114588446,1.006325824,-1,-3.019061007,-0.226859851,-1.52130655,-0.116611091,-0.910443162,-0.068033574,-0.614561868,-0.063394961,-0.962221369,0.005030449,0.316054734,0.005160968,0.967637078,0.005164771,1.477617633,0.004744311,2.080452103,0.002929761,2.383358662
2024-06-27,0.230769231,0.863247114,0.180789238,1.264025918,0.154742476,1.214739939,0.145724121,1.378939615,0.116912062,1.087466505,0,0.05711688,-0.181487881,-1.192153482,-0.104949981,-0.80261354,-0.064631895,-0.571963458,-0.062127062,-0.934527219,-0.017055185,-1.071548961,0.000717737,0.134569545,0.002942776,0.841914752,0.003654337,1.602481711,0.002530062,2.058203887
2024-06-28,0.111111111,0.189532305,0.166853613,1.08608206,0.15037934,1.141516712,0.14399347,1.340609321,0.116796043,1.08341512,0.142857143,0.496570864,-0.116618876,-0.72155827,-0.080169269,-0.573467682,-0.054257443,-0.442046674,-0.058027378,-0.844979672,0.019142786,1.202709489,0.004402747,0.825477216,0.004562777,1.305389724,0.004428759,1.942077646,0.002862317,2.328492654
2024-07-01,0.285714286,1.172605955,0.190625747,1.389628203,0.163912834,1.368639138,0.151079511,1.497550325,0.120174408,1.201387651,0.111111111,0.398914423,-0.071072879,-0.391142714,-0.061041231,-0.396591787,-0.045989016,-0.338503128,-0.054644608,-0.77109136,0.017811733,1.119081625,0.007084544,1.328291145,0.005887672,1.68443637,0.005097908,2.23550944,0.003161305,2.571719429
2024-07-02,0.214285714,0.770439462,0.195357741,1.450050977,0.168950122,1.453176141,0.154239821,1.567544594,0.122056634,1.267115004,0,0.05711688,-0.056858303,-0.288022413,-0.054937108,-0.340147303,-0.043689565,-0.309707655,-0.053551716,-0.74721981,0.007500008,0.47121307,0.007167637,1.343870333,0.006048906,1.730564573,0.005218013,2.288177303,0.003248079,2.642310062
2024-07-03,0.090909091,0.075788246,0.174468011,1.18331023,0.161146019,1.322205768,0.151073285,1.497412424,0.121433683,1.245361554,0,0.05711688,-0.045486642,-0.205526172,-0.049443397,-0.289347268,-0.041505087,-0.282351955,-0.052480682,-0.723825691,0.024543203,1.54200873,0.01064275,1.995424203,0.007898336,2.259678051,0.006184272,2.711896674,0.003673982,2.988781409
2024-07-05,0.136363636,0.331712378,0.166847136,1.085999357,0.158667781,1.280615366,0.150337802,1.481123025,0.121732282,1.255788636,0,0.05711688,-0.036389314,-0.13952918,-0.044499057,-0.243627236,-0.039429832,-0.256364041,-0.051431068,-0.700899455,0.003698944,0.232398489,0.009253989,1.73504339,0.007478396,2.139535348,0.006060006,2.657403968,0.003674481,2.989187538
2024-07-08,0,-0.436060018,0.133477709,0.659905484,0.142801003,1.014335204,0.142820912,1.314639608,0.119297637,1.170770789,0.5,1.595205824,0.070888549,0.638723065,0.009950848,0.259867989,-0.012458341,0.081393508,-0.040402447,-0.460006262,0.00601066,0.377639808,0.008605323,1.61342414,0.007331623,2.097544082,0.006057539,2.656322028,0.003721205,3.027197139
2024-07-09,0.176470588,0.557527789,0.142076285,0.769700611,0.146167961,1.070840329,0.144503396,1.351903111,0.120441096,1.210700388,0.2,0.672352458,0.096710839,0.826052071,0.028955763,0.435605374,-0.001835424,0.214421762,-0.035594398,-0.354986221,0.009114706,0.572661848,0.0087072,1.632525118,0.007509931,2.148557285,0.006210397,2.723352726,0.003829075,3.114949325
2024-07-10,0.444444444,2.066309272,0.202549917,1.541887796,0.17599561,1.571415239,0.159500448,1.684056499,0.126921163,1.436984385,0,0.05711688,0.077368671,0.685733415,0.026060187,0.408830142,-0.001743652,0.215570991,-0.03488251,-0.339436774,-0.010674625,-0.670668976,0.004830835,0.905740004,0.005691475,1.628305366,0.005366146,2.353135888,0.003539001,2.87897435
2024-07-11,-0.272727273,-1.971604809,0.107494479,0.328125887,0.131123321,0.818357492,0.137889062,1.205409435,0.118928194,1.157869846,0,0.05711688,0.061894937,0.57347849,0.023454168,0.384732433,-0.00165647,0.216662758,-0.03418486,-0.324198316,0.033024651,2.074884034,0.010469598,1.962959662,0.008424793,2.410295153,0.006749071,2.959569473,0.004128714,3.358705443
2024-07-12,0.25,0.971522708,0.135995583,0.692056194,0.143010989,1.017859249,0.143494609,1.329560591,0.12154963,1.249410419,0.2,0.672352458,0.08951595,0.77385641,0.041108752,0.547983373,0.008426354,0.342927549,-0.029501163,-0.221894435,-0.006258491,-0.393210608,0.00712398,1.335685071,0.006956465,1.990213041,0.006098693,2.674368863,0.00392097,3.189705778
2024-07-15,0.1875,0.619627027,0.146296466,0.823588069,0.14745989,1.092521799,0.145694879,1.378291966,0.122868637,1.295470169,-0.5,-1.480972063,-0.02838724,-0.081477765,-0.013002124,0.047623145,-0.016994964,0.024582457,-0.038911139,-0.427432305,-0.023617033,-1.48381899,0.000975778,0.182949913,0.003899115,1.115519114,0.004612907,2.022829165,0.00337021,2.74166289
2024-07-16,0.142857143,0.368272969,0.145608602,0.814804731,0.146999616,1.084797355,0.145552992,1.37514947,0.123268408,1.309430145,-0.142857143,-0.382337104,-0.051281221,-0.247563212,-0.025987626,-0.072453063,-0.023288073,-0.054224643,-0.040990059,-0.472841217,0.003617369,0.227273318,0.001504096,0.282005066,0.00387094,1.107458504,0.00456313,2.001001259,0.003375153,2.745684179
2024-07-17,-0.071428571,-0.838226511,0.102201167,0.260535645,0.125156797,0.718225814,0.134703914,1.134865048,0.119374468,1.17345374,0,0.05711688,-0.041024977,-0.173158812,-0.023388863,-0.048422451,-0.022123669,-0.039643094,-0.040170258,-0.45493467,-0.023710259,-1.489676248,-0.003538775,-0.663489919,0.00111282,0.318372866,0.00314946,1.381085882,0.002833444,2.305004931
2024-07-18,-0.083333333,-0.905254259,0.065094267,-0.213281981,0.104307784,0.368332564,0.123802051,0.893411566,0.115320312,1.031882575,0,0.05711688,-0.032819981,-0.113635291,-0.021049977,-0.026794901,-0.021017486,-0.025790623,-0.039366853,-0.437386254,0.00974115,0.612020255,-0.00088279,-0.165515574,0.001975653,0.565225456,0.003479045,1.525613634,0.002971599,2.417393188
2024-07-19,-0.1,-0.999093108,0.032075414,-0.634899381,0.083877005,0.02545823,0.112611949,0.645574166,0.111013906,0.881502831,0,0.05711688,-0.026255985,-0.066016475,-0.018944979,-0.007330106,-0.019966612,-0.012630775,-0.038579516,-0.420188806,-0.011629475,-0.730660624,-0.003032127,-0.568497788,0.00061514,0.175988891,0.002723619,1.194347941,0.002679577,2.179833938
2024-07-22,-0.076923077,-0.869162395,0.010275715,-0.913259502,0.067796997,-0.244400412,0.103135198,0.435683917,0.107255166,0.750247608,0,0.05711688,-0.021004788,-0.027921422,-0.017050481,0.01018821,-0.018968281,-0.00012892,-0.037807926,-0.403335308,-0.001648992,-0.103603454,-0.0027555,-0.51663261,0.000388727,0.111213076,0.002504988,1.098475143,0.002593006,2.109408178
2024-07-23,0,-0.436060018,0.008220572,-0.939501603,0.061017297,-0.358178995,0.097978438,0.321472456,0.105110063,0.675340581,0.333333333,1.082509509,0.049862836,0.486191055,0.0179879,0.334186158,-0.0013532,0.22046053,-0.0303851,-0.241201891,-0.022633995,-1.422056352,-0.006731199,-1.262042002,-0.001913545,-0.547456586,0.001248039,0.547283977,0.002088466,1.698965254
2024-07-24,-0.055555556,-0.748856179,-0.004534653,-1.102372948,0.049360012,-0.553814417,0.090301738,0.151449592,0.10189675,0.563131684,1,3.133294768,0.239890269,1.864753904,0.11618911,1.24224724,0.04871446,0.847445881,-0.009777398,0.208922832,-0.001050532,-0.066003199,-0.005595066,-1.049026756,-0.001827244,-0.52276618,0.001133111,0.496886066,0.002025686,1.647893804
2024-07-25,0.3,1.253039253,0.056372277,-0.324652976,0.074424011,-0.133184242,0.100786651,0.383668519,0.105858815,0.701487029,0,0.05711688,0.191912215,1.516694881,0.104570199,1.134807821,0.046278737,0.816943904,-0.009581851,0.213194098,-0.007956097,-0.499868361,-0.006067272,-1.137561361,-0.002440129,-0.698109891,0.00067865,0.29759834,0.00182605,1.485490352
2024-07-26,0.095238095,0.100161973,0.064145441,-0.22539753,0.076505419,-0.098253535,0.100509223,0.377524073,0.105646401,0.694069516,0,0.05711688,0.153529772,1.238247663,0.094113179,1.038112344,0.0439648,0.787967026,-0.009390213,0.217379939,0.010278368,0.645772775,-0.002798144,-0.524627973,-0.001168279,-0.33423946,0.001158636,0.508079382,0.001995096,1.62300943
2024-07-29,0.238095238,0.904494959,0.0989354,0.218835104,0.092664401,0.172930462,0.107388524,0.529886216,0.108295378,0.786571808,0,0.05711688,0.122823818,1.015489888,0.084701861,0.951086415,0.04176656,0.760438991,-0.009202409,0.221482063,0.01026507,0.644937282,-0.000185501,-0.034779916,-2.49E-05,-0.007136522,0.001613958,0.707744801,0.002160496,1.757561769
2024-07-30,0.230769231,0.863247114,0.125302166,0.555512069,0.106474884,0.404701374,0.113557559,0.666517464,0.110744855,0.872107569,0.333333333,1.082509509,0.164925721,1.320920103,0.109565009,1.180994543,0.056344899,0.943000045,-0.002351694,0.371119132,0.013231497,0.831312999,0.002497898,0.468334462,0.0013007,0.37212427,0.002194835,0.962468109,0.002381916,1.937686791
2024-07-31,0.285714286,1.172605955,0.15738459,0.965172209,0.124398824,0.705505334,0.122165396,0.857163061,0.114244243,0.994306251,0.285714286,0.936024848,0.189083434,1.496173355,0.127179936,1.343878791,0.067813368,1.086616949,0.003409625,0.496961032,-0.023265061,-1.461705137,-0.002654693,-0.497732207,-0.001155876,-0.330691004,0.00092184,0.404240713,0.001868976,1.520410871
2024-08-01,0.35,1.534555798,0.195907672,1.457073047,0.146958942,1.08411476,0.133557126,1.109466092,0.118959359,1.158958114,0,0.05711688,0.151266747,1.221830442,0.114461943,1.226276218,0.0644227,1.044156418,0.003341433,0.495471534,-0.091535452,-5.751020488,-0.020430845,-3.830607849,-0.010193834,-2.916409724,-0.003701025,-1.622955106,8.88E-07,0.000722238
2024-08-02,-0.142857143,-1.240393004,0.128154709,0.591936158,0.117977333,0.597738299,0.119736412,0.803366155,0.113723028,0.976105422,-0.625,-1.865494299,-0.003986602,0.095537798,0.040515748,0.542499906,0.029951565,0.612482625,-0.009225396,0.220979974,0.031191971,1.959739765,-0.010106282,-1.894840986,-0.006055253,-1.732380585,-0.001956375,-0.857899871,0.000624709,0.508200691
2024-08-05,-0.421052632,-2.80672566,0.018313241,-0.81062842,0.064074337,-0.306875009,0.09269696,0.204498763,0.103027515,0.602618005,0.25,0.826161352,0.046810718,0.464049322,0.061464174,0.736208819,0.040953986,0.750263326,-0.004040888,0.334222838,0.007793322,0.489641498,-0.006526361,-1.223636603,-0.004670396,-1.336179108,-0.00146889,-0.644130413,0.000768082,0.624833912
2024-08-06,0.1,0.126973073,0.034650593,-0.602016943,0.067666903,-0.246583681,0.093062112,0.212586117,0.102966965,0.600503588,0,0.05711688,0.037448574,0.396131215,0.055317756,0.679373242,0.038906287,0.724620476,-0.00396007,0.335988104,0.030014618,1.885768611,0.000781835,0.146587286,-0.001201895,-0.343856576,0.000105285,0.046169228,0.001353012,1.100674611
2024-08-07,-0.421052632,-2.80672566,-0.056490052,-1.765790901,0.01879495,-1.066764791,0.067356375,-0.356742274,0.092486573,0.234528207,0,0.05711688,0.02995886,0.34179673,0.049785981,0.628221223,0.036960973,0.700259769,-0.003880869,0.337718064,-0.004739297,-0.297762149,-0.000322392,-0.060445653,-0.001555635,-0.445060052,-0.000136944,-0.060051887,0.001231166,1.001552832
2024-08-08,0,-0.436060018,-0.045192042,-1.621526723,0.016915455,-1.098306936,0.063988556,-0.431332425,0.090636842,0.169935568,0,0.05711688,0.023967088,0.298329142,0.044807383,0.582184406,0.035112924,0.677117097,-0.003803251,0.339413426,0.019896691,1.250076061,0.003721425,0.697735182,0.000589598,0.168681269,0.000864738,0.379200654,0.001604477,1.305240635
2024-08-09,0.090909091,0.075788246,-0.017971815,-1.27395193,0.024314818,-0.974129001,0.065334583,-0.401520744,0.090642287,0.170125707,0,0.05711688,0.01917367,0.263555072,0.040326644,0.540751271,0.033357278,0.655131559,-0.003727186,0.34107488,0.01360659,0.854879473,0.005698458,1.068411885,0.001891297,0.541091524,0.001501831,0.658575367,0.001844519,1.500514838
2024-08-12,0.125,0.267731345,0.010622548,-0.908830802,0.034383337,-0.80515666,0.068317854,-0.335447526,0.091329441,0.19412114,0.666666667,2.107902139,0.148672269,1.203008684,0.102960647,1.119924377,0.065022747,1.051670672,0.009680691,0.63393708,0.007123074,0.447530934,0.005983381,1.121832549,0.002414475,0.690770301,0.001782893,0.781825372,0.00195009,1.586396852
2024-08-13,0.25,0.971522708,0.058498038,-0.297509157,0.055945003,-0.443303487,0.077401961,-0.134253522,0.094502852,0.304936687,-0.5,-1.480972063,0.018937816,0.261844054,0.042664582,0.562370049,0.03677161,0.697888425,-0.000512923,0.41128258,0.018270821,1.147925357,0.008440869,1.582590419,0.004000109,1.144413186,0.002607289,1.143335628,0.002276505,1.851934897
2024-08-14,0.363636364,1.611333038,0.119525703,0.481752471,0.086714139,0.073071701,0.091713681,0.182721188,0.099885522,0.49289958,,,,,,1.004991395,0.06085232,0.999445403,0.009492206,0.629820097,-0.003027612,-0.190219827,0.006147173,1.152542096,0.003297337,0.943353264,0.002325544,1.019786175,0.002170422,1.765637
2024-08-15,0.333333333,1.44071695,0.162287229,1.027773957,0.111376058,0.486954082,0.103794664,0.45028972,0.104554478,0.655939574,1,3.133294768,0.215150252,1.685276304,0.138398124,1.447612741,0.084933029,1.301002381,0.019497335,0.848357614,0.008038597,0.505051708,0.006525458,1.223467246,0.003771463,1.078998558,0.002611197,1.145049166,0.002287786,1.861112113
2024-08-16,0.058823529,-0.104864082,0.141594489,0.763548573,0.106120806,0.398759139,0.101546107,0.400488885,0.103639859,0.624001071,0,0.05711688,0.172120202,1.373112801,0.124558311,1.319636772,0.080686378,1.247822579,0.019107389,0.839840184,0.000221542,0.013919141,0.005264675,0.987081256,0.003416471,0.97743693,0.002491714,1.092654191,0.002246461,1.827494362
2024-08-19,0.2,0.690006163,0.153275592,0.912704446,0.115508725,0.556309505,0.106468802,0.50951629,0.105567062,0.69129901,0,0.05711688,0.137696162,1.123381999,0.11210248,1.2044584,0.076652059,1.197301767,0.018725241,0.831493103,0.003321908,0.208709994,0.004876121,0.914230861,0.003407015,0.974731533,0.002533224,1.110856829,0.00226797,1.844991875
2024-08-20,0,-0.436060018,0.122620473,0.521269555,0.103957852,0.36245993,0.101145362,0.39161321,0.103455721,0.617570955,0,0.05711688,0.110156929,0.923597357,0.100892232,1.100797865,0.072819456,1.149306995,0.018350736,0.823312963,0.00560658,0.352252094,0.005022213,0.941621788,0.003626971,1.037660085,0.002686892,1.178242473,0.002334742,1.899311004
2024-08-21,-0.333333333,-2.312836985,0.031429712,-0.643144339,0.060228734,-0.371412863,0.079421427,-0.089526572,0.09471994,0.312517401,0,0.05711688,0.088125543,0.763769643,0.090803009,1.007503384,0.069178483,1.103711962,0.017983721,0.815296427,-0.009350709,-0.587489535,0.002147629,0.402661912,0.002329203,0.666374522,0.002085012,0.914309002,0.002101033,1.709188887
2024-08-22,0.25,0.971522708,0.07514377,-0.084959987,0.07920586,-0.05293407,0.087950356,0.099371384,0.097825541,0.420965022,0.5,1.595205824,0.170500435,1.361362124,0.131722708,1.385885547,0.090719559,1.373465711,0.027624047,1.025865702,0.004874545,0.306259564,0.002693012,0.504916583,0.002583737,0.739195592,0.002224488,0.975471623,0.002156503,1.754313881
2024-08-23,0.333333333,1.44071695,0.126781682,0.574403991,0.104618608,0.373548888,0.100219505,0.371107407,0.102535697,0.585443707,0.166666667,0.569813195,0.169733681,1.355799674,0.135217104,1.418198029,0.094516915,1.421019086,0.030404899,1.086606604,-0.003351582,-0.210574303,0.001484093,0.278254721,0.001990206,0.569388803,0.001945685,0.853212091,0.002046342,1.664697423
2024-08-26,0.375,1.675314071,0.176425346,1.208303421,0.131656747,0.827309572,0.113958529,0.67539811,0.107984983,0.775732825,0,0.05711688,0.135786945,1.109531497,0.121695394,1.293163532,0.089791069,1.361838448,0.029796801,1.073324195,0.008495591,0.533763912,0.002886393,0.541173854,0.002640744,0.755504949,0.00227318,0.996823735,0.002175327,1.76962662
2024-08-27,0.071428571,-0.033893524,0.155425991,0.940162874,0.125633929,0.726233171,0.111832031,0.628300623,0.107253855,0.750201821,0,0.05711688,0.108629556,0.912516956,0.109525854,1.180632484,0.085301515,1.305616843,0.029200865,1.060307434,0.009564858,0.600944137,0.004222086,0.791604807,0.003333156,0.953600703,0.002637764,1.156699265,0.002323117,1.889854179
2024-08-28,0.272727273,1.099484774,0.178886247,1.239726646,0.140343264,0.973088827,0.119876793,0.806475301,0.110563323,0.865768485,0,0.05711688,0.086903645,0.754905323,0.098573269,1.079354541,0.08103644,1.252206317,0.028616848,1.047551008,0.000391072,0.024570402,0.003455883,0.647948372,0.003038947,0.869429025,0.002525429,1.10743885,0.002284476,1.85841983
2024-08-29,0.3,1.253039253,0.203108998,1.549026699,0.156308937,1.241028678,0.128882954,1.005942942,0.114352057,0.998071095,0,0.05711688,0.069522916,0.628816016,0.088715942,0.988204392,0.076984618,1.201466318,0.028044511,1.03504971,-0.007124589,-0.447626131,0.001339789,0.25119884,0.002022594,0.578654844,0.002042928,0.895854912,0.002096295,1.70533447
2024-08-30,-0.2,-1.562126198,0.122487198,0.519567769,0.120678044,0.64306228,0.112438806,0.641739416,0.108065016,0.778527562,-0.125,-0.327405356,0.030618333,0.346580908,0.067344348,0.790582459,0.066885387,1.074996061,0.024983621,0.968192068,-0.030146528,-1.894056345,-0.004957475,-0.929483923,-0.001194319,-0.341689169,0.000433456,0.190076803,0.001451439,1.180744218
2024-09-03,0.2,0.690006163,0.137989759,0.717519803,0.128610239,0.776182332,0.116816866,0.738704294,0.109903715,0.842734971,0,0.05711688,0.024494666,0.302156484,0.060609913,0.728309518,0.063541117,1.033116575,0.024483948,0.957277949,-0.000135392,-0.008506452,-0.003993058,-0.748664104,-0.001088426,-0.311393755,0.000405013,0.177604392,0.001419702,1.154926508
2024-09-04,0.111111111,0.189532305,0.132614029,0.648877168,0.126860326,0.746814866,0.116531578,0.732385767,0.109927863,0.843578217,0,0.05711688,0.019595733,0.266616945,0.054548922,0.672263872,0.060364062,0.993331063,0.023994269,0.946582113,0.010467964,0.657684823,-0.001100854,-0.206400616,6.72E-05,0.01922934,0.000908161,0.398242182,0.001600667,1.3021416
2024-09-05,0.454545455,2.123181302,0.197000314,1.47102498,0.159628839,1.296744085,0.133432272,1.106700836,0.116820215,1.084259205,0.25,0.826161352,0.065676586,0.60091264,0.074094029,0.852996388,0.069845858,1.112069342,0.028514384,1.045312934,-0.013976359,-0.878111462,-0.003675955,-0.689209944,-0.001337144,-0.382550908,0.000163935,0.071887856,0.001289127,1.048703611
2024-09-06,0.222222222,0.815124627,0.202044696,1.535436637,0.165888178,1.401789836,0.137871769,1.205026434,0.118928255,1.157871985,0.3,0.979970247,0.112541269,0.940894661,0.096684627,1.061890372,0.081353566,1.25617761,0.033944096,1.163911687,-0.008604275,-0.540592313,-0.004661619,-0.874013475,-0.002063857,-0.590460227,-0.000274476,-0.120361751,0.001091259,0.887738116
2024-09-09,0.384615385,1.729451868,0.238558834,2.001685287,0.187760898,1.768863199,0.15020895,1.478269221,0.124241998,1.343427924,-0.625,-1.865494299,-0.034966985,-0.129210828,0.024516164,0.394552645,0.046035887,0.813902757,0.020765214,0.876051324,0.011602381,0.728958344,-0.001408819,-0.264141435,-0.000697233,-0.199475336,0.000319367,0.140047288,0.001301481,1.058753918
2024-09-10,0.1875,0.619627027,0.228347067,1.871291343,0.187734808,1.768425353,0.152073503,1.519565164,0.125507158,1.387607325,0,0.05711688,-0.027973588,-0.078476904,0.022064547,0.371882686,0.043734093,0.785077936,0.02034991,0.86698002,0.004696066,0.295046006,-0.000187842,-0.035218761,-0.000157904,-0.045175492,0.000538202,0.236009702,0.001369373,1.113983756
2024-09-11,0.142857143,0.368272969,0.211249082,1.652967351,0.183247042,1.693110554,0.151612685,1.509359008,0.125854158,1.399724557,-0.5,-1.480972063,-0.12237887,-0.763344417,-0.030141907,-0.110867473,0.016547388,0.444625325,0.009942912,0.639664661,0.00485402,0.30496999,0.00082053,0.153842379,0.000343289,0.098213358,0.000753993,0.330637254,0.001439066,1.170678905
2024-09-12,0.083333333,0.033134224,0.185665932,1.326296375,0.173255671,1.525432918,0.148198717,1.433746757,0.125003741,1.370028006,0,0.05711688,-0.097903096,-0.585783775,-0.027127717,-0.082995421,0.015720019,0.434264376,0.009744054,0.63532109,-0.031487677,-1.978318503,-0.005641111,-1.057659869,-0.002839808,-0.812456169,-0.000858091,-0.376285672,0.000780531,0.634961292
2024-09-13,-0.125,-1.13985138,0.123532746,0.532918355,0.143430104,1.024892936,0.134538781,1.131207708,0.120003666,1.195425348,0.166666667,0.569813195,-0.044989144,-0.201917045,-0.007748278,0.096205158,0.023267351,0.528777817,0.012882506,0.703872885,-0.003648281,-0.229215442,-0.005242545,-0.982932163,-0.002920655,-0.83558622,-0.0009976,-0.437462701,0.000691955,0.562904589
2024-09-16,0,-0.436060018,0.098826197,0.217440682,0.129087094,0.784185017,0.127811842,0.982220057,0.117603593,1.111614766,-0.25,-0.711927591,-0.085991315,-0.499369204,-0.03197345,-0.12780365,0.009603984,0.357674728,0.007624856,0.589032409,0.008343025,0.524178392,-0.002525431,-0.473496647,-0.001794287,-0.51333744,-0.000530569,-0.23266246,0.000844976,0.687387382
2024-09-17,0.090909091,0.075788246,0.097242776,0.197221994,0.125269293,0.720113757,0.125966705,0.941354114,0.117069703,1.092971321,-0.142857143,-0.382337104,-0.09736448,-0.581876363,-0.04306182,-0.230337179,0.001980927,0.262213014,0.004615216,0.523294203,0.034199064,2.148670456,0.004819468,0.903608812,0.001805048,0.516416052,0.001205913,0.528810934,0.001512058,1.230057898
2024-09-18,-0.0625,-0.787955699,0.06529422,-0.210728778,0.106492364,0.404994724,0.116543369,0.73264692,0.113478309,0.967559808,-0.166666667,-0.455579434,-0.111224918,-0.682427549,-0.055422304,-0.344633887,-0.006451452,0.156616336,0.001189578,0.448469547,0.022134268,1.390659341,0.008282428,1.552884064,0.00383797,1.098025842,0.002252331,0.987680907,0.001924502,1.565580952
2024-09-19,0.090909091,0.075788246,0.070417195,-0.145313574,0.104934037,0.378842492,0.115261655,0.704259633,0.113026924,0.951797463,0,0.05711688,-0.088979934,-0.521050282,-0.049880074,-0.293385193,-0.00612888,0.160655836,0.001165787,0.447949879,-0.011436294,-0.718523397,0.004338684,0.813465869,0.002310544,0.661036053,0.001567899,0.687547485,0.001657286,1.348200995
2024-09-20,0.25,0.971522708,0.106333756,0.313304625,0.119440633,0.62229575,0.121998573,0.853468279,0.115766386,1.047459483,-0.222222222,-0.626478206,-0.115628392,-0.714372757,-0.067114289,-0.452749011,-0.016933547,0.025351569,-0.003301974,0.350362612,0.005762319,0.362036969,0.004623411,0.866849771,0.002655721,0.759789799,0.00177762,0.779513309,0.001739387,1.414989826
2024-09-23,0.285714286,1.172605955,0.142209862,0.771406255,0.136067998,0.901340272,0.130184358,1.034766335,0.119165344,1.166151127,-0.75,-2.250016535,-0.242502713,-1.634788425,-0.13540286,-1.084209599,-0.05358687,-0.433649238,-0.018235934,0.02416686,-0.016269408,-1.022179889,0.000444847,0.08340499,0.000763208,0.218350428,0.000875269,0.383818612,0.001379211,1.12198701
2024-09-24,0.166666667,0.502328466,0.147101223,0.833863993,0.139127865,0.952691708,0.132008474,1.075166681,0.12011537,1.199326059,0,0.05711688,-0.194002171,-1.282938982,-0.121862574,-0.959003334,-0.050907526,-0.40009646,-0.017871215,0.032133246,0.010536624,0.661998627,0.002463203,0.461829298,0.00174055,0.49796344,0.001358337,0.595651117,0.001562359,1.270977991
2024-09-25,0,-0.436060018,0.117680978,0.458197193,0.125215079,0.719203913,0.12540805,0.928981082,0.117713063,1.115437463,-0.25,-0.711927591,-0.205201737,-1.364186753,-0.134676316,-1.077491293,-0.06086215,-0.524755835,-0.022513791,-0.069272437,0.005103394,0.320637774,0.002991241,0.56083194,0.002076834,0.594172888,0.00154559,0.677764322,0.00163318,1.328590575
2024-09-26,0.75,3.786688159,0.244144782,2.073012212,0.187693571,1.767733292,0.156637648,1.620651441,0.130358802,1.557026774,0.5,1.595205824,-0.064161389,-0.341002993,-0.071208685,-0.490609663,-0.032819042,-0.173578696,-0.012063515,0.158988216,0.006915868,0.434512487,0.003776166,0.707998702,0.002560738,0.732615442,0.001814103,0.795511718,0.001738834,1.414539826
2024-09-27,0.142857143,0.368272969,0.223887255,1.814344046,0.183209928,1.692487699,0.155948622,1.605390971,0.130608769,1.565755617,0.125,0.441639116,-0.026329111,-0.066546974,-0.051587816,-0.309176592,-0.02492809,-0.074762187,-0.009322245,0.218864544,-0.002260443,-0.142019856,0.002568844,0.48163625,0.00207862,0.594683658,0.001610376,0.706174224,0.001658848,1.349471662
2024-09-30,0,-0.436060018,0.179109804,1.242581235,0.164888935,1.385020304,0.148151191,1.432694158,0.127996593,1.47453843,0.25,0.826161352,0.028936711,0.334381505,-0.021429035,-0.03030003,-0.011181686,0.097380754,-0.0041358,0.332149717,-0.015815634,-0.993670032,-0.001108051,-0.207750088,0.000289194,0.082737166,0.000739076,0.324095815,0.001309358,1.065162103
2024-10-01,-0.1875,-1.491747062,0.105787843,0.306333872,0.129650042,0.79363255,0.131368632,1.060995515,0.121686661,1.254195552,-0.5,-1.480972063,-0.076850631,-0.43305769,-0.069286131,-0.472831917,-0.035622601,-0.208686997,-0.014053084,0.115530963,-0.003320251,-0.208605846,-0.001550491,-0.290703767,-7.18E-05,-0.020527423,0.000536109,0.235092022,0.001216766,0.98983843
2024-10-02,0.090909091,0.075788246,0.102812093,0.268336546,0.125775947,0.728616537,0.129345655,1.016190799,0.12107111,1.232700492,0,0.05711688,-0.061480505,-0.321554394,-0.062357518,-0.40876342,-0.033841471,-0.186382331,-0.013772022,0.121670067,0.012259058,0.770216245,0.001211419,0.227130575,0.001161331,0.332251408,0.001122257,0.492126502,0.001437612,1.169496345
2024-10-03,0.5,2.379105434,0.182249674,1.282674207,0.163198352,1.356648522,0.147878372,1.426651779,0.128649688,1.497344497,1,3.133294768,0.150815596,1.218557546,0.043878234,0.573592619,0.017850602,0.460945164,0.006503418,0.564537351,-0.014918827,-0.93732513,-0.00201463,-0.377725902,-0.000446685,-0.127794614,0.000320203,0.140413651,0.001110483,0.90337733
2024-10-04,0.111111111,0.189532305,0.168021961,1.101000692,0.157989628,1.269234437,0.146040009,1.385935878,0.128298916,1.485095552,-0.333333333,-0.968275749,0.05398581,0.51610136,0.006157077,0.224787198,0.000291405,0.241055535,-0.000293317,0.416079339,-0.000890841,-0.055970088,-0.001789873,-0.335585744,-0.000491101,-0.140501722,0.00025965,0.113860599,0.001070457,0.870815807
2024-10-07,0,-0.436060018,0.134417569,0.671906552,0.142190665,1.004092368,0.138738008,1.224211819,0.125732938,1.395491566,-1,-3.019061007,-0.156811352,-1.013136457,-0.094458631,-0.705600608,-0.049723165,-0.385264986,-0.020287451,-0.020643488,0.004146239,0.260501302,-0.00060265,-0.112991767,-2.74E-05,-0.007829535,0.00045398,0.19907698,0.001131972,0.920858734
2024-10-08,-0.1,-0.999093108,0.087534055,0.073251445,0.117971599,0.597642054,0.126801108,0.959834406,0.121218279,1.237839641,0,0.05711688,-0.125449082,-0.785617407,-0.085012768,-0.618255242,-0.047237007,-0.35413142,-0.019881702,-0.011780896,0.011321777,0.711328425,0.001782235,0.334153743,0.001107547,0.316864317,0.00099737,0.437361616,0.001335769,1.086646692
2024-10-09,0.230769231,0.863247114,0.11618109,0.439045142,0.129251362,0.786941807,0.131999514,1.074968244,0.123409298,1.314350046,0,0.05711688,-0.100359265,-0.603602168,-0.076511491,-0.539644413,-0.044875156,-0.324554533,-0.019484068,-0.003095555,0.006673095,0.419259475,0.002760407,0.517552581,0.001664102,0.476092109,0.001281156,0.561806172,0.001442515,1.173484911
2024-10-10,0.125,0.267731345,0.117944872,0.461566855,0.128826226,0.779807067,0.131649538,1.067217013,0.123441112,1.315460992,-0.4,-1.173354275,-0.160287412,-1.038353698,-0.108860342,-0.838772423,-0.062631398,-0.546911714,-0.027094386,-0.169324307,-0.002616706,-0.16440328,0.001684984,0.315920097,0.001236021,0.353620131,0.001086263,0.476342617,0.001361331,1.10744145
2024-10-11,-0.1,-0.999093108,0.074355898,-0.095020312,0.105943603,0.395785283,0.120067061,0.81068934,0.11897229,1.159409679,0,0.05711688,-0.12822993,-0.8057912,-0.097974308,-0.738109875,-0.059499828,-0.507695811,-0.026552499,-0.157488098,0.02146919,1.348873564,0.005641826,1.057793792,0.003259338,0.932481918,0.002105409,0.923253659,0.001763488,1.434596016
2024-10-14,0.4375,2.027209752,0.146984718,0.83237635,0.139099243,0.952211361,0.135938708,1.162213171,0.125342844,1.381869489,1,3.133294768,0.097416056,0.831168101,0.011823123,0.277180809,-0.006524837,0.155697357,-0.006021449,0.290962349,-0.008604055,-0.540578484,0.002792649,0.523597768,0.002072999,0.593075614,0.001569936,0.688440587,0.001556137,1.265916253
2024-10-15,0.230769231,0.863247114,0.163741621,1.046345066,0.148266242,1.106054183,0.140680235,1.267228071,0.127451372,1.455499297,0.4,1.287588035,0.157932845,1.27018996,0.050640811,0.63612579,0.013801405,0.41023803,0.00209898,0.46833321,0.007901513,0.496438935,0.003814422,0.715171362,0.00265585,0.759826756,0.001886515,0.827265183,0.001683044,1.369155422
2024-10-16,0,-0.436060018,0.130993297,0.628182051,0.133439617,0.85723014,0.133646223,1.111439402,0.124902344,1.366487235,0,0.05711688,0.126346276,1.041043726,0.04557673,0.589298517,0.013111335,0.401596446,0.002057001,0.467416268,0.01178078,0.740166825,0.005407694,1.013896071,0.003568343,1.020886849,0.002381228,1.044204397,0.001884999,1.533445419
2024-10-17,0.076923077,-0.00295764,0.120179253,0.490097635,0.127787963,0.762382695,0.130810066,1.048624442,0.123942759,1.332978506,0,0.05711688,0.101077021,0.857726738,0.041019057,0.54715397,0.012455768,0.39338694,0.002015861,0.466517666,-0.007324839,-0.460207491,0.002861187,0.536447978,0.002479025,0.70923783,0.001895925,0.831391555,0.001700802,1.383601487
2024-10-18,0.117647059,0.226331853,0.119672814,0.483630924,0.126773873,0.745363981,0.130151915,1.034047787,0.123816845,1.328581588,0.25,0.826161352,0.130861617,1.073800474,0.061917151,0.740397476,0.024332979,0.542122425,0.006975544,0.574849776,-0.002388573,-0.150070104,0.001811235,0.339590984,0.001992265,0.569978043,0.0016817,0.737450704,0.001619015,1.317067404
2024-10-21,0.1,0.126973073,0.115738251,0.433390532,0.124096486,0.700431411,0.128644319,1.000657689,0.123340508,1.311947899,-0.5,-1.480972063,0.004689293,0.158477486,0.005725436,0.220795838,-0.00188367,0.21381759,-0.003163967,0.353377021,0.000812359,0.05103914,0.00161146,0.302134837,0.001874275,0.536221449,0.001638233,0.718389743,0.001602882,1.303943117
2024-10-22,-0.375,-2.547434106,0.017590601,-0.819855805,0.074186837,-0.137164553,0.103462103,0.4429242,0.113373698,0.963906799,-0.333333333,-0.968275749,-0.062915232,-0.331962687,-0.028180441,-0.092729904,-0.018456153,0.00628434,-0.009767355,0.209142216,-0.017515362,-1.100461152,-0.002213905,-0.415088114,-6.47E-05,-0.018507285,0.000680553,0.298432729,0.001220517,0.992889572
2024-10-23,-0.136363636,-1.203832413,-0.013200247,-1.21302382,0.05313179,-0.490515521,0.091470816,0.177342238,0.108378951,0.7894902,0.5,1.595205824,0.049667814,0.484776259,0.024637603,0.395675587,0.007466655,0.33090947,0.000427992,0.431834575,-0.0010436,-0.065567646,-0.001979844,-0.371203692,-0.00016258,-0.046513475,0.000594345,0.260629379,0.001175235,0.956052426
2024-10-24,0.25,0.971522708,0.039439803,-0.540863571,0.072818611,-0.160126462,0.099397276,0.352896754,0.111211372,0.888398365,0,0.05711688,0.039734252,0.412712765,0.022173843,0.372893334,0.007093322,0.326234313,0.000419433,0.431647607,0.015582867,0.979045682,0.001532698,0.28736778,0.001411964,0.403956647,0.001343771,0.589264021,0.001463387,1.190464392
2024-10-25,0.137931034,0.340537348,0.059138049,-0.289336866,0.079329853,-0.050853196,0.101323964,0.395568868,0.111745766,0.907059382,-0.142857143,-0.382337104,0.003215973,0.147789213,0.005670744,0.220290107,-0.000404201,0.23234462,-0.002446099,0.369057097,-0.000942925,-0.05924244,0.001037574,0.194536141,0.001176475,0.336584312,0.001229437,0.539126469,0.001415261,1.151313722
2024-10-28,0.142857143,0.368272969,0.075881868,-0.075535217,0.085682582,0.05575986,0.103400623,0.441562527,0.112367993,0.928787574,-0.166666667,-0.455579434,-0.030760555,-0.098695089,-0.011562997,0.060930669,-0.008717324,0.128241362,-0.00573051,0.297317183,-0.002102178,-0.132076382,0.000409623,0.076800835,0.00084861,0.242783508,0.001062856,0.466078298,0.001344912,1.094085036
2024-10-29,0.25,0.971522708,0.110705494,0.369127312,0.102114324,0.331521381,0.110730591,0.603906028,0.115120633,1.024909792,0.333333333,1.082509509,0.042058222,0.429572121,0.022926636,0.379854372,0.008385209,0.342412298,0.001050767,0.44543755,-0.01405782,-0.883229471,-0.002483865,-0.465703401,-0.000642033,-0.183682696,0.000306822,0.134546091,0.001036858,0.843482823
2024-10-30,0.2,0.690006163,0.128564395,0.597167437,0.111902891,0.495795524,0.115194062,0.702762576,0.116818221,1.084189557,0.6,1.902823613,0.153646578,1.239095036,0.080633973,0.913470875,0.037965948,0.712844836,0.013029751,0.707089099,-0.036496062,-2.292986976,-0.009286305,-1.741102295,-0.004227436,-1.209450224,-0.001533322,-0.672384879,0.000286199,0.232822794
2024-10-31,0.230769231,0.863247114,0.149005362,0.858177935,0.123789525,0.69527993,0.12097282,0.830750006,0.119097241,1.163772963,0.8,2.51805919,0.282917262,2.176895229,0.152570575,1.578664606,0.076067651,1.18998336,0.028769156,1.05087781,9.06E-05,0.005689833,-0.007410931,-1.389485933,-0.003795636,-1.085914276,-0.001452128,-0.636780004,0.000282286,0.229639773
2024-11-01,0.136363636,0.331712378,0.146477017,0.825893521,0.125046937,0.716382111,0.121742361,0.847793728,0.119442569,1.175831817,-0.1,-0.250500908,0.20633381,1.621317011,0.127313518,1.345114012,0.067264268,1.079740703,0.026193773,0.99462488,0.00366533,0.230286604,-0.005195679,-0.97414517,-0.003049539,-0.872459415,-0.001196255,-0.524575879,0.000349947,0.284681843
2024-11-04,0.222222222,0.815124627,0.161626058,1.01933147,0.134764465,0.879464059,0.126766354,0.959064681,0.121498162,1.247613146,0.1,0.364734669,0.185067048,1.467036297,0.124582166,1.319857355,0.068901055,1.10023779,0.027669898,1.026867202,0.003651923,0.229444286,-0.003426159,-0.642375286,-0.002379393,-0.680733598,-0.000953846,-0.418275911,0.000415987,0.338404945
2024-11-05,-0.1875,-1.491747062,0.091800847,0.12773406,0.102538019,0.338631929,0.111053036,0.611047512,0.115318199,1.031808774,-0.285714286,-0.821791087,0.090910781,0.783975281,0.083552521,0.940458527,0.051170288,0.878199629,0.021402214,0.889965019,0.009074189,0.570116228,-0.000926089,-0.173633743,-0.001234035,-0.353051803,-0.000452444,-0.198403683,0.000589151,0.479273762
2024-11-06,0,-0.436060018,0.073440677,-0.106706754,0.092284217,0.166550112,0.105500385,0.488067871,0.113011835,0.951270523,0.25,0.826161352,0.122728625,1.014799308,0.100197269,1.094371578,0.061111773,1.002694479,0.02597417,0.989828182,0.012420071,0.780332458,0.001743143,0.326824325,0.000131376,0.03758599,0.000191181,0.083835925,0.000825769,0.671762658
2024-11-07,0.142857143,0.368272969,0.08732397,0.070568873,0.097341509,0.251422837,0.107368223,0.52943658,0.113608741,0.972114492,0.25,0.826161352,0.1481829,1.19945853,0.115177542,1.232893323,0.070556185,1.120964587,0.030454686,1.087694082,-0.009552276,-0.600153638,-0.000515941,-0.096734465,-0.000836989,-0.239458896,-0.000295991,-0.129796721,0.000618208,0.502912021
2024-11-08,0.125,0.267731345,0.094859176,0.16678584,0.100107358,0.297839994,0.108249811,0.548961932,0.113836566,0.98007015,0,0.05711688,0.11854632,0.984458582,0.103659788,1.126389296,0.067028375,1.076786675,0.029845593,1.074389923,-0.001999986,-0.125655828,-0.00081275,-0.152383625,-0.000953289,-0.272731713,-0.000381191,-0.167158095,0.000565844,0.460314031
2024-11-11,0,-0.436060018,0.075887341,-0.075465329,0.090096623,0.12983737,0.102837321,0.42908657,0.111559835,0.900566671,0,0.05711688,0.094837056,0.812458624,0.093293809,1.030535672,0.063676957,1.034817658,0.029248681,1.061351847,-0.002404844,-0.151092339,-0.001131169,-0.212084406,-0.001098445,-0.314260031,-0.000482374,-0.211528202,0.000506431,0.411980979
2024-11-12,0.2,0.690006163,0.100709873,0.241493324,0.10108696,0.314279914,0.107695455,0.536684091,0.113328638,0.962333299,-0.333333333,-0.968275749,0.009202978,0.191222223,0.050631095,0.636035946,0.043826442,0.786234404,0.02199704,0.902957545,0.004508779,0.283279116,-3.18E-06,-0.000596053,-0.000537722,-0.153839895,-0.000232816,-0.102093408,0.000586478,0.47709913
2024-11-13,0.333333333,1.44071695,0.147234565,0.835566639,0.124311598,0.704041473,0.118977349,0.786554478,0.117728732,1.115984618,0.4,1.287588035,0.087362382,0.758233257,0.085567985,0.959095413,0.06163512,1.009248225,0.0295571,1.068088502,0.00613269,0.385306747,0.001223995,0.229488498,0.000129319,0.036997584,8.55E-05,0.037475119,0.000697402,0.567335925
2024-11-14,0.153846154,0.430144737,0.148556883,0.852451302,0.127265053,0.75360709,0.120720789,0.825168039,0.11845108,1.141209032,-0.1,-0.250500908,0.049889906,0.486387433,0.067011187,0.787501738,0.053553364,0.908042325,0.026965958,1.011491358,-0.005079454,-0.319133639,-3.67E-05,-0.00687998,-0.000391558,-0.112023042,-0.000172787,-0.075769487,0.000581865,0.473346573
2024-11-15,0,-0.436060018,0.118845506,0.47306704,0.114538548,0.540027756,0.11468475,0.691482372,0.116082059,1.058482776,0.153846154,0.530375017,0.070681156,0.63721852,0.075694683,0.867797545,0.058568004,0.970839457,0.029503562,1.066919094,0.007680317,0.482541561,0.001506707,0.282494696,0.000415629,0.11890965,0.000219869,0.096415725,0.000723834,0.588838281
2024-11-18,-0.181818182,-1.459756545,0.058712769,-0.294767269,0.084902875,0.042674624,0.099859603,0.363136339,0.110124054,0.850429195,0,0.05711688,0.056544924,0.534666574,0.068125215,0.797803096,0.055639603,0.934167801,0.02891349,1.054030435,0.004758125,0.298945085,0.002156991,0.404417258,0.000849879,0.243146481,0.000446781,0.195920413,0.00080452,0.654476134
2024-11-19,0.181818182,0.58763651,0.083333851,0.019619083,0.094594406,0.205320269,0.103957532,0.453896906,0.111557936,0.900500387,0.333333333,1.082509509,0.111902606,0.936261452,0.094646027,1.043039556,0.06952429,1.108042415,0.035001887,1.187016536,0.003595607,0.225906047,0.002444714,0.458362904,0.001124452,0.321700534,0.000604223,0.264960795,0.000860341,0.69988709
2024-11-20,-0.142857143,-1.240393004,0.038095652,-0.558027013,0.070849251,-0.193176744,0.091616798,0.180575428,0.106469635,0.722816849,0.166666667,0.569813195,0.122855418,1.015719136,0.101848091,1.109636637,0.074381409,1.168866954,0.037635183,1.244534422,-0.003582684,-0.225094105,0.001239235,0.232345822,0.000653738,0.187031506,0.000394877,0.173159702,0.000771481,0.62759913
2024-11-21,-0.071428571,-0.838226511,0.016190808,-0.837729751,0.056621469,-0.431950875,0.08346453,1.97E-05,0.102911671,0.59857271,-0.333333333,-0.968275749,0.031617668,0.353830633,0.058329948,0.707226815,0.053995672,0.913581236,0.030215812,1.082476468,0.014908393,0.936669577,0.003973066,0.744915762,0.002079204,0.594850724,0.001120553,0.49137947,0.001054219,0.857606474
2024-11-22,0.142857143,0.368272969,0.041524075,-0.514249524,0.065245036,-0.287228051,0.08643416,0.065790825,0.10371058,0.626470635,-0.2,-0.558118697,-0.014705866,0.017774404,0.032496954,0.46835056,0.041295888,0.754544879,0.025611496,0.981906469,0.008079104,0.507596694,0.004794274,0.898885121,0.002679194,0.766505158,0.001468481,0.643950942,0.001194717,0.971901244
2024-11-25,0,-0.436060018,0.03321926,-0.620293621,0.058720532,-0.396723871,0.082112452,-0.029925982,0.101636369,0.554039147,-0.5,-1.480972063,-0.111764692,-0.686343371,-0.020752742,-0.024046386,0.014231094,0.415618921,0.015099266,0.752292581,0.004885823,0.306968175,0.004812584,0.902318076,0.002899857,0.829635838,0.001639348,0.718878757,0.001268539,1.031955492
2024-11-26,0.111111111,0.189532305,0.04879763,-0.421373571,0.06395959,-0.308800717,0.083562385,0.002187005,0.101825863,0.560656309,0,0.05711688,-0.089411754,-0.524182938,-0.018677468,-0.004856443,0.013519539,0.406708292,0.014797281,0.745696452,0.001450047,0.091104015,0.004140076,0.776228712,0.002754876,0.788157428,0.001629883,0.714728181,0.001272169,1.034908617
2024-11-27,0.133333333,0.314650769,0.065704771,-0.205486466,0.070896965,-0.192375999,0.086050933,0.057303132,0.102456013,0.582661132,0,0.05711688,-0.071529403,-0.394454593,-0.016809721,0.012414507,0.012843562,0.398243194,0.014501335,0.739232245,0.010476563,0.65822504,0.005407374,1.013836059,0.003527044,1.009071398,0.002072217,0.908698306,0.001456257,1.184663961
2024-11-29,0.333333333,1.44071695,0.119230483,0.477982808,0.097140601,0.248051151,0.098415053,0.331142568,0.107073559,0.743905894,-0.142857143,-0.382337104,-0.085794951,-0.497944674,-0.029414463,-0.104140837,0.005058527,0.300753056,0.011354166,0.670490043,0.010705091,0.672583117,0.006466917,1.212491368,0.004244849,1.214432072,0.002503861,1.097980588,0.001641234,1.335142355
2024-12-02,0.3,1.253039253,0.155384387,0.939631628,0.117426541,0.58849477,0.1084943,0.554376845,0.110932088,0.878645755,-0.125,-0.327405356,-0.093635961,-0.554827644,-0.038973017,-0.192528247,-0.0014444,0.219318462,0.008627082,0.610923594,0.012760086,0.801695027,0.007725551,1.448474387,0.005096373,1.458049149,0.003016672,1.322856065,0.001863611,1.516045916
2024-12-03,0.153846154,0.430144737,0.15507674,0.935703293,0.121068503,0.649615057,0.110761893,0.604599287,0.111790369,0.908616947,0.2,0.672352458,-0.034908769,-0.128788497,-0.015075715,0.028448761,0.00862782,0.345450468,0.012454541,0.694525037,0.004611573,0.289737504,0.007102755,1.331705586,0.005047893,1.444179262,0.003096417,1.357825486,0.00191857,1.560755228
2024-12-04,0.166666667,0.502328466,0.157394725,0.965301623,0.125628319,0.726139014,0.113557131,0.666507986,0.112887895,0.946942563,-0.166666667,-0.455579434,-0.061260348,-0.319957257,-0.03023481,-0.111726542,-0.000136904,0.235691918,0.008872117,0.616275765,-0.004426443,-0.27810607,0.004796916,0.899380463,0.004100459,1.173122804,0.002720274,1.19288111,0.00179167,1.457521961
2024-12-05,0.166666667,0.502328466,0.159249114,0.988980288,0.129732154,0.795010576,0.116212608,0.72532125,0.113963471,0.984501666,0,0.05711688,-0.049008279,-0.231074047,-0.027211329,-0.083768582,-0.000130059,0.235777639,0.008694674,0.612399972,-0.004446072,-0.279339323,0.002948318,0.552784314,0.003245806,0.928610418,0.002361957,1.035753575,0.001666915,1.356033998
2024-12-06,0.294117647,1.21991966,0.18622282,1.333407272,0.146170703,1.070886342,0.12510786,0.922332503,0.117566554,1.110321375,-0.142857143,-0.382337104,-0.067778051,-0.367240237,-0.038775911,-0.190705618,-0.007266413,0.146410779,0.005663638,0.546194415,0.020923742,1.314604005,0.006543403,1.226831823,0.0050136,1.434368171,0.003290046,1.442734722,0.002052051,1.669342291
2024-12-09,0.285714286,1.172605955,0.206121113,1.587488372,0.160125061,1.305071805,0.133138181,1.100187347,0.120929509,1.227755781,0.25,0.826161352,-0.004222441,0.093826894,-0.00989832,0.076323847,0.005596908,0.307495072,0.010550365,0.65293299,0.004333935,0.272293965,0.006101509,1.143980584,0.004945633,1.414923282,0.00334224,1.465622786,0.002097689,1.706468508
2024-12-10,0.333333333,1.44071695,0.231563557,1.912362677,0.177445889,1.595754176,0.143147939,1.321882571,0.125177585,1.376098651,0.166666667,0.569813195,0.02995538,0.34177149,0.007758179,0.2395925,0.013650396,0.408346979,0.013672691,0.721132547,-0.004315192,-0.271116348,0.004018169,0.753372187,0.004019551,1.149975266,0.002959369,1.29772781,0.001969431,1.60213103
2024-12-11,0.357142857,1.574772448,0.256679417,2.233066835,0.195415585,1.897326036,0.153847685,1.558859596,0.129816891,1.538103238,0,0.05711688,0.023964304,0.29830895,0.006982361,0.232418555,0.012967876,0.399799946,0.013399237,0.715159618,0.003766845,0.236664597,0.003967904,0.743947949,0.00399428,1.142745459,0.002999743,1.315432328,0.00200538,1.631374915
2024-12-12,0.454545455,2.123181302,0.296252625,2.738376714,0.221328572,2.332204138,0.168882573,1.891850974,0.136311462,1.764893725,0,0.05711688,0.019171443,0.263538918,0.006284125,0.225962005,0.012319482,0.391680266,0.013131253,0.709306149,0.000686002,0.043100376,0.003311524,0.62088226,0.003663452,1.048097124,0.002884056,1.264701826,0.001978992,1.609908661
2024-12-13,0.333333333,1.44071695,0.303668766,2.833073352,0.232529048,2.520173275,0.177105111,2.073963018,0.140251899,1.902493836,0.090909091,0.336769416,0.033518973,0.367623738,0.014746622,0.304214236,0.016248962,0.440888211,0.014686809,0.743283472,0.008427721,0.529499742,0.004334763,0.81273087,0.004139879,1.184400702,0.003161239,1.386250878,0.002107967,1.714829387
2024-12-16,0.2,0.690006163,0.282935013,2.568324269,0.229276144,2.465582228,0.178249856,2.099316716,0.141446861,1.94422192,0,0.05711688,0.026815178,0.318990748,0.01327196,0.290578118,0.015436514,0.430714117,0.014393073,0.736867525,0.008317356,0.522565648,0.005131282,0.962071234,0.004557627,1.30391641,0.003419045,1.499302626,0.002232155,1.815856049
2024-12-17,0,-0.436060018,0.226348011,1.845765414,0.206348529,2.080805381,0.169337363,1.901923615,0.138617924,1.845435406,0,0.05711688,0.021452143,0.280084357,0.011944764,0.278305611,0.014664689,0.421048728,0.014105212,0.730579897,-0.01848033,-1.161088447,0.000408959,0.076676388,0.002253831,0.644810902,0.002324076,1.019142332,0.001817905,1.478864241
2024-12-18,-0.2,-1.562126198,0.141078408,0.75695874,0.165713676,1.398861312,0.150870495,1.492921055,0.131845566,1.608944587,-0.222222222,-0.626478206,-0.02728273,-0.073465046,-0.011471935,0.061772713,0.002820343,0.272724817,0.009378663,0.62734003,0.002181809,0.137079408,0.000763529,0.143155179,0.002246629,0.642750365,0.002316963,1.016023012,0.001825183,1.484784948
2024-12-19,0,-0.436060018,0.112862727,0.396672991,0.149142309,1.120756556,0.14332697,1.325847737,0.129208654,1.51686362,-0.142857143,-0.382337104,-0.050397613,-0.241153037,-0.024610456,-0.059718452,-0.004463531,0.181510598,0.006333947,0.560835672,0.027132774,1.704707167,0.006037378,1.131956534,0.004735243,1.354731712,0.003557753,1.560128391,0.002331335,1.896539076
2024-12-20,0.25,0.971522708,0.140290181,0.746893877,0.159228078,1.290018408,0.148660622,1.443976978,0.131624481,1.601224318,-0.090909091,-0.222535655,-0.058499908,-0.299931517,-0.031240319,-0.121024428,-0.008785809,0.127383743,0.004389086,0.518354957,0.002826076,0.177557692,0.005395118,1.011538236,0.004544327,1.300111308,0.003521169,1.544085828,0.00234123,1.904588516
2024-12-23,0.153846154,0.430144737,0.143001376,0.781513092,0.158689885,1.280986331,0.148919898,1.449719413,0.132068915,1.616743938,-0.333333333,-0.968275749,-0.113466593,-0.69868989,-0.061449621,-0.400368144,-0.025013185,-0.075827814,-0.002365362,0.370820593,0.010567858,0.663960952,0.006429666,1.205507082,0.00514668,1.472441798,0.003873504,1.698589781,0.002505762,2.038435629
2024-12-24,0.090909091,0.075788246,0.132582919,0.648479922,0.151911806,1.167234939,0.146019358,1.385478502,0.131245718,1.58799791,0.4,1.287588035,-0.010773275,0.046303567,-0.015304659,0.026331732,-0.003762526,0.190289118,0.005681945,0.546594289,-0.001394317,-0.087602627,0.004864869,0.912121173,0.00449258,1.285306839,0.003610113,1.583088839,0.002427761,1.974981399
2024-12-26,0.083333333,0.033134224,0.122733002,0.522706431,0.145053959,1.052144864,0.142885057,1.316060276,0.130287471,1.554535891,-0.428571429,-1.261245071,-0.094332905,-0.559883661,-0.056631336,-0.355813732,-0.025002971,-0.075699905,-0.003003122,0.356890284,-0.021719703,-1.364612893,-0.000452045,-0.084754591,0.001871352,0.535385285,0.002343622,1.027713533,0.001944811,1.58210253
2024-12-27,0,-0.436060018,0.098186401,0.209271143,0.130548563,0.808711753,0.135740804,1.157829997,0.127681721,1.463543098,0.333333333,1.082509509,-0.008799658,0.060621263,-0.017634869,0.00478441,-0.007086156,0.148668094,0.003723607,0.503819189,0.000832593,0.052310441,-0.000195118,-0.036582864,0.001767476,0.505666867,0.00226807,0.994583087,0.001922567,1.564006756
2024-12-30,0.142857143,0.368272969,0.10712055,0.323351191,0.131779421,0.829368314,0.136096621,1.165710599,0.12798523,1.474141616,0,0.05711688,-0.007039726,0.073388769,-0.015871382,0.021091275,-0.006731848,0.153105006,0.003649135,0.502192528,-0.013904325,-0.873585658,-0.002936959,-0.550654575,0.000200296,0.057303739,0.001459451,0.639991126,0.001606029,1.306503463
2024-12-31,0.083333333,0.033134224,0.102363106,0.262603447,0.126934812,0.748064902,0.133458456,1.107280769,0.127092192,1.442956723,-0.25,-0.711927591,-0.055631781,-0.279124553,-0.039284244,-0.195406146,-0.018895256,0.000785557,-0.001423848,0.391385659,-0.022375754,-1.405831453,-0.006824718,-1.279575953,-0.002057309,-0.58858681,0.00026769,0.117386305,0.001126393,0.916320222
2025-01-02,-0.071428571,-0.838226511,0.067604771,-0.181225383,0.107098474,0.415166606,0.123214105,0.880389781,0.123121776,1.304309786,0,0.05711688,-0.044505425,-0.198407884,-0.035355819,-0.159080226,-0.017950493,0.012616596,-0.001395371,0.392007668,0.003903672,0.245261216,-0.00467904,-0.877279782,-0.001461211,-0.418045848,0.00044949,0.197107936,0.001181939,0.961506498
2025-01-03,0.133333333,0.314650769,0.080750483,-0.013367915,0.10972196,0.459194591,0.123720066,0.89159577,0.123326008,1.31144154,0,0.05711688,-0.03560434,-0.133834549,-0.031820237,-0.126386898,-0.017052968,0.023856083,-0.001367464,0.392617238,-0.005443899,-0.342031135,-0.004832012,-0.905960678,-0.00185948,-0.531988747,0.00015482,0.067890951,0.001049422,0.853704214
2025-01-06,-0.166666667,-1.374448501,0.031267053,-0.645221324,0.082083097,-0.00464758,0.10920073,0.570022788,0.117526154,1.108910604,0.333333333,1.082509509,0.038183195,0.401460553,0.00469512,0.211268561,0.000466347,0.243246282,0.005326552,0.538831603,-0.004362535,-0.274090829,-0.004738116,-0.888356103,-0.002109785,-0.603600022,-7.10E-05,-0.031155464,0.000941183,0.765651752
2025-01-07,-0.142857143,-1.240393004,-0.003557786,-1.089899339,0.059589073,-0.382147808,0.096597836,0.290895016,0.112318488,0.927058862,0.2,0.672352458,0.070546556,0.636242061,0.024225608,0.391865889,0.010443029,0.368181897,0.009220021,0.623874886,-0.007895192,-0.496041782,-0.005369531,-1.006740995,-0.002688326,-0.769117875,-0.000462255,-0.202705718,0.000764456,0.621884069
2025-01-08,-0.083333333,-0.905254259,-0.019512895,-1.293629968,0.045296832,-0.622003696,0.087601278,0.091640036,0.108405452,0.790415595,-0.076923077,-0.179512188,0.041052629,0.422276999,0.014110739,0.298334267,0.006074724,0.313478653,0.007497159,0.586243191,-0.026998816,-1.696290825,-0.009695388,-1.817802002,-0.005119375,-1.464630001,-0.001789083,-0.784539837,0.00020919,0.170176052
2025-01-10,-0.090909091,-0.947908281,-0.033792134,-1.475961426,0.03167624,-0.850587817,0.078675759,-0.106041556,0.104419161,0.651214282,-0.133333333,-0.353040171,0.006175437,0.169258783,-0.000633668,0.16199356,-0.000895679,0.226189962,0.004680549,0.524721255,0.005224133,0.328223616,-0.006711484,-1.258345588,-0.004085024,-1.168706917,-0.001438422,-0.630769787,0.000309489,0.251769099
2025-01-13,-0.111111111,-1.06165234,-0.04925593,-1.673418469,0.017397505,-1.090217052,0.069186416,-0.316210695,0.100108555,0.500687902,-0.333333333,-0.968275749,-0.061726317,-0.32333765,-0.033903635,-0.145651955,-0.017517562,0.018038093,-0.002079728,0.377059564,-0.000468562,-0.029438968,-0.0054629,-1.024246737,-0.003723378,-1.065241569,-0.001389929,-0.609504871,0.000293928,0.239110221
2025-01-14,-0.2,-1.562126198,-0.079404744,-2.058388366,-0.004342246,-1.455058877,0.055727095,-0.61430654,0.094106384,0.291092033,-0.111111111,-0.284680663,-0.071603276,-0.394990507,-0.041624382,-0.217045275,-0.022197239,-0.04056439,-0.004260356,0.3294291,0.011549657,0.725645803,-0.002060388,-0.386305092,-0.002196074,-0.628286944,-0.00074295,-0.325794682,0.000519043,0.422240768
2025-01-15,0.3,1.253039253,-0.003523795,-1.089465311,0.026091979,-0.944304256,0.06794074,-0.343799807,0.098224257,0.434888171,-0.111111111,-0.284680663,-0.079504843,-0.452312792,-0.048573055,-0.281299264,-0.026642933,-0.09623675,-0.006397371,0.282751245,-0.022035028,-1.384424257,-0.006055316,-1.135319758,-0.00417997,-1.195870433,-0.001807554,-0.792639557,6.80E-05,0.055286374
2025-01-16,-0.214285714,-1.642559497,-0.045676179,-1.627708667,0.00205421,-1.347711997,0.053829417,-0.656336132,0.091974057,0.216631151,0.2,0.672352458,-0.023603874,-0.046776615,-0.02371575,-0.051445154,-0.015310786,0.045673017,-0.002269424,0.372916135,-0.034981906,-2.197855066,-0.011840634,-2.220017133,-0.007260163,-2.077099869,-0.003466271,-1.520012232,-0.000633036,-0.51497443
2025-01-17,-0.03030303,-0.606676105,-0.042601549,-1.588448751,-0.001181514,-1.40201471,0.049622795,-0.749504032,0.089528515,0.131232811,0,0.05711688,-0.0188831,-0.012529534,-0.021344175,-0.029515333,-0.014545247,0.055259683,-0.002224035,0.373907535,-0.018794696,-1.180839557,-0.013231447,-2.480782501,-0.008413617,-2.407097626,-0.004232693,-1.856099501,-0.000996269,-0.810464363
2025-01-21,-0.166666667,-1.374448501,-0.067414573,-1.905285994,-0.01773003,-1.679735952,0.038808322,-0.989022024,0.084404612,-0.04769395,-0.125,-0.327405356,-0.04010648,-0.166495532,-0.031709757,-0.125365293,-0.020067984,-0.013900243,-0.004679554,0.320272736,0.022521607,1.414995208,-0.006080836,-1.14010444,-0.005320094,-1.522054875,-0.002894978,-1.269491306,-0.000525912,-0.427828864
2025-01-22,0.166666667,0.502328466,-0.020598325,-1.307489805,0.00070964,-1.370276894,0.045201239,-0.84743226,0.086049853,0.009757884,-0.2,-0.558118697,-0.072085184,-0.398486528,-0.048538781,-0.280982337,-0.029064585,-0.126562526,-0.008585963,0.234946811,0.00017793,0.011179068,-0.004829083,-0.90541147,-0.004770292,-1.364758881,-0.002741332,-1.202115483,-0.000511835,-0.416377362
2025-01-23,0.2,0.690006163,0.02352134,-0.744126257,0.020638676,-1.035822924,0.052941177,-0.676008798,0.088328856,0.089340687,0,0.05711688,-0.057668147,-0.293897465,-0.043684903,-0.236098798,-0.027611356,-0.108364083,-0.008414244,0.238697598,-0.003381086,-0.212428025,-0.004539483,-0.851114091,-0.004631371,-1.325014334,-0.00277332,-1.21614257,-0.00056922,-0.463060034
2025-01-24,-0.045454545,-0.691984149,0.009726163,-0.920276732,0.014029354,-1.146742189,0.048021391,-0.784971785,0.085653188,-0.004093665,0.090909091,0.336769416,-0.027952699,-0.078325368,-0.030225504,-0.111640487,-0.021685334,-0.03415392,-0.006427777,0.282087092,0.030488398,1.915535427,0.002466093,0.462371235,-0.001119394,-0.320253646,-0.001110234,-0.486854335,5.19E-05,0.042246938
2025-01-27,0,-0.436060018,0.00778093,-0.945115387,0.012626419,-1.170286595,0.045620322,-0.838150461,0.083940124,-0.063913867,0,0.05711688,-0.02236216,-0.037768537,-0.027202953,-0.083691133,-0.020601067,-0.020575908,-0.006299222,0.284895073,0.014165006,0.889963786,0.004805875,0.901060346,0.000409046,0.117026113,-0.000346472,-0.151933193,0.000334194,0.271866426
2025-01-28,-0.222222222,-1.687244662,-0.0382197,-1.532496965,-0.010858446,-1.564415344,0.032228194,-1.134758108,0.077816877,-0.277737704,-0.2,-0.558118697,-0.057889728,-0.295504932,-0.044482658,-0.243475593,-0.029571014,-0.132904408,-0.010173237,0.200276702,0.019434465,1.221035209,0.007731593,1.449607324,0.002311588,0.661334759,0.000642575,0.281778774,0.000716199,0.582627558
2025-01-29,-0.125,-1.13985138,-0.05557576,-1.754116317,-0.022272601,-1.7559705,0.024366785,-1.308871914,0.07376054,-0.419385048,-0.0625,-0.135144238,-0.058811782,-0.302194019,-0.046284392,-0.260136128,-0.031217463,-0.1535225,-0.011219773,0.177417705,0.035697881,2.242838608,0.013324851,2.49829503,0.005650217,1.616501493,0.00239534,1.050392787,0.001415833,1.151778991
2025-01-30,0.40625,1.851261911,0.036789392,-0.57470664,0.020579659,-1.036813361,0.043460945,-0.885976133,0.080410329,-0.187174349,0.125,0.441639116,-0.022049426,-0.035499794,-0.029155953,-0.101750411,-0.02340659,-0.0557088,-0.008495377,0.236925444,-0.069582095,-4.37172751,-0.003256538,-0.610572911,-0.001873014,-0.535860875,-0.001203532,-0.527766734,-4.13E-06,-0.003356218
2025-01-31,0,-0.436060018,0.029431514,-0.668659313,0.018521693,-1.071350649,0.041287898,-0.934104591,0.078802122,-0.243332937,0,0.05711688,-0.017639541,-0.003508078,-0.026240358,-0.074790064,-0.02223626,-0.041053044,-0.00832547,0.240636658,-0.011913601,-0.74851175,-0.004987951,-0.935197872,-0.002877073,-0.823117506,-0.001739035,-0.762593071,-0.000242315,-0.197123196
2025-02-03,-0.133333333,-1.186770804,-0.003121456,-1.084327845,0.003336191,-1.32619748,0.032556837,-1.127479369,0.074559413,-0.391488377,0,0.05711688,-0.014111632,0.022085296,-0.023616322,-0.050525753,-0.021124447,-0.027130075,-0.00815896,0.244273647,0.005632574,0.353885292,-0.002863846,-0.536946445,-0.002026108,-0.579660356,-0.001370455,-0.600964981,-0.000124817,-0.101538833
2025-02-04,0.125,0.267731345,0.022502835,-0.757131534,0.015502571,-1.12201829,0.037178995,-1.02510822,0.075568225,-0.356260663,-0.222222222,-0.626478206,-0.05573375,-0.279864295,-0.043476912,-0.234175515,-0.031179336,-0.153045046,-0.012440225,0.150759905,0.012077164,0.758788153,0.000124356,0.023315725,-0.000615781,-0.176172134,-0.000698074,-0.306115811,0.000119222,0.096987215
2025-02-05,-0.222222222,-1.687244662,-0.026442176,-1.382109883,-0.008269908,-1.52097387,0.024208934,-1.312367979,0.069612416,-0.564237564,-0.285714286,-0.821791087,-0.101729857,-0.613545193,-0.067700649,-0.458171056,-0.043906083,-0.312419066,-0.017905707,0.031379869,0.005663918,0.355854555,0.001232269,0.231039761,1.22E-05,0.003487203,-0.000379974,-0.166624353,0.000230116,0.187199329
2025-02-06,0.083333333,0.033134224,-0.004487074,-1.101765413,0.000890416,-1.367243064,0.027165154,-1.24689388,0.069886834,-0.554654873,0.166666667,0.569813195,-0.048050553,-0.224126179,-0.044263918,-0.241452913,-0.033377446,-0.180571452,-0.014214259,0.112010488,-0.011941491,-0.750264068,-0.001402483,-0.262953581,-0.001183179,-0.338502171,-0.00095805,-0.420119331,-1.33E-05,-0.010832539
2025-02-07,0.230769231,0.863247114,0.042564187,-0.500968344,0.023878298,-0.981454799,0.037345358,-1.021423627,0.073104482,-0.442294579,0,0.05711688,-0.038440442,-0.154409186,-0.039837526,-0.200522316,-0.031708574,-0.159672563,-0.013929974,0.11822,-0.005967724,-0.374942175,-0.002315531,-0.434142245,-0.001661634,-0.475385827,-0.001208534,-0.529960206,-0.000132404,-0.107710663
2025-02-10,0.133333333,0.314650769,0.060718016,-0.269162284,0.034823801,-0.797764674,0.042144757,-0.915126968,0.074309059,-0.400230738,0,0.05711688,-0.030752354,-0.09863559,-0.035853773,-0.163684779,-0.030123145,-0.139818618,-0.013651375,0.124305323,0.013146363,0.825964167,0.000776847,0.145652218,-0.000180834,-0.051735752,-0.000490789,-0.215218275,0.000133171,0.108334678
2025-02-11,0.1,0.126973073,0.068574413,-0.168844034,0.041341421,-0.688384378,0.045037519,-0.851058328,0.074822878,-0.38228818,0.066666667,0.262195406,-0.01126855,0.042710572,-0.025601729,-0.068884703,-0.025283654,-0.079214833,-0.012045014,0.159392337,0.024697261,1.551687928,0.00556093,1.042626614,0.002306976,0.660015283,0.000768614,0.337048709,0.000624453,0.507992052
2025-02-12,0.166666667,0.502328466,0.088192864,0.081663762,0.053873946,-0.478060477,0.051118976,-0.716366748,0.076659754,-0.318144462,0.25,0.826161352,0.04098516,0.421787542,0.001958444,0.18596267,-0.011519472,0.093150741,-0.006804113,0.273866953,0.018319177,1.150963497,0.00811258,1.521038946,0.003908196,1.118117119,0.001646142,0.721858044,0.000978347,0.795884947
2025-02-13,0.25,0.971522708,0.120554291,0.494886494,0.073486551,-0.148916923,0.061063027,-0.496126783,0.080126559,-0.197083603,-0.166666667,-0.455579434,-0.000545205,0.120503574,-0.014904067,0.030035976,-0.019276831,-0.003992823,-0.010001365,0.204030843,0.0120207,0.755240634,0.008894204,1.667586746,0.004719446,1.350212193,0.00216487,0.949328054,0.001199195,0.975543857
2025-02-14,0.034482759,-0.241910676,0.103339984,0.275077192,0.069586172,-0.214374044,0.059734014,-0.525561655,0.079213683,-0.228961241,-0.133333333,-0.353040171,-0.027102831,-0.072159956,-0.026746994,-0.079474901,-0.024979657,-0.07540794,-0.012468004,0.150153154,0.00208892,0.131243366,0.007533147,1.4124003,0.004456394,1.274954025,0.002161072,0.947662793,0.001216989,0.990019675
2025-02-18,0,-0.436060018,0.082671988,0.011167752,0.062627555,-0.331155264,0.056747313,-0.591710837,0.077629409,-0.284284091,-0.083333333,-0.199231277,-0.038348931,-0.153745316,-0.032405628,-0.131799972,-0.02789734,-0.111945398,-0.01388531,0.119195566,0.00114444,0.071903287,0.006255406,1.172834786,0.004125198,1.180200542,0.002110241,0.925372371,0.001215538,0.988839308
2025-02-19,0.25,0.971522708,0.11613759,0.438489686,0.081364799,-0.016702231,0.066409947,-0.377703668,0.081076821,-0.16390044,0.111111111,0.398914423,-0.008456923,0.06310765,-0.018053954,0.000909152,-0.020946918,-0.024906916,-0.011385382,0.173800373,0.004123436,0.259068661,0.005829012,1.092889603,0.004125022,1.180150135,0.0022109,0.969513203,0.001273696,1.036150769
2025-02-20,0.153846154,0.430144737,0.123679303,0.534789739,0.088612935,0.104937756,0.070781758,-0.2808772,0.082532208,-0.113078324,0.071428571,0.276843872,0.007520176,0.179014257,-0.009105702,0.083653141,-0.016328143,0.032932894,-0.009729103,0.209977729,-0.004147202,-0.260561806,0.003833769,0.718798744,0.0032978,0.943485555,0.001892995,0.830107016,0.001165278,0.947952843
2025-02-21,0.206896552,0.728836031,0.140322753,0.747309778,0.100441296,0.303444223,0.077587498,-0.13014428,0.085019494,-0.026222244,0.225806452,0.751737694,0.051177431,0.495727845,0.014385514,0.300875092,-0.004221414,0.18454258,-0.005018392,0.312871662,0.012534224,0.787504472,0.00557386,1.045050838,0.004221442,1.207735465,0.002425057,1.06342397,0.001392657,1.132925417
2025-02-24,-0.166666667,-1.374448501,0.078924869,-0.03667917,0.0737305,-0.144822911,0.065374789,-0.40063026,0.079985771,-0.201999904,0,0.05711688,0.040941945,0.421474034,0.012946962,0.287572888,-0.004010343,0.187185767,-0.004918024,0.315063952,-0.01479838,-0.929757634,0.001499412,0.28112687,0.00231946,0.663586976,0.001563885,0.68578714,0.001068836,0.869497494
2025-02-25,0.090909091,0.075788246,0.081321713,-0.006073888,0.075448359,-0.115993379,0.066651504,-0.372353687,0.080204238,-0.194371056,-0.2,-0.558118697,-0.007246444,0.071889124,-0.008347734,0.090662026,-0.013809826,0.064469183,-0.008819664,0.229842203,-0.020136693,-1.26515498,-0.002827809,-0.530189866,7.38E-05,0.021126618,0.000478856,0.209985614,0.000644726,0.524483857
2025-02-26,0.090909091,0.075788246,0.083239189,0.018410338,0.076994432,-0.0900468,0.067864384,-0.345490943,0.080418335,-0.186894784,-0.272727273,-0.781840725,-0.06034261,-0.31329948,-0.034785688,-0.153808251,-0.026755698,-0.097648885,-0.014097816,0.11455391,-0.010275288,-0.645579283,-0.004317305,-0.809457526,-0.000961069,-0.274957378,-5.89E-05,-0.0258071,0.000426325,0.346815401
2025-02-27,-0.142857143,-1.240393004,0.038019922,-0.558994009,0.055009275,-0.459007105,0.057328307,-0.578843029,0.075952825,-0.342830418,0,0.05711688,-0.048274088,-0.225747826,-0.031307119,-0.121642121,-0.025417913,-0.080896124,-0.013815859,0.120712554,0.020426235,1.283346445,0.000631403,0.118382682,0.001177662,0.336923696,0.000965403,0.423343858,0.000826324,0.672213629
2025-02-28,-0.125,-1.13985138,0.005415938,-0.975313952,0.037008347,-0.761103086,0.048211892,-0.780752589,0.071933769,-0.483175907,0.2,0.672352458,0.00138073,0.134475358,-0.008176407,0.092246275,-0.014147018,0.060246611,-0.009539542,0.214118218,-0.016874092,-1.060171187,-0.002869696,-0.538043295,-0.000627514,-0.179528803,7.34E-05,0.032199479,0.000472315,0.384228136
2025-03-03,0,-0.436060018,0.00433275,-0.989145163,0.033307513,-0.823211402,0.045801297,-0.834142224,0.070495093,-0.533414464,0,0.05711688,0.001104584,0.132472044,-0.007358766,0.099806953,-0.013439667,0.069104597,-0.009348751,0.218285576,-0.009633623,-0.605264531,-0.004222481,-0.791678931,-0.001528125,-0.437189509,-0.000411924,-0.180634938,0.000270197,0.219804675
2025-03-04,-0.125,-1.13985138,-0.0215338,-1.319434875,0.017476761,-1.088886952,0.037261233,-1.023286825,0.066585191,-0.669948273,0.333333333,1.082509509,0.067550334,0.614505828,0.026710444,0.414843027,0.003898983,0.286232371,-0.00249511,0.367986575,-0.004162755,-0.261538975,-0.004210536,-0.789439294,-0.001791588,-0.512565088,-0.000599466,-0.262874729,0.000181538,0.147680624
2025-03-05,0.222222222,0.815124627,0.027217405,-0.696931247,0.037951307,-0.745278098,0.046509282,-0.818461844,0.069697932,-0.561251342,0.333333333,1.082509509,0.120706934,1.000132854,0.057372733,0.698375493,0.020370701,0.492503756,0.004221459,0.514693554,0.002857866,0.179554992,-0.002796855,-0.524386364,-0.001326642,-0.37954632,-0.000426599,-0.18707012,0.000235064,0.191224452
2025-03-06,-0.2,-1.562126198,-0.018226076,-1.277198588,0.014156177,-1.144613818,0.034183818,-1.091445131,0.064303973,-0.749608426,0,0.05711688,0.096565547,0.824998041,0.051635459,0.645323249,0.019352166,0.479748885,0.00413703,0.512849405,0.0018289,0.11490675,-0.001871704,-0.350928486,-0.001011088,-0.289267688,-0.000313824,-0.137616603,0.000266941,0.217156138
2025-03-07,-0.111111111,-1.06165234,-0.036803083,-1.514408199,0.001629448,-1.354840453,0.026919071,-1.252344092,0.060795672,-0.872118353,-0.052631579,-0.104787219,0.066726122,0.608526544,0.041208756,0.548908104,0.015752979,0.434677123,0.003001658,0.488049984,-0.049800442,-3.128879097,-0.011457452,-2.148173749,-0.005890023,-1.685109008,-0.002788155,-1.222648003,-0.000734407,-0.597439421
2025-03-10,-0.307692308,-2.168469526,-0.090980928,-2.206204544,-0.029302728,-1.87395181,0.010188503,-1.622891251,0.053425912,-1.129470424,0.166666667,0.569813195,0.086714231,0.75353121,0.053754547,0.664918331,0.023298663,0.529169927,0.006274958,0.5595472,-0.016397829,-1.030248406,-0.012445527,-2.333429415,-0.006940804,-1.985732582,-0.003468639,-1.521050376,-0.001047675,-0.85228307
2025-03-11,-0.181818182,-1.459756545,-0.109148379,-2.438184536,-0.044554273,-2.129906986,0.000588168,-1.835518603,0.04872103,-1.293764942,0,0.05711688,0.069371385,0.627716726,0.048379092,0.615211803,0.02213373,0.514581747,0.006149459,0.556805979,-0.019033354,-1.195834012,-0.013763093,-2.580461572,-0.008150059,-2.331694951,-0.004246874,-1.862318483,-0.001407389,-1.144909784
2025-03-12,0.125,0.267731345,-0.062318703,-1.840216887,-0.027598846,-1.845356846,0.00680876,-1.697745492,0.05024661,-1.240491695,0,0.05711688,0.055497108,0.527065139,0.043541183,0.570475928,0.021027043,0.500722977,0.00602647,0.554119582,-0.021764283,-1.367413805,-0.015363331,-2.880492475,-0.009511481,-2.72119175,-0.005122745,-2.246400881,-0.001814527,-1.476116152
2025-03-13,0,-0.436060018,-0.049854962,-1.681067511,-0.024838961,-1.799039786,0.006468322,-1.705285482,0.049241677,-1.275583937,0.090909091,0.336769416,0.062579504,0.578444715,0.048277974,0.614276767,0.024521146,0.544478786,0.007724122,0.591200637,-0.021764283,-1.367413805,-0.015363331,-2.880492475,-0.009511481,-2.72119175,-0.005122745,-2.246400881,-0.001814527,-1.476116152
2025-03-14,0,-0.436060018,-0.03988397,-1.55374801,-0.022355065,-1.757354432,0.006144906,-1.712448473,0.048256844,-1.309974333,-0.333333333,-0.968275749,-0.016603063,0.004011095,0.010116843,0.261402931,0.006628422,0.320412477,0.000902973,0.442209359,-0.021764283,-1.367413805,-0.015363331,-2.880492475,-0.009511481,-2.72119175,-0.005122745,-2.246400881,-0.001814527,-1.476116152
