date,news_meta_SMA1,news_meta_SMA1_scaled,news_meta_EMA0.2,news_meta_EMA0.2_scaled,news_meta_EMA0.1,news_meta_EMA0.1_scaled,news_meta_EMA0.05,news_meta_EMA0.05_scaled,news_meta_EMA0.02,news_meta_EMA0.02_scaled,reddit_meta_SMA1,reddit_meta_SMA1_scaled,reddit_meta_EMA0.2,reddit_meta_EMA0.2_scaled,reddit_meta_EMA0.1,reddit_meta_EMA0.1_scaled,reddit_meta_EMA0.05,reddit_meta_EMA0.05_scaled,reddit_meta_EMA0.02,reddit_meta_EMA0.02_scaled,stock_meta_SMA1,stock_meta_SMA1_scaled,stock_meta_EMA0.2,stock_meta_EMA0.2_scaled,stock_meta_EMA0.1,stock_meta_EMA0.1_scaled,stock_meta_EMA0.05,stock_meta_EMA0.05_scaled,stock_meta_EMA0.02,stock_meta_EMA0.02_scaled
2024-03-01,0.333333333,1.858464237,-0.045583038,-0.241017267,-0.047661557,-0.420171029,-0.038311021,-0.381028462,-0.031288058,-0.42458716,-0.142857143,0.653205548,-0.353117955,-0.078683355,-0.356019561,-0.110182058,-0.339420324,0.255871791,-0.364133434,0.093511206,-0.015904529,-0.687686143,0.003832622,0.554117366,0.005701104,1.263427714,0.006798848,2.314218619,0.006792586,2.667225313
2024-03-04,-0.083333333,-0.283222477,-0.053133097,-0.352474095,-0.051228734,-0.497123224,-0.040562137,-0.455858988,-0.032328963,-0.494534084,-0.5,-0.497093616,-0.382494364,-0.35005915,-0.370417605,-0.295140004,-0.347449307,0.10418506,-0.366850765,0.011414957,0.005313088,0.229729367,0.004128715,0.596926305,0.005662303,1.254828854,0.00672456,2.288932187,0.006762996,2.655606311
2024-03-05,-0.285714286,-1.323470309,-0.099649335,-1.039164395,-0.074677289,-1.002962277,-0.052819744,-0.863320613,-0.03739667,-0.83507458,-0.5,-0.497093616,-0.405995491,-0.567159786,-0.383375844,-0.461602155,-0.355076842,-0.039917335,-0.36951375,-0.069039367,0.011353782,0.490919222,0.005573728,0.805845192,0.006231451,1.380958334,0.006956021,2.367717839,0.006854812,2.691659328
2024-03-06,-0.25,-1.139897162,-0.129719468,-1.483071076,-0.09220956,-1.381173529,-0.062678757,-1.191049281,-0.041648736,-1.120805587,-0.6,-0.819177382,-0.444796393,-0.925597931,-0.40503826,-0.739878559,-0.367323,-0.271276584,-0.374123475,-0.208308778,0.021677848,0.937315174,0.008794552,1.27150934,0.00777609,1.723267581,0.007692112,2.618271525,0.007151273,2.808069714
2024-03-07,-0.142857143,-0.589177722,-0.132347003,-1.521859741,-0.097274319,-1.490431967,-0.066687676,-1.324311891,-0.043672904,-1.25682594,-0.333333333,0.039712661,-0.422503781,-0.719661416,-0.397867767,-0.647766075,-0.365623517,-0.239169274,-0.373307672,-0.183661672,-0.033411835,-1.444673793,0.000353275,0.051076226,0.003657298,0.810497642,0.005636915,1.918715347,0.00634001,2.489513733
2024-03-08,0.285714286,1.613700041,-0.048734745,-0.287543957,-0.058975458,-0.664237808,-0.049067578,-0.738592874,-0.037085161,-0.814141747,-0.125,0.710720507,-0.363003025,-0.17000046,-0.370580991,-0.297238864,-0.353592341,-0.011871552,-0.368341518,-0.033623815,-0.007545132,-0.32623931,-0.001226406,-0.177312832,0.002537055,0.562239423,0.004977813,1.694367497,0.006062308,2.380468955
2024-03-11,-0.071428571,-0.222031428,-0.05327351,-0.354546927,-0.06022077,-0.691102026,-0.050185628,-0.775758555,-0.037772029,-0.86029802,0,1.113325214,-0.29040242,0.500675351,-0.333522892,0.178811211,-0.335912724,0.322138751,-0.360974688,0.188943501,0.004318351,0.186718529,-0.000117455,-0.01698152,0.002715185,0.601714913,0.00494484,1.683143991,0.006027428,2.366773066
2024-03-12,0.1,0.659119677,-0.022618808,0.097989384,-0.044198693,-0.345469121,-0.042676347,-0.526138553,-0.035016588,-0.675137512,-1,-2.107512447,-0.432321936,-0.81036037,-0.400170602,-0.677348402,-0.369117088,-0.305171195,-0.373755194,-0.197182259,0.0098306,0.425059261,0.001872156,0.270674826,0.003426726,0.759400375,0.005189128,1.766295706,0.006103492,2.396640673
2024-03-13,-0.058823529,-0.157240906,-0.029859753,-0.008904174,-0.045661176,-0.377018245,-0.043483706,-0.552976406,-0.035492727,-0.70713316,-0.166666667,0.576518937,-0.379190882,-0.319541972,-0.376820209,-0.377388153,-0.358994566,-0.113932532,-0.369613424,-0.072050729,-0.022488286,-0.972357204,-0.002999932,-0.43372782,0.000835225,0.185095056,0.003805257,1.295248339,0.005531656,2.17209964
2024-03-14,-0.153846154,-0.645661767,-0.054657033,-0.374971007,-0.056479674,-0.610398025,-0.049001828,-0.736407237,-0.037859796,-0.866195785,-0.5,-0.497093616,-0.403352706,-0.542746043,-0.389138188,-0.535625489,-0.366044838,-0.247129047,-0.372221155,-0.150835739,0.005930279,0.256415711,-0.00121389,-0.175503247,0.00134473,0.298007098,0.003911508,1.331414518,0.005539629,2.175230164
2024-03-15,0,0.145114866,-0.043725626,-0.213597447,-0.050831707,-0.488558429,-0.046551737,-0.65496245,-0.0371026,-0.815313621,-0.1,0.791241448,-0.342682165,0.017721247,-0.360224369,-0.16419722,-0.352742596,0.004182157,-0.366776732,0.013651643,-0.007603006,-0.32874169,-0.002491713,-0.360249887,0.000449957,0.099715381,0.003335782,1.13544674,0.005276776,2.072016552
2024-03-18,0.3,1.6871293,0.025019499,0.801244102,-0.015748536,0.268265934,-0.02922415,-0.078966955,-0.030360548,-0.362260203,0,1.113325214,-0.274145732,0.650852716,-0.324201932,0.298548691,-0.335105466,0.337389774,-0.359441198,0.23527345,0.02320912,1.003524869,0.002648453,0.382911269,0.002725873,0.604083585,0.004329449,1.473674987,0.005635423,2.212845391
2024-03-19,0,0.145114866,0.020015599,0.72737464,-0.014173682,0.302239134,-0.027762942,-0.030394182,-0.029753337,-0.32145675,-0.5,-0.497093616,-0.319316585,0.233569707,-0.341781739,0.07271767,-0.343350193,0.181627144,-0.362252374,0.150341956,0.030450482,1.316629697,0.008208859,1.186830271,0.005498334,1.218491566,0.005635501,1.918234,0.006131724,2.407726554
2024-03-20,0,0.145114866,0.016012479,0.66827907,-0.012756314,0.332815014,-0.026374795,0.015749952,-0.02915827,-0.281469367,-0.5,-0.497093616,-0.355453268,-0.1002567,-0.357603565,-0.130530248,-0.351182683,0.033652645,-0.365007326,0.067109092,-0.014979364,-0.647683531,0.003571214,0.516323324,0.003450564,0.764683142,0.004604758,1.567385545,0.005709502,2.241933943
2024-03-21,-0.444444444,-2.139350962,-0.076078905,-0.691208795,-0.055925127,-0.598435179,-0.047278278,-0.679113785,-0.037463994,-0.839598615,-1,-2.107512447,-0.484362615,-1.29110601,-0.421843209,-0.955755716,-0.383623549,-0.579232996,-0.37770718,-0.31657998,-0.002386531,-0.10318976,0.002379665,0.344050103,0.002866855,0.635326657,0.004255193,1.448399421,0.005547582,2.178353016
2024-03-22,-0.2,-0.882894757,-0.100863124,-1.057082812,-0.070332614,-0.909237686,-0.054914364,-0.93294897,-0.040714714,-1.058040993,-0.333333333,0.039712661,-0.454156758,-1.012067879,-0.412992221,-0.842055516,-0.381109038,-0.531727866,-0.376819703,-0.28976745,-0.001304849,-0.056419561,0.001642762,0.237509281,0.002449684,0.542877097,0.003977191,1.353771969,0.005410533,2.12453853
2024-03-25,-0.25,-1.139897162,-0.130690499,-1.497405809,-0.088299353,-1.296821397,-0.064668646,-1.257196221,-0.044900419,-1.339312672,-0.5,-0.497093616,-0.463325407,-1.096766769,-0.421692999,-0.953826116,-0.387053587,-0.644034614,-0.379283309,-0.364198126,-0.011541604,-0.499040327,-0.000994111,-0.143727745,0.001050555,0.232814686,0.003201251,1.089654536,0.00507149,1.991407588
2024-03-26,-0.142857143,-0.589177722,-0.133123828,-1.533327528,-0.093755132,-1.414515048,-0.06857807,-1.387151484,-0.046859554,-1.470962883,-0.5,-0.497093616,-0.470660325,-1.164525881,-0.429523699,-1.054419656,-0.392700907,-0.750726025,-0.381697642,-0.437140189,-0.012938108,-0.559422912,-0.00338291,-0.489098455,-0.000348311,-0.077189558,0.002394283,0.814975595,0.004711298,1.849972039
2024-03-27,0,0.145114866,-0.106499063,-1.140282664,-0.084379619,-1.21226375,-0.065149167,-1.273169485,-0.045922363,-1.407985377,-0.5,-0.497093616,-0.47652826,-1.21873317,-0.436571329,-1.144953842,-0.398065862,-0.852082866,-0.38406369,-0.50862341,-0.011443891,-0.494815381,-0.004995106,-0.722188484,-0.001457869,-0.323079878,0.001702375,0.579460974,0.004388195,1.7230998
2024-03-28,-0.307692308,-1.4364384,-0.146737712,-1.734300826,-0.106710888,-1.694000379,-0.077276324,-1.676294738,-0.051157762,-1.759794495,-0.285714286,0.193085883,-0.438365465,-0.86618978,-0.421485625,-0.951162178,-0.392448283,-0.74595335,-0.382096702,-0.449196596,-0.004310356,-0.186372837,-0.004858156,-0.70238835,-0.001743118,-0.386294144,0.001401738,0.477129126,0.004214224,1.654787101
2024-04-01,-0.125,-0.497391148,-0.142390169,-1.670120761,-0.108539799,-1.733454184,-0.079662508,-1.755615138,-0.052634606,-1.85903573,-0.25,0.308115799,-0.400692372,-0.518170198,-0.404337062,-0.730870941,-0.385325869,-0.61139389,-0.379454767,-0.369378256,0.028509559,1.232707326,0.001815387,0.262467162,0.00128215,0.284138615,0.002757129,0.938482483,0.00470013,1.845586698
2024-04-02,-0.333333333,-1.568234505,-0.180578802,-2.233875808,-0.131019152,-2.218385336,-0.092346049,-2.177235455,-0.058248581,-2.236284431,-1,-2.107512447,-0.520553898,-1.625436808,-0.463903356,-1.496062339,-0.416059575,-1.192027205,-0.391865672,-0.744337581,0.03505499,1.515721204,0.008463308,1.223618209,0.004659434,1.032582086,0.004372022,1.488166156,0.005307228,2.083973817
2024-04-03,0.1,0.659119677,-0.124463042,-1.405473721,-0.107917237,-1.7200241,-0.082728747,-1.857541608,-0.055083609,-2.023604194,0,1.113325214,-0.416443118,-0.663673728,-0.41751302,-0.900129917,-0.395256597,-0.799009119,-0.384028359,-0.50755599,0.000852125,0.036844519,0.006941071,1.003534483,0.004278703,0.948207914,0.004196027,1.428260335,0.005218125,2.048986372
2024-04-04,0.214285714,1.246553747,-0.05671329,-0.40532626,-0.075696942,-1.02495852,-0.067878024,-1.363880854,-0.049696223,-1.661581793,-0.5,-0.497093616,-0.433154495,-0.818051448,-0.425761718,-1.006093077,-0.400493767,-0.897951805,-0.386347792,-0.577630895,0.02402971,1.039005873,0.010358799,1.497666825,0.006253804,1.385912055,0.005187711,1.765813693,0.005594357,2.196720191
2024-04-05,0.25,1.430126894,0.004629368,0.500237268,-0.043127248,-0.322355602,-0.051984122,-0.835543263,-0.043702298,-1.258801161,-0.428571429,-0.267033783,-0.432237881,-0.809583883,-0.426042689,-1.009702443,-0.40189765,-0.924474518,-0.387192264,-0.603144178,-0.013320067,-0.575938212,0.005623026,0.81297253,0.004296417,0.952133434,0.004262323,1.450826154,0.005216069,2.048178734
2024-04-08,0.333333333,1.858464237,0.070370161,1.47072773,-0.00548119,0.489756115,-0.03271825,-0.195116177,-0.036161586,-0.752079225,-0.25,0.308115799,-0.395790305,-0.47288548,-0.408438421,-0.78355718,-0.394302767,-0.780989,-0.384448419,-0.520246887,-0.024778245,-1.071371327,-0.000457229,-0.066105739,0.001388951,0.307806792,0.002810294,0.956579004,0.004616182,1.812623109
2024-04-09,0.5,2.715138922,0.156296129,2.739199378,0.045066929,1.580194843,-0.006082337,0.690302304,-0.025438354,-0.031497897,-0.6,-0.819177382,-0.436632244,-0.850178487,-0.427594578,-1.029638082,-0.404587629,-0.975294666,-0.388759451,-0.650492147,0.023208772,1.003509821,0.004275971,0.618216524,0.003570933,0.791358142,0.003830218,1.303744716,0.004988034,1.958637083
2024-04-10,-0.1,-0.368889946,0.105036903,1.982491294,0.030560236,1.267252243,-0.01077822,0.534203964,-0.026929587,-0.13170599,-0.666666667,-1.033899893,-0.482639129,-1.27518465,-0.451501787,-1.336751206,-0.417691581,-1.222859697,-0.394317595,-0.818415284,-0.006447872,-0.278795569,0.002131203,0.308127593,0.002569052,0.569330363,0.003316314,1.128819878,0.004759316,1.868826995
2024-04-11,0,0.145114866,0.084029522,1.672372393,0.027504213,1.201326812,-0.010239309,0.552118191,-0.026390995,-0.095513622,-1,-2.107512447,-0.586111303,-2.23104837,-0.506351609,-2.041354577,-0.446807002,-1.772919721,-0.406431243,-1.184393868,-0.001989371,-0.086017206,0.001307088,0.188977732,0.00211321,0.468310659,0.003051029,1.038521381,0.004624342,1.81582724
2024-04-12,0.222222222,1.28734778,0.111668062,2.080382978,0.046976014,1.621378167,0.001383767,0.938487038,-0.021418731,0.238613342,-0.5,-0.497093616,-0.568889042,-2.071951162,-0.505716448,-2.033195271,-0.449466652,-1.823166876,-0.408302618,-1.240932016,-0.036015669,-1.557259379,-0.006157463,-0.89024111,-0.001699678,-0.37666743,0.001097694,0.373637543,0.003811542,1.496667307
2024-04-15,0.153846154,0.935891499,0.120103681,2.204912767,0.057663028,1.851921542,0.009006887,1.191891187,-0.017913433,0.47416286,0,1.113325214,-0.455111234,-1.020885211,-0.455144803,-1.383549555,-0.426993319,-1.398591807,-0.400136566,-0.994218536,0.010017921,0.433158754,-0.002922386,-0.422516278,-0.000527918,-0.116992475,0.001543706,0.525452647,0.00393567,1.545408131
2024-04-16,-0.2,-0.882894757,0.056082944,1.259814438,0.031896725,1.296083363,-0.001443458,0.844505754,-0.021555165,0.229445254,-0.5,-0.497093616,-0.464088987,-1.103820634,-0.459630323,-1.441170751,-0.430643653,-1.467555358,-0.402133834,-1.05456019,-0.006519529,-0.281893898,-0.003641815,-0.526530668,-0.001127079,-0.24977319,0.001140544,0.38822287,0.003726566,1.463299876
2024-04-17,0,0.145114866,0.044866356,1.094230908,0.028707052,1.22727482,-0.001371285,0.846904891,-0.021124061,0.258414597,-0.5,-0.497093616,-0.47127119,-1.170168973,-0.46366729,-1.493029828,-0.434111471,-1.533070732,-0.404091158,-1.113695011,0.00596204,0.257788987,-0.001721044,-0.248827142,-0.000418167,-0.092670474,0.001381619,0.470280862,0.003771275,1.480855822
2024-04-18,-0.055555556,-0.140443363,0.024781973,0.797737659,0.020280792,1.045501071,-0.004080498,0.756846488,-0.021812691,0.212139943,0,1.113325214,-0.377016952,-0.29945946,-0.417300561,-0.897400656,-0.412405897,-1.12300047,-0.396009335,-0.869526271,-0.026014256,-1.124814433,-0.006579686,-0.951285762,-0.002977776,-0.659908089,1.18E-05,0.004025067,0.003175565,1.246939839
2024-04-19,0,0.145114866,0.019825579,0.724569485,0.018252712,1.001750757,-0.003876473,0.763628588,-0.021376437,0.241455393,-0.555555556,-0.676029042,-0.412724672,-0.629323165,-0.431126061,-1.075003669,-0.41956338,-1.258222463,-0.399200259,-0.965930755,0.003124204,0.135085545,-0.004638908,-0.670689623,-0.002367578,-0.524681463,0.000167444,0.05699526,0.003174537,1.246536488
2024-04-22,-0.0625,-0.176138141,0.003360463,0.481505217,0.010177441,0.827548656,-0.00680765,0.666191803,-0.022198909,0.186186846,-0.333333333,0.039712661,-0.396846405,-0.482641603,-0.421346788,-0.949378674,-0.415251878,-1.176767859,-0.397882921,-0.92613121,0.034218781,1.479564855,0.00313263,0.452913081,0.001291058,0.28611269,0.001870011,0.63652168,0.003795422,1.490337572
2024-04-23,0.095238095,0.634643258,0.021735989,0.752771691,0.018683507,1.011043974,-0.001705362,0.835799637,-0.019850169,0.344017833,-0.666666667,-1.033899893,-0.450810457,-0.981155143,-0.445878776,-1.264517738,-0.427822617,-1.41425923,-0.403258595,-1.088541566,-0.170570409,-7.375189162,-0.031607978,-4.569856113,-0.015895089,-3.522527364,-0.00675201,-2.298275839,0.000308106,0.120982946
2024-04-24,0.018181818,0.238570286,0.021025155,0.742278087,0.018633338,1.009961717,-0.000711003,0.868853652,-0.019089529,0.395131416,-0.571428571,-0.727153449,-0.47493408,-1.204006321,-0.458433755,-1.425799593,-0.435002915,-1.549912249,-0.406621995,-1.190156883,0.047603258,2.058288047,-0.015765731,-2.279396714,-0.009545254,-2.115333813,-0.004034247,-1.373192806,0.001254009,0.492407987
2024-04-25,-0.024390244,0.019747839,0.011942075,0.608190226,0.01433098,0.917149995,-0.001894965,0.829496943,-0.019195543,0.388007451,-0.4,-0.17500985,-0.459947264,-1.065559885,-0.45259038,-1.350735317,-0.433252769,-1.516847804,-0.406489555,-1.186155597,-0.004303878,-0.186092743,-0.01347336,-1.947967621,-0.009021117,-1.999179127,-0.004047728,-1.377781716,0.001142851,0.448759998
2024-04-26,-0.125,-0.497391148,-0.01544634,0.20387208,0.000397882,0.616581152,-0.008050217,0.624886959,-0.021311632,0.245810176,-0.25,0.308115799,-0.417957811,-0.677666282,-0.432331342,-1.090486767,-0.424090131,-1.343743622,-0.403359764,-1.091598078,-0.019360278,-0.837107187,-0.014650744,-2.1181928,-0.010055033,-2.228306381,-0.004813356,-1.638389027,0.000732788,0.287741897
2024-04-29,-0.083333333,-0.283222477,-0.029023738,0.003437383,-0.00797524,0.435953739,-0.011814373,0.499760662,-0.022552066,0.162455305,0,1.113325214,-0.334366249,0.094542693,-0.389098208,-0.535111902,-0.402885624,-0.943139716,-0.395292569,-0.847871277,-0.005683799,-0.245758292,-0.012857355,-1.858906058,-0.009617909,-2.13143501,-0.004856878,-1.653203271,0.000604457,0.237350238
2024-04-30,0.166666667,1.001789551,0.010114343,0.581208544,0.009488951,0.812696341,-0.002890321,0.796409802,-0.018767692,0.41675828,0,1.113325214,-0.267492999,0.712309873,-0.350188387,-0.035274523,-0.382741343,-0.562566005,-0.387386717,-0.609019011,0.023891758,1.03304107,-0.005507532,-0.796274593,-0.006266943,-1.388823736,-0.003419446,-1.163924558,0.001070203,0.4202334
2024-05-01,0.4,2.201134111,0.088091474,1.732336462,0.048540056,1.655118136,0.017254195,1.466044335,-0.010392338,0.979566559,0,1.113325214,-0.213994399,1.206523617,-0.315169548,0.414579118,-0.363604276,-0.201020979,-0.379638983,-0.374943791,0.016156182,0.698567214,-0.001174789,-0.16985012,-0.00402463,-0.891902522,-0.002440665,-0.830763089,0.001371922,0.538708762
2024-05-02,-0.333333333,-1.568234505,0.003806513,0.488089971,0.010352717,0.831329752,-0.000275181,0.883341045,-0.016851158,0.545545813,-1,-2.107512447,-0.371195519,-0.245681756,-0.383652593,-0.465157285,-0.395424062,-0.802172939,-0.392046203,-0.749791805,0.021640165,0.935685812,0.003388201,0.489863448,-0.001458151,-0.323142291,-0.001236623,-0.420926695,0.001777287,0.69788222
2024-05-03,0,0.145114866,0.00304521,0.476851335,0.009317445,0.808996571,-0.000261422,0.883798417,-0.016514135,0.568193145,-0.090909091,0.820521791,-0.315138234,0.272168826,-0.354378243,-0.089097612,-0.380198313,-0.514522088,-0.386023461,-0.567832195,0.023508538,1.016471233,0.007412269,1.071659868,0.001038518,0.23014712,6.35E-07,0.000216083,0.002211912,0.86854518
2024-05-06,0.333333333,1.858464237,0.069102835,1.452018983,0.041719034,1.507973071,0.016418315,1.438258419,-0.009517185,1.038375194,-0.5,-0.497093616,-0.352110587,-0.069377405,-0.368940419,-0.276164002,-0.386188398,-0.627689125,-0.388302992,-0.636701576,-0.005983399,-0.258712516,0.004733135,0.684312888,0.000336327,0.074533672,-0.000298567,-0.101627369,0.002048006,0.804184593
2024-05-07,0,0.145114866,0.055282268,1.247994545,0.037547131,1.417975557,0.0155974,1.410969923,-0.009326841,1.051165938,0,1.113325214,-0.28168847,0.581173794,-0.332046377,0.197778587,-0.366878978,-0.262887944,-0.380536932,-0.402072705,0.014023725,0.606363225,0.006591253,0.952958087,0.001705066,0.377861546,0.000417548,0.142126538,0.00228752,0.898234018
2024-05-08,-0.142857143,-0.589177722,0.015654386,0.662992756,0.019506703,1.02880221,0.007674673,1.147606352,-0.011997447,0.871706155,-0.666666667,-1.033899893,-0.358684109,-0.130102825,-0.365508406,-0.232076204,-0.381868362,-0.546073311,-0.386259527,-0.574964231,0.015085158,0.652257864,0.008290034,1.198566466,0.003043075,0.674379157,0.001150928,0.391757483,0.002543473,0.998738249
2024-05-09,-0.333333333,-1.568234505,-0.054143158,-0.367384994,-0.0157773,0.267645419,-0.009375728,0.580824961,-0.018424165,0.439842617,0,1.113325214,-0.286947287,0.532593459,-0.328957565,0.237457605,-0.362774944,-0.18535292,-0.378534336,-0.341570106,-0.009096839,-0.393332644,0.004812659,0.695810429,0.001829084,0.40534523,0.00063854,0.217348708,0.002310667,0.907322889
2024-05-10,0,0.145114866,-0.043314527,-0.207528637,-0.01419957,0.30168067,-0.008906941,0.596408138,-0.018055682,0.464604013,-0.25,0.308115799,-0.27955783,0.600856393,-0.321061809,0.338886863,-0.357136197,-0.078823482,-0.375963649,-0.263904297,-0.019841404,-0.857910295,-0.000118153,-0.01708252,-0.000337965,-0.074896742,-0.000385457,-0.131203501,0.001867625,0.733355084
2024-05-13,-0.083333333,-0.283222477,-0.051318288,-0.325683191,-0.021112947,0.152543305,-0.012628261,0.472705781,-0.019361235,0.376873266,-0.333333333,0.039712661,-0.29031293,0.501502044,-0.322288961,0.323122806,-0.355946054,-0.056338827,-0.375111043,-0.238145281,0.025055616,1.083364381,0.0049166,0.710838148,0.002201393,0.487853069,0.000886596,0.30178314,0.002331385,0.915458318
2024-05-14,-0.222222222,-0.997118048,-0.085499075,-0.830272899,-0.041223874,-0.281295474,-0.023107959,0.124344585,-0.023418455,0.104235607,-0.375,-0.094488909,-0.307250344,0.345036215,-0.327560065,0.255409958,-0.356898751,-0.074337561,-0.375108822,-0.238078184,4.20E-05,0.00181745,0.003941687,0.569885945,0.001985457,0.439999265,0.000844368,0.287409356,0.002285598,0.897479254
2024-05-15,0.111111111,0.716231323,-0.046177038,-0.249786109,-0.025990376,0.047325988,-0.016397006,0.347426947,-0.020727863,0.285038364,-0.5,-0.497093616,-0.345800276,-0.011083493,-0.344804059,0.033892811,-0.364053814,-0.209513824,-0.377606646,-0.313542645,-0.008778926,-0.37958658,0.001397564,0.202058747,0.000909019,0.201448641,0.000363203,0.123628619,0.002064308,0.810585756
2024-05-16,0,0.145114866,-0.03694163,-0.113449529,-0.023391338,0.103393182,-0.015577155,0.374680024,-0.020313306,0.312895845,,,,,,,,-0.105040454,-0.375259151,-0.242619922,-0.001868963,-0.080810955,0.000744259,0.107604356,0.000631221,0.139885485,0.000251595,0.085638933,0.001985642,0.779696432
2024-05-17,0.111111111,0.716231323,-0.007331082,0.323672588,-0.009941093,0.393545779,-0.009242742,0.585245614,-0.017684818,0.489525398,-0.142857143,0.653205548,-0.305211649,0.363869443,-0.324609367,0.293314764,-0.35299398,-0.000567084,-0.372911656,-0.171697199,-0.006021982,-0.260380788,-0.000608989,-0.088047185,-3.41E-05,-0.007556844,-6.21E-05,-0.021132316,0.00182549,0.716809814
2024-05-20,-0.142857143,-0.589177722,-0.034436294,-0.07646481,-0.023232698,0.10681541,-0.015923462,0.363168258,-0.020188264,0.321298426,0,1.113325214,-0.244169319,0.927771273,-0.29214843,0.710309477,-0.335344281,0.332877995,-0.365453423,0.053631584,0.001605596,0.069423359,-0.000166072,-0.024010605,0.00012987,0.028780612,2.13E-05,0.007250247,0.001821092,0.715082909
2024-05-21,0.142857143,0.879407453,0.001022393,0.446989749,-0.006623714,0.465109247,-0.007984432,0.62707377,-0.016927356,0.540425419,0,1.113325214,-0.195335455,1.378892737,-0.262933587,1.085604718,-0.318577067,0.649650821,-0.358144354,0.274453793,0.010708176,0.46300424,0.002008777,0.290427411,0.001187701,0.263207563,0.000555644,0.189132292,0.001998834,0.784876226
2024-05-22,0,0.145114866,0.000817915,0.443971158,-0.005961343,0.479398115,-0.00758521,0.640344506,-0.016588809,0.563175159,0,1.113325214,-0.156268364,1.739789908,-0.236640229,1.423370435,-0.302648214,0.950585005,-0.350981467,0.490859557,-0.011123371,-0.480956589,-0.000617652,-0.08929967,-4.34E-05,-0.009619379,-2.83E-05,-0.009635161,0.001736389,0.68182306
2024-05-23,0.181818182,1.079669068,0.037017968,0.978370043,0.01281661,0.884481568,0.001884959,0.955147432,-0.012620669,0.829826811,-0.25,0.308115799,-0.175014691,1.566613553,-0.237976206,1.40620841,-0.300015803,1.000317547,-0.348961838,0.551876773,0.019160805,0.828482295,0.003338039,0.482611037,0.001877015,0.415967182,0.000931149,0.316948123,0.002084878,0.81866297
2024-05-24,0,0.145114866,0.029614374,0.869075393,0.011534949,0.856833205,0.001790711,0.952014485,-0.012368256,0.846788524,-0.214285714,0.423145715,-0.182868896,1.494057339,-0.235607157,1.436641326,-0.295729298,1.08129988,-0.346268315,0.633253707,-0.004028684,-0.174193803,0.001864695,0.269596043,0.001286445,0.285090369,0.000683157,0.232535745,0.001962607,0.770651072
2024-05-28,0.166666667,1.001789551,0.057024833,1.273718951,0.027048121,1.191487859,0.010034509,1.226050934,-0.008787557,1.087404833,,,,,,,,0.937589826,-0.348805632,0.556596071,-0.006299204,-0.272367421,0.000231915,0.033530057,0.00052788,0.116984006,0.000334039,0.11370156,0.00179737,0.705768242
2024-05-29,-0.111111111,-0.426001591,0.023397644,0.777301667,0.013232197,0.893446746,0.003977228,1.024697646,-0.010834028,0.949885764,-0.6,-0.819177382,-0.266295117,0.723375769,-0.272046441,0.968540574,-0.310942834,0.793879771,-0.351342949,0.479938435,-0.012445209,-0.538110746,-0.00230351,-0.333039619,-0.000769429,-0.17051398,-0.000304923,-0.103790984,0.001512519,0.593916387
2024-05-30,0,0.145114866,0.018718115,0.708220692,0.011908978,0.864901864,0.003778367,1.018087189,-0.010617348,0.964446297,-0.75,-1.302303032,-0.363036093,-0.170305943,-0.319841797,0.354559194,-0.332895692,0.379137707,-0.35931609,0.239053209,0.010863071,0.469701654,0.000329806,0.047683122,0.000393821,0.087275077,0.000253476,0.086279313,0.00169953,0.667349478
2024-05-31,-0.4,-1.910904379,-0.065025508,-0.528034357,-0.02928192,-0.023680165,-0.016410552,0.346976656,-0.018405001,0.441130424,-0.2,0.469157682,-0.330428875,0.130915691,-0.307857617,0.508508528,-0.326250907,0.504673601,-0.356129768,0.335318639,0.013039965,0.563827036,0.002871838,0.415208032,0.001658435,0.367527605,0.000892801,0.303895083,0.001926338,0.756409802
2024-06-03,0,0.145114866,-0.052020406,-0.336048127,-0.026353728,0.039487645,-0.015590024,0.374252248,-0.018036901,0.465866064,-0.2,0.469157682,-0.3043431,0.371892997,-0.297071855,0.647062928,-0.319938362,0.623932699,-0.353007173,0.42965876,0.015618554,0.675321066,0.005421181,0.783790028,0.003054447,0.676899264,0.001629089,0.554515581,0.002200183,0.863939463
2024-06-04,0.111111111,0.716231323,-0.019394103,0.145593709,-0.012607244,0.336030795,-0.009254967,0.584839227,-0.015453941,0.639436212,-1,-2.107512447,-0.44347448,-0.913386252,-0.36736467,-0.255921857,-0.353941444,-0.018466945,-0.365947029,0.038718695,0.017607541,0.761321634,0.007858453,1.136168841,0.004509757,0.999411898,0.002428011,0.826456008,0.00250833,0.984938723
2024-06-05,-0.222222222,-0.997118048,-0.059959727,-0.453251379,-0.033568742,-0.116156734,-0.01990333,0.230871358,-0.019589306,0.361547294,0,1.113325214,-0.354779584,-0.094033283,-0.330628203,0.215996517,-0.336244372,0.315873128,-0.358628089,0.259839161,0.005943413,0.256983586,0.007475445,1.08079385,0.004653122,1.03118331,0.002603781,0.886285326,0.002577032,1.011915608
2024-06-06,0.125,0.78762088,-0.022967781,0.092837714,-0.017711868,0.225912369,-0.012658163,0.471711777,-0.01669752,0.55586997,-0.166666667,0.576518937,-0.317157,0.253519697,-0.314232049,0.426622274,-0.327765486,0.476059574,-0.35478886,0.375830262,-0.00413384,-0.178740558,0.005153588,0.745101633,0.003774426,0.836454521,0.0022669,0.771616426,0.002442814,0.959212836
2024-06-07,-0.111111111,-0.426001591,-0.040596447,-0.167403323,-0.027051792,0.024428804,-0.017580811,0.308075447,-0.018585792,0.428981598,-0.454545455,-0.350691904,-0.344634691,-0.000315964,-0.32826339,0.246375017,-0.334104485,0.356300715,-0.356783992,0.315553165,0.012756692,0.551578776,0.006674209,0.964951769,0.004672653,1.035511465,0.00279139,0.950144264,0.002649092,1.040211254
2024-06-10,0,0.145114866,-0.032477158,-0.0475433,-0.024346613,0.082785717,-0.01670177,0.337296099,-0.018214076,0.453960215,-0.5,-0.497093616,-0.375707753,-0.287365237,-0.345437051,0.025761364,-0.342399261,0.199592537,-0.359648312,0.229016077,0.027651135,1.195590463,0.010869594,1.57151721,0.006970501,1.544740041,0.004034377,1.373237178,0.003149133,1.236560871
2024-06-11,0.181818182,1.079669068,0.01038191,0.585158477,-0.003730133,0.52753041,-0.006775773,0.667251445,-0.014213431,0.722796166,-0.5,-0.497093616,-0.400566202,-0.517004655,-0.360893346,-0.172790924,-0.350279298,0.050719769,-0.362455346,0.144209731,-0.016109235,-0.696537301,0.005473828,0.791401726,0.004662527,1.033267594,0.003027196,1.030409078,0.002763965,1.085318314
2024-06-12,-0.153846154,-0.645661767,-0.022463703,0.100279113,-0.018741735,0.203695764,-0.014129292,0.422809222,-0.017006085,0.535134954,-0.5,-0.497093616,-0.420452962,-0.70071619,-0.374804011,-0.351487984,-0.357765333,-0.090709362,-0.365206239,0.061099511,-0.005064078,-0.218962541,0.003366247,0.486689325,0.003689867,0.817715278,0.002622633,0.892702089,0.002607404,1.023842011
2024-06-13,0,0.145114866,-0.017970962,0.166602649,-0.016867562,0.244125981,-0.013422827,0.446293185,-0.016665964,0.557990504,0,1.113325214,-0.33636237,0.076102767,-0.33732361,0.129987004,-0.339877066,0.247242832,-0.357902114,0.281772361,-0.00194962,-0.084298436,0.002303074,0.332976552,0.003125918,0.692738009,0.00239402,0.814886012,0.002516264,0.988054134
2024-06-14,-0.285714286,-1.323470309,-0.071519627,-0.623903,-0.043752234,-0.335837993,-0.0270374,-0.006276048,-0.02204693,0.196399516,-0.222222222,0.397583512,-0.31353434,0.286985406,-0.325813471,0.277846785,-0.333994324,0.358381919,-0.355188517,0.363755814,0.005760667,0.249081961,0.002994592,0.432955776,0.003389393,0.751126965,0.002562352,0.872183646,0.002581152,1.013533547
2024-06-17,0,0.145114866,-0.057215701,-0.412743042,-0.039377011,-0.2414544,-0.02568553,0.038662179,-0.021605992,0.226029775,-0.333333333,0.039712661,-0.317494139,0.250405254,-0.326565457,0.268186735,-0.333961274,0.359006304,-0.354751413,0.376961627,-0.005073687,-0.21937803,0.001380937,0.199654706,0.002543085,0.56357576,0.002180551,0.742224387,0.002428055,0.953417474
2024-06-18,-0.1,-0.368889946,-0.065772561,-0.539062642,-0.04543931,-0.372232076,-0.029401254,-0.084854154,-0.023173872,0.120671129,-0.333333333,0.039712661,-0.320661978,0.221141132,-0.327242245,0.25949269,-0.333929877,0.359599469,-0.354323051,0.389903325,0.002888476,0.124893059,0.001682445,0.243246486,0.002577624,0.571230015,0.002215947,0.754272718,0.002437264,0.95703332
2024-06-20,0,0.145114866,-0.052618049,-0.344870756,-0.040895379,-0.274209075,-0.027931191,-0.035987022,-0.022710394,0.151815955,-0.666666667,-1.033899893,-0.389862915,-0.418128955,-0.361184687,-0.176533511,-0.350566717,0.045289732,-0.360569924,0.201172278,-0.00844181,-0.365010256,-0.000342406,-0.049504846,0.001475681,0.327027164,0.001683059,0.572886245,0.002219682,0.871596224
2024-06-21,0.066666667,0.48778474,-0.028761106,0.007314465,-0.030139174,-0.042173101,-0.023201298,0.121241854,-0.020922853,0.271935417,-0.5,-0.497093616,-0.411890332,-0.62161563,-0.375066218,-0.354856311,-0.358038381,-0.095867897,-0.363358525,0.116922808,-0.004306854,-0.186221408,-0.001135296,-0.164140171,0.000897427,0.198879807,0.001383563,0.470942738,0.002089151,0.8203411
2024-06-24,-0.333333333,-1.568234505,-0.089675551,-0.891927627,-0.06045859,-0.696232362,-0.0387079,-0.394221312,-0.027171063,-0.147932707,0,1.113325214,-0.329512266,0.139383215,-0.337559597,0.126955509,-0.340136462,0.242342224,-0.356091355,0.336479192,0.019313871,0.835100622,0.002954538,0.427164668,0.002739072,0.607008562,0.002280079,0.776102187,0.002433646,0.955612729
2024-06-25,-0.333333333,-1.568234505,-0.138407108,-1.6113213,-0.087746064,-1.284885696,-0.053439171,-0.88391132,-0.033294308,-0.559403468,-0.428571429,-0.267033783,-0.349324098,-0.043636153,-0.34666078,0.010041283,-0.34455821,0.158804809,-0.357540956,0.292683706,0.015000524,0.648598438,0.005363735,0.775484475,0.003965217,0.878735893,0.002916101,0.992593952,0.002684983,1.054304728
2024-06-26,-0.166666667,-0.71155982,-0.14405902,-1.69475696,-0.095638125,-1.455135515,-0.059100546,-1.072104079,-0.035961755,-0.738650981,,,,,,,,0.321543052,-0.353965547,0.400704289,0.005639397,0.243838437,0.005418867,0.783455488,0.004132635,0.915837581,0.003052266,1.03894227,0.002744072,1.077506753
2024-06-27,-0.125,-0.497391148,-0.140247216,-1.638485669,-0.098574312,-1.518475807,-0.062395519,-1.181634012,-0.03774252,-0.858315087,0,1.113325214,-0.279459279,0.601766796,-0.311994702,0.455363344,-0.3273303,0.484281294,-0.350390137,0.508724872,-0.023590923,-1.020033447,-0.000383091,-0.055386964,0.001360279,0.301452888,0.001720106,0.585496578,0.002217372,0.870689013
2024-06-28,-0.222222222,-0.997118048,-0.156642217,-1.880514882,-0.110939103,-1.785212675,-0.070386854,-1.447278218,-0.041432114,-1.106248979,0.25,1.91853463,-0.173567423,1.579983248,-0.255795232,1.177304368,-0.298463785,1.029638888,-0.338382334,0.871505647,-0.008297805,-0.358783684,-0.001966034,-0.284247562,0.000394471,0.087419075,0.001219211,0.414999774,0.002007068,0.788109728
2024-07-01,-0.25,-1.139897162,-0.175313774,-2.156151465,-0.124845193,-2.085198887,-0.079367511,-1.745809006,-0.045603472,-1.386556499,0,1.113325214,-0.138853938,1.900662317,-0.230215709,1.50590012,-0.283540595,1.311573669,-0.331614688,1.075970374,0.011202935,0.484396807,0.00066776,0.096544208,0.001475317,0.326946579,0.001718397,0.584914738,0.002190986,0.860328018
2024-07-02,0.166666667,1.001789551,-0.106917686,-1.146462535,-0.095694007,-1.456341023,-0.067065802,-1.336881382,-0.041358069,-1.101273289,-0.333333333,0.039712661,-0.177749817,1.541346783,-0.240527471,1.373434737,-0.286030232,1.264538466,-0.331649061,1.074931896,0.010328403,0.446583486,0.002599889,0.375889818,0.002360626,0.523140752,0.002148897,0.731450133,0.002353734,0.924233948
2024-07-03,0.285714286,1.613700041,-0.028391291,0.012773808,-0.057553178,-0.633555958,-0.049426798,-0.75053389,-0.034816622,-0.661700148,-0.333333333,0.039712661,-0.208866521,1.253894355,-0.249808057,1.254215892,-0.288395387,1.219855024,-0.331682746,1.073914188,0.060105609,2.598869525,0.014101033,2.038716007,0.008135124,1.802833409,0.005046733,1.717826846,0.003508771,1.377779215
2024-07-05,0.125,0.78762088,0.002286967,0.465657864,-0.03929786,-0.239746933,-0.040705458,-0.460623209,-0.03162029,-0.446912523,-0.5,-0.497093616,-0.267093216,0.716003018,-0.274827251,0.932818151,-0.298975618,1.019969131,-0.335049091,0.97220988,-0.015856934,-0.685628251,0.008109439,1.172456233,0.005735918,1.271142875,0.00400155,1.362063208,0.003121457,1.225693691
2024-07-08,0.285714286,1.613700041,0.058972431,1.302470127,-0.006796645,0.461378723,-0.024384471,0.081911375,-0.025273598,-0.020426598,-0.5,-0.497093616,-0.313674573,0.285689949,-0.297344526,0.643560184,-0.309026837,0.830077532,-0.338348109,0.872539657,-0.005545676,-0.239786064,0.005378416,0.777607119,0.004607759,1.021130285,0.003524188,1.1995771,0.002948115,1.157627726
2024-07-09,0,0.145114866,0.047177945,1.12835546,-0.006116981,0.476040644,-0.023165247,0.122440231,-0.024768126,0.013540182,-1,-2.107512447,-0.450939659,-0.982348691,-0.367610074,-0.259074326,-0.343575495,0.177370647,-0.351581147,0.472741974,0.00018839,0.00814567,0.004340411,0.627533144,0.004165822,0.923192182,0.003357398,1.142804488,0.00289292,1.135954661
2024-07-10,0,0.145114866,0.037742356,0.989063726,-0.005505283,0.489236373,-0.022006985,0.160942644,-0.024272764,0.046827627,-0.75,-1.302303032,-0.510751727,-1.534885511,-0.405849066,-0.750294216,-0.363896721,-0.206545961,-0.359549524,0.232000678,-0.062404703,-2.698278649,-0.009008612,-1.302457878,-0.002491231,-0.552084237,6.93E-05,0.023586306,0.001586968,0.623150046
2024-07-11,-0.166666667,-0.71155982,-0.003139449,0.385551061,-0.021621421,0.141574347,-0.029239969,-0.079492812,-0.027120642,-0.144544509,-0.4,-0.17500985,-0.488601381,-1.330263237,-0.40526416,-0.742780478,-0.365701884,-0.240649831,-0.360358534,0.207558812,0.001747886,0.075575766,-0.006857312,-0.991424713,-0.002067319,-0.458140729,0.000153223,0.052154606,0.001590186,0.624413792
2024-07-12,0,0.145114866,-0.002511559,0.394820207,-0.019459279,0.188216706,-0.027777971,-0.030893747,-0.026578229,-0.10809537,-0.25,0.308115799,-0.440881105,-0.889428963,-0.389737744,-0.543327411,-0.35991679,-0.131355548,-0.358151363,0.274242043,0.00575581,0.248871915,-0.004334688,-0.626705704,-0.001285006,-0.284771554,0.000433352,0.147506134,0.001673499,0.657127861
2024-07-15,0,0.145114866,-0.002009247,0.402235524,-0.017513351,0.230194828,-0.026389072,0.015275365,-0.026046664,-0.072375214,-0.25,0.308115799,-0.402704884,-0.536761544,-0.375763969,-0.363819652,-0.354420951,-0.027525979,-0.355988336,0.33959161,-0.044526393,-1.925249374,-0.012373029,-1.788882607,-0.005609145,-1.243048487,-0.001814635,-0.617672643,0.000749501,0.294304279
2024-07-16,-0.333333333,-1.568234505,-0.068274064,-0.57599078,-0.049095349,-0.451101225,-0.041736285,-0.494889477,-0.032192398,-0.485357125,-0.5,-0.497093616,-0.422163907,-0.716521701,-0.388187572,-0.523413838,-0.361699903,-0.165042821,-0.358868569,0.252573753,-0.008702606,-0.376286639,-0.011638944,-1.682749246,-0.005918491,-1.311603007,-0.002159034,-0.734900379,0.000560459,0.220073646
2024-07-17,-0.1,-0.368889946,-0.074619252,-0.669660833,-0.054185814,-0.560914218,-0.044649471,-0.591728227,-0.03354855,-0.576488033,0,1.113325214,-0.337731126,0.063458358,-0.349368815,-0.024746265,-0.343614908,0.176626045,-0.351691198,0.469417118,0.002231605,0.096491012,-0.008864834,-1.281670656,-0.005103481,-1.130987866,-0.001939502,-0.660175229,0.000593881,0.233197734
2024-07-18,0.125,0.78762088,-0.034695401,-0.080289849,-0.036267233,-0.174369367,-0.036166997,-0.30975783,-0.030377579,-0.36340465,-0.5,-0.497093616,-0.370184901,-0.236345779,-0.364431934,-0.218247791,-0.351434163,0.028901601,-0.354657374,0.37980275,0.022098018,0.955482623,-0.002672264,-0.386353786,-0.002383331,-0.52817258,-0.000737626,-0.251075943,0.001023964,0.402077086
2024-07-19,0.2,1.173124488,0.012243679,0.612642614,-0.01264051,0.335313182,-0.024358648,0.082769786,-0.025770027,-0.053785711,-0.333333333,0.039712661,-0.362814587,-0.168259694,-0.361322074,-0.178298383,-0.350529121,0.046000002,-0.354230893,0.392687625,0.006699833,0.28968996,-0.000797845,-0.115351736,-0.001475015,-0.32687962,-0.000365753,-0.124496368,0.001137482,0.446651628
2024-07-22,0,0.145114866,0.009794943,0.576493449,-0.011376459,0.362581657,-0.023140715,0.123255721,-0.025254627,-0.019151748,0,1.113325214,-0.29025167,0.502067963,-0.325189866,0.285857644,-0.333002665,0.377116727,-0.347146275,0.606728713,-0.035787134,-1.547377905,-0.007795702,-1.12709641,-0.004906227,-1.087274099,-0.002136822,-0.727339841,0.000398989,0.15666997
2024-07-23,-0.0625,-0.176138141,-0.004664045,0.363044388,-0.016488813,0.252296466,-0.025108679,0.057837579,-0.025999534,-0.069208151,-1,-2.107512447,-0.432201336,-0.80924628,-0.39267088,-0.581006612,-0.366352532,-0.252942118,-0.360203349,0.212247249,-0.019161143,-0.828496901,-0.010068791,-1.455737669,-0.006331718,-1.403178798,-0.002988038,-1.017080123,7.79E-06,0.003057547
2024-07-24,-0.071428571,-0.222031428,-0.018016951,0.165923749,-0.021982789,0.133778821,-0.027424674,-0.019149625,-0.026908115,-0.130263096,-0.5,-0.497093616,-0.445761069,-0.934509489,-0.403403792,-0.718882103,-0.373034905,-0.379188154,-0.362999282,0.127776279,0.002029131,0.087736343,-0.007649206,-1.105916113,-0.005495634,-1.217893136,-0.002737179,-0.931691939,4.82E-05,0.018931856
2024-07-25,-0.214285714,-0.956324016,-0.057270703,-0.413555,-0.041213081,-0.281062645,-0.036767726,-0.329726968,-0.030655667,-0.382091655,-1,-2.107512447,-0.556608855,-1.958508242,-0.463063413,-1.485272385,-0.40438316,-0.971431755,-0.375739297,-0.257126136,0.012235947,0.529062599,-0.003672176,-0.530920209,-0.003722475,-0.824941712,-0.001988523,-0.676861346,0.000291968,0.114646304
2024-07-26,-0.153846154,-0.645661767,-0.076585793,-0.698691668,-0.052476389,-0.524037986,-0.042621647,-0.524320271,-0.033119477,-0.547655111,-0.4,-0.17500985,-0.525287084,-1.669161422,-0.456757071,-1.40426083,-0.404164002,-0.967291336,-0.376224511,-0.271785466,-0.006129134,-0.265013866,-0.004163567,-0.601965226,-0.003963141,-0.878275928,-0.002195554,-0.747331221,0.000163546,0.064219187
2024-07-29,0.153846154,0.935891499,-0.030499404,-0.01834695,-0.031844134,-0.078952995,-0.032798257,-0.197775756,-0.029380164,-0.296380223,0,1.113325214,-0.420229667,-0.698653419,-0.411081364,-0.817508558,-0.383955802,-0.585510044,-0.368700021,-0.044454917,0.008608118,0.372201135,-0.00160923,-0.232661217,-0.002706015,-0.599682922,-0.00165537,-0.563461399,0.000332438,0.130537305
2024-07-30,-0.304347826,-1.419247603,-0.085269088,-0.826877754,-0.059094503,-0.666805886,-0.046375736,-0.649111912,-0.034879517,-0.665926584,0,1.113325214,-0.336183734,0.077752983,-0.369973228,-0.289431513,-0.364758012,-0.222817816,-0.36132602,0.178329022,0.106110106,4.588029721,0.019934637,2.882133835,0.008175597,1.811802603,0.003732904,1.2706205,0.002447991,0.961245586
2024-07-31,0.428571429,2.347992629,0.017499015,0.690223872,-0.01032791,0.385201249,-0.022628378,0.140286606,-0.025610498,-0.043065665,0,1.113325214,-0.268946987,0.698878105,-0.332975905,0.185837827,-0.346520111,0.1217398,-0.3540995,0.396657281,-0.061420301,-2.655714663,0.00366365,0.529687507,0.001216007,0.269480594,0.000475244,0.161765262,0.001170625,0.459666005
2024-08-01,0.25,1.430126894,0.063999212,1.376677374,0.015704881,0.94678819,-0.008996959,0.593415825,-0.020098288,0.327344644,0,1.113325214,-0.21515759,1.195778203,-0.299678314,0.613580233,-0.329194106,0.449069535,-0.34701751,0.610618975,-0.076993902,-3.329092028,-0.012467861,-1.802593299,-0.006604984,-1.463737421,-0.003398214,-1.156697399,-0.000392665,-0.154186809
2024-08-02,-0.352941176,-1.669019762,-0.019388866,0.14567102,-0.021159725,0.151534191,-0.02619417,0.021754225,-0.026755146,-0.119983879,-0.285714286,0.193085883,-0.229268929,1.065419319,-0.298281912,0.63151849,-0.327020115,0.490141431,-0.345791445,0.647660942,0.061260692,2.648813429,0.00227785,0.329329694,0.000181584,0.040240958,-0.000165268,-0.056254733,0.000840402,0.329998133
2024-08-05,0.125,0.78762088,0.009488907,0.571975633,-0.006543752,0.466834202,-0.018634461,0.2730505,-0.023720043,0.08396942,,,,,,,,0.172286391,-0.352333531,0.450010888,0.050375781,2.178167441,0.011897436,1.720121744,0.005201003,1.152599838,0.002361784,0.80391335,0.001831109,0.719016438
2024-08-06,0.111111111,0.716231323,0.029813348,0.872012717,0.005221734,0.720642696,-0.012147182,0.488697566,-0.02102342,0.265177502,-1,-2.107512447,-0.383415143,-0.358565195,-0.36845372,-0.269911851,-0.360669109,-0.145568649,-0.358875616,0.252360833,-0.011189938,-0.483834877,0.007279961,1.05253093,0.003561909,0.78935845,0.001684198,0.573273913,0.001570688,0.616757688
2024-08-07,-0.333333333,-1.568234505,-0.042815988,-0.200169025,-0.028633773,-0.009698144,-0.02820649,-0.045138386,-0.027269618,-0.154555463,-0.5,-0.497093616,-0.406732114,-0.573964622,-0.381608348,-0.438896818,-0.367635653,-0.277183358,-0.361698104,0.167087591,0.020522575,0.887363035,0.009928484,1.435452242,0.005257976,1.165225559,0.002626117,0.893887976,0.001949726,0.765593352
2024-08-08,-0.111111111,-0.426001591,-0.056475013,-0.401808714,-0.036881507,-0.187620657,-0.032351721,-0.182932208,-0.028946448,-0.267235327,0,1.113325214,-0.325385692,0.177504021,-0.343447514,0.051319053,-0.349253871,0.070092535,-0.354464142,0.385640679,0.018022101,0.779246553,0.011547207,1.669485971,0.006534388,1.448092677,0.003395916,1.155915267,0.002271174,0.891815219
2024-08-09,0.2,1.173124488,-0.00518001,0.355427521,-0.013193356,0.32338702,-0.020734135,0.203254126,-0.024367519,0.040460226,-0.4,-0.17500985,-0.340308553,0.039648388,-0.349102762,-0.021328536,-0.351791177,0.02215674,-0.355374859,0.358126014,0.006094624,0.263521724,0.010456691,1.51181996,0.006490412,1.438347023,0.003530851,1.20184512,0.002347643,0.921842089
2024-08-12,-0.333333333,-1.568234505,-0.070810675,-0.613437182,-0.045207354,-0.367228252,-0.036364095,-0.316309654,-0.030546835,-0.374778393,0,1.113325214,-0.272246843,0.668394429,-0.314192486,0.427130506,-0.334201618,0.354465628,-0.348267362,0.572858333,0.015480312,0.669343703,0.011461415,1.657082185,0.007389402,1.637573144,0.004128324,1.405215347,0.002610296,1.024977442
2024-08-13,-0.25,-1.139897162,-0.10664854,-1.142489305,-0.065686618,-0.809012907,-0.04704589,-0.67138887,-0.034935899,-0.669715324,-0.25,0.308115799,-0.267797474,0.70949717,-0.307773237,0.509592474,-0.329991537,0.434004139,-0.346302015,0.632235574,0.007063688,0.305422483,0.01058187,1.529918227,0.007356831,1.630354971,0.004275093,1.455172885,0.002699364,1.059951459
2024-08-14,-0.333333333,-1.568234505,-0.151985499,-1.811770643,-0.09245129,-1.386388186,-0.061360262,-1.1472205,-0.040903847,-1.070750433,0,1.113325214,-0.214237979,1.204273455,-0.276995914,0.904959416,-0.313491961,0.745720657,-0.339375975,0.841485703,0.000206873,0.008944861,0.00850687,1.229916492,0.006641835,1.471904011,0.004071682,1.385935055,0.002649514,1.040377075
2024-08-15,0.1,0.659119677,-0.101588399,-1.067789589,-0.073206161,-0.971226665,-0.053292249,-0.8790274,-0.038085771,-0.881380877,0,1.113325214,-0.171390383,1.600094482,-0.249296322,1.260789663,-0.297817363,1.04185135,-0.332588455,1.046550828,-0.009456763,-0.408895148,0.004914144,0.710482966,0.005031975,1.1151413,0.003395259,1.155691796,0.002407388,0.945302337
2024-08-16,-0.25,-1.139897162,-0.131270719,-1.505971231,-0.090885545,-1.352611478,-0.063127637,-1.205970729,-0.042324055,-1.166185758,0,1.113325214,-0.137112307,1.916751304,-0.22436669,1.581036885,-0.282926494,1.323175508,-0.325936686,1.247514652,0.002809059,0.121459193,0.004493127,0.649612683,0.004809684,1.065879031,0.003365949,1.145715142,0.002415422,0.948456796
2024-08-19,0,0.145114866,-0.105016575,-1.118397626,-0.08179699,-1.156550537,-0.059971255,-1.101047768,-0.041477574,-1.109303795,0,1.113325214,-0.109689845,2.170076762,-0.201930021,1.869259386,-0.26878017,1.590433458,-0.319417952,1.444459199,-0.002271198,-0.098202948,0.003140262,0.454016541,0.004101595,0.908958863,0.003084092,1.049775413,0.002321689,0.911651161
2024-08-20,0,0.145114866,-0.08401326,-0.808338743,-0.073617291,-0.98009569,-0.056972692,-1.001370955,-0.040648023,-1.05355947,0,1.113325214,-0.087751876,2.372737128,-0.181737019,2.128659636,-0.255341161,1.84432851,-0.313029593,1.637464854,0.018685336,0.807923756,0.006249277,0.903515402,0.005559969,1.232150668,0.003864154,1.315296056,0.002648962,1.040160483
2024-08-21,-0.4,-1.910904379,-0.147210608,-1.741281904,-0.106255562,-1.684177964,-0.074124058,-1.57150858,-0.047835062,-1.536515229,-0.333333333,0.039712661,-0.136868168,1.919006632,-0.19689665,1.933918301,-0.25924077,1.770655565,-0.313435668,1.625196487,-0.000149048,-0.006444598,0.004969612,0.718502471,0.004989068,1.105632531,0.003663494,1.246994575,0.002593002,1.018186748
2024-08-22,0,0.145114866,-0.117768487,-1.306646165,-0.095630006,-1.454960374,-0.070417855,-1.448308727,-0.046878361,-1.472226675,-1,-2.107512447,-0.309494534,0.324304655,-0.277206985,0.902247979,-0.296278731,1.070919778,-0.327166955,1.210345668,-0.01735819,-0.750540134,0.000504051,0.072875329,0.002754342,0.610392594,0.00261241,0.88922238,0.002193978,0.861503195
2024-08-23,-0.111111111,-0.426001591,-0.116437011,-1.286990426,-0.097178116,-1.488356665,-0.072452518,-1.515944031,-0.048163016,-1.558553115,-0.142857143,0.653205548,-0.276167056,0.632179962,-0.263772001,1.074834415,-0.288607652,1.215844838,-0.323480758,1.321713347,-0.016338191,-0.706437013,-0.002864397,-0.414132251,0.000845089,0.187280961,0.00166488,0.566698363,0.001823335,0.715963717
2024-08-26,-0.166666667,-0.71155982,-0.126482942,-1.435292261,-0.104126971,-1.638259387,-0.077163225,-1.672535154,-0.050533089,-1.717817636,-0.666666667,-1.033899893,-0.354266978,-0.089297891,-0.304061468,0.557274042,-0.307510603,0.858722832,-0.330344477,1.114346101,-0.002524126,-0.109139115,-0.002796343,-0.40429301,0.000508167,0.112615453,0.00145543,0.495404854,0.001736386,0.68182162
2024-08-27,0,0.145114866,-0.101186354,-1.061854451,-0.093714274,-1.413633655,-0.073305064,-1.544283972,-0.049522427,-1.649903034,0,1.113325214,-0.283413582,0.565237406,-0.273655321,0.947872826,-0.292135073,1.149203416,-0.323737587,1.313954018,0.00266585,0.115267033,-0.001703904,-0.24634913,0.000723935,0.160432081,0.001515951,0.516005231,0.001754975,0.689121018
2024-08-28,-0.142857143,-0.589177722,-0.109520512,-1.184886441,-0.098628561,-1.519646081,-0.076782668,-1.659884848,-0.051389121,-1.775341438,0,1.113325214,-0.226730866,1.088865643,-0.246289789,1.299411733,-0.277528319,1.425159971,-0.317262835,1.509569778,0.004431023,0.191590301,-0.000476919,-0.068952541,0.001094644,0.242585249,0.001661704,0.565617431,0.001808496,0.710136943
2024-08-29,0,0.145114866,-0.087616409,-0.861529795,-0.088765705,-1.306881679,-0.072943534,-1.532266181,-0.050361339,-1.706276361,0,1.113325214,-0.181384693,1.507768233,-0.22166081,1.615796748,-0.263651903,1.687318697,-0.310917579,1.701273222,-0.003279807,-0.141813563,-0.001037496,-0.150000408,0.000657199,0.145642575,0.001414629,0.481516877,0.00170673,0.670176755
2024-08-30,-0.25,-1.139897162,-0.120093128,-1.340963395,-0.104889135,-1.654700991,-0.081796358,-1.82654757,-0.054354112,-1.974583333,-0.454545455,-0.350691904,-0.236016845,1.003082865,-0.244949274,1.316632043,-0.273196581,1.506996881,-0.313790136,1.614487266,-0.026114249,-1.129137969,-0.006052847,-0.875115756,-0.002019946,-0.4476423,3.82E-05,0.01299748,0.00115031,0.451689075
2024-09-03,-0.142857143,-0.589177722,-0.124645931,-1.408173597,-0.108685935,-1.736606683,-0.084849397,-1.928035266,-0.056124173,-2.093528131,-0.333333333,0.039712661,-0.255480143,0.823283221,-0.25378768,1.203093468,-0.276203418,1.450190518,-0.314181,1.602678451,0.011164521,0.482735869,-0.002609373,-0.377261106,-0.000701499,-0.155459944,0.000594502,0.202358792,0.001350595,0.530334103
2024-09-04,-0.25,-1.139897162,-0.149716744,-1.778278437,-0.122817342,-2.041453494,-0.093106927,-2.202528202,-0.060001689,-2.354090067,-0.4,-0.17500985,-0.284384114,0.556271748,-0.268408912,1.015268437,-0.282393247,1.333249824,-0.31589738,1.55082303,0.019854605,0.858481056,0.001883422,0.272303677,0.001354111,0.300086033,0.001557507,0.530150285,0.001720675,0.675652435
2024-09-05,-0.25,-1.139897162,-0.169773396,-2.074362309,-0.135535608,-2.315815624,-0.100951581,-2.463296491,-0.063801656,-2.609440765,,,,,,,,1.309190319,-0.31607174,1.545555265,-0.030121938,-1.302423958,-0.00451765,-0.653158171,-0.001793494,-0.397457998,-2.65E-05,-0.009008426,0.001083823,0.425581488
2024-09-06,0,0.145114866,-0.135818716,-1.573110489,-0.121982047,-2.023434268,-0.095904002,-2.295507241,-0.062525622,-2.523693701,-0.333333333,0.039712661,-0.294173958,0.465834328,-0.274901354,0.931866222,-0.284940252,1.285130813,-0.316246099,1.540287499,0.00395132,0.170848686,-0.002823856,-0.40827081,-0.001219012,-0.270146586,0.000172424,0.058690285,0.001141172,0.448100926
2024-09-09,-0.142857143,-0.589177722,-0.137226402,-1.593891272,-0.124069556,-2.068466633,-0.098251659,-2.373546954,-0.064132253,-2.631656291,-0.5,-0.497093616,-0.335339166,0.085554996,-0.297411219,0.642703448,-0.295693239,1.081981131,-0.319921177,1.429255724,-0.002263036,-0.097850044,-0.002711692,-0.392054247,-0.001323415,-0.293283317,5.07E-05,0.017240707,0.001073088,0.421366507
2024-09-10,-0.333333333,-1.568234505,-0.176447788,-2.172892216,-0.144995934,-2.51989654,-0.110005742,-2.76427068,-0.069516274,-2.993452581,-1,-2.107512447,-0.468271333,-1.142456653,-0.367670097,-0.259845389,-0.330908577,0.416679065,-0.333522754,1.01832372,0.019802371,0.856222538,0.001791121,0.258958771,0.000789164,0.174887432,0.001038237,0.353399122,0.001447674,0.568453979
2024-09-11,0,0.145114866,-0.14115823,-1.651934415,-0.130496341,-2.207107092,-0.104505455,-2.581432721,-0.068125949,-2.90002528,-0.5,-0.497093616,-0.474617067,-1.201077788,-0.380903087,-0.429837001,-0.339363148,0.25695197,-0.336852298,0.917731221,0.006363158,0.275132684,0.002705528,0.391163075,0.001346563,0.298413305,0.001304483,0.444025008,0.001545984,0.60705696
2024-09-12,0,0.145114866,-0.112926584,-1.235168173,-0.117446707,-1.92559659,-0.099280183,-2.40773666,-0.06676343,-2.808466526,0,1.113325214,-0.379693653,-0.324186512,-0.342812779,0.059472887,-0.322394991,0.577521097,-0.330115253,1.121271436,0.009033143,0.390578528,0.003971051,0.574131377,0.002115221,0.46875641,0.001690916,0.575560602,0.001695727,0.665856189
2024-09-13,0.285714286,1.613700041,-0.03319841,-0.058190703,-0.077130607,-1.055885969,-0.080030459,-1.767846404,-0.059713876,-2.334749522,-0.272727273,0.234914943,-0.358300377,-0.126557955,-0.335804228,0.149505056,-0.319911605,0.624438204,-0.328967493,1.155947648,0.02489793,1.076546293,0.008156427,1.179249643,0.004393492,0.97364641,0.002851267,0.970525349,0.002159771,0.84807104
2024-09-16,-0.142857143,-0.589177722,-0.055130157,-0.381955443,-0.083703261,-1.197673163,-0.083171793,-1.872269158,-0.061376741,-2.446490996,,,,,,,,0.618098989,-0.329011152,1.154628637,-0.000985663,-0.042618465,0.006328009,0.914898449,0.003855577,0.854438393,0.00265942,0.905223893,0.002096862,0.823368872
2024-09-17,-0.75,-3.709921219,-0.194104125,-2.43354175,-0.150332935,-2.635027872,-0.116513204,-2.980588646,-0.075149206,-3.37197517,-0.333333333,0.039712661,-0.353306968,-0.080429435,-0.335557139,0.152679179,-0.320582691,0.611759774,-0.32905481,1.153309625,0.024075063,1.040966857,0.00987742,1.428069413,0.005877525,1.302524555,0.003730202,1.269700942,0.002536426,0.995971213
2024-09-18,0.2,1.173124488,-0.1152833,-1.269958907,-0.115299641,-1.879279473,-0.100687543,-2.45451949,-0.069646222,-3.00218482,-1,-2.107512447,-0.482645575,-1.275244198,-0.402001425,-0.700867231,-0.354553557,-0.030031223,-0.342473714,0.747896543,0.018181757,0.78614983,0.011538287,1.668196302,0.007107948,1.575199933,0.00445278,1.515654806,0.002849333,1.118839358
2024-09-19,0,0.145114866,-0.09222664,-0.929587767,-0.103769677,-1.630551732,-0.095653166,-2.287169091,-0.068253298,-2.908582875,0,1.113325214,-0.38611646,-0.38351964,-0.361801282,-0.184454319,-0.336825879,0.304887063,-0.335624239,0.954833452,0.016964278,0.733508018,0.012623485,1.825093396,0.008093581,1.7936271,0.005078355,1.728590467,0.003131632,1.229688863
2024-09-20,0.333333333,1.858464237,-0.007114646,0.326867702,-0.060059376,-0.687620402,-0.074203841,-1.574160714,-0.060221565,-2.368865306,-0.25,0.308115799,-0.358893168,-0.132034085,-0.350621154,-0.040833868,-0.332484585,0.386904502,-0.333911754,1.006571191,-0.004951722,-0.214104478,0.009108444,1.31689151,0.006789051,1.504528752,0.004576851,1.557886605,0.002969965,1.166207514
2024-09-23,0.222222222,1.28734778,0.038752728,1.003979224,-0.031831216,-0.078674326,-0.059382538,-1.081477921,-0.054572689,-1.989271309,-1,-2.107512447,-0.487114534,-1.316527918,-0.415559039,-0.875028974,-0.365860356,-0.243643732,-0.347233519,0.604092877,-0.004641159,-0.200676215,0.006358523,0.919310205,0.00564603,1.251222668,0.004115951,1.401003478,0.002817742,1.106434753
2024-09-24,-0.111111111,-0.426001591,0.00877996,0.561509886,-0.039759206,-0.249699221,-0.061968967,-1.167454766,-0.055703458,-2.065256855,0,1.113325214,-0.389691627,-0.416546616,-0.374003135,-0.341199888,-0.347567338,0.10195518,-0.340288849,0.813905859,0.020707367,0.895353106,0.009228292,1.334219053,0.007152164,1.584998531,0.004945521,1.68337606,0.003175535,1.246928104
2024-09-25,0.384615385,2.122056448,0.083947045,1.671154833,0.002678253,0.665773991,-0.039639749,-0.425197413,-0.046897081,-1.473484627,-0.285714286,0.193085883,-0.368896159,-0.224440537,-0.36517425,-0.227783619,-0.344474685,0.160382794,-0.339197358,0.846882088,-0.009778826,-0.42282066,0.005426868,0.784612274,0.005459065,1.209789082,0.004209304,1.432779486,0.002916447,1.145193069
2024-09-26,0.4,2.201134111,0.147157636,2.604293493,0.042410428,1.522888022,-0.017657762,0.30551748,-0.037959139,-0.87287149,-0.5,-0.497093616,-0.395116927,-0.466664895,-0.378656825,-0.400981409,-0.352250951,0.013470512,-0.342413411,0.749718421,-0.004209723,-0.182021639,0.00349955,0.505962137,0.004492186,0.995518053,0.003788353,1.289494401,0.002773924,1.089228808
2024-09-27,0,0.145114866,0.117726109,2.169814153,0.038169385,1.431399013,-0.016774874,0.334866031,-0.037199956,-0.821855812,-0.6,-0.819177382,-0.436093542,-0.845202019,-0.400791142,-0.685319887,-0.364638403,-0.220558129,-0.347565142,0.594073855,0.018108084,0.782964328,0.006421257,0.928380164,0.005853776,1.297261406,0.004504339,1.533204736,0.003080607,1.209653222
2024-09-30,0.1,0.659119677,0.114180887,2.117478248,0.044352447,1.564781814,-0.01093613,0.528954804,-0.034455957,-0.637464148,-0.5,-0.497093616,-0.448874833,-0.963274081,-0.410712028,-0.81276405,-0.371406483,-0.348423364,-0.35061384,0.501966353,-0.005398059,-0.23340335,0.004057394,0.586614729,0.004728592,1.047908316,0.004009219,1.364673872,0.002911034,1.143067352
2024-10-01,0,0.145114866,0.09134471,1.780361957,0.039917202,1.469103426,-0.010389323,0.547131488,-0.033766838,-0.591156616,-0.333333333,0.039712661,-0.425766533,-0.749802335,-0.402974159,-0.713363017,-0.369502826,-0.312458715,-0.350268229,0.512407956,-0.008193289,-0.354264571,0.001607257,0.232375967,0.003436404,0.761545155,0.003399094,1.156996985,0.002688947,1.055861302
2024-10-02,0.3,1.6871293,0.133075768,2.396411625,0.065925482,2.030161604,0.005130143,1.063022287,-0.027091501,-0.142586338,0,1.113325214,-0.340613227,0.03683385,-0.362676743,-0.195700526,-0.351027685,0.036580946,-0.343262865,0.724054637,0.023818274,1.02986373,0.006049461,0.874626168,0.005474591,1.21322992,0.004420053,1.504515042,0.003111534,1.221797146
2024-10-03,0,0.145114866,0.106460614,2.003508658,0.059332934,1.887945237,0.004873636,1.054495598,-0.026549671,-0.106176363,0,1.113325214,-0.272490581,0.666142799,-0.326409069,0.270195715,-0.3334763,0.368168624,-0.336397608,0.931468384,0.02482313,1.073312087,0.009804195,1.417482588,0.007409445,1.642014932,0.005440207,1.851759041,0.003545766,1.392305751
2024-10-04,0.214285714,1.246553747,0.128025634,2.321859643,0.074828212,2.222213883,0.015344239,1.402554491,-0.021732964,0.217497482,-0.5,-0.497093616,-0.317992465,0.245801773,-0.343768162,0.047199992,-0.341802485,0.210867051,-0.339669655,0.832612991,-0.014259008,-0.61653647,0.004991554,0.721674896,0.0052426,1.161818072,0.004455246,1.516494227,0.00318967,1.252478764
2024-10-07,-0.166666667,-0.71155982,0.069087174,1.451787794,0.050678724,1.701254107,0.006243694,1.100038442,-0.024631638,0.022711949,-0.2,0.469157682,-0.294393972,0.463801864,-0.329391345,0.231885245,-0.334712361,0.344816477,-0.336876262,0.917007225,0.00729194,0.315291704,0.005451631,0.788192476,0.005447534,1.207233708,0.004597081,1.564772476,0.003271716,1.28469529
2024-10-08,-0.133333333,-0.540224883,0.028603073,0.854146171,0.032277518,1.304297944,-0.000735157,0.868050746,-0.026805672,-0.123379107,-0.333333333,0.039712661,-0.302181844,0.39185842,-0.329785544,0.226821349,-0.33464341,0.346119134,-0.336805404,0.919148011,-0.010808278,-0.467332476,0.00219965,0.318023561,0.003821953,0.846986961,0.003826813,1.302585644,0.002990116,1.174120277
2024-10-09,0.4,2.201134111,0.102882458,1.950686564,0.069049766,2.097559579,0.019301601,1.534103231,-0.018269558,0.45023192,,,,,,,,0.386097052,-0.33593735,0.945373735,-0.004663167,-0.201627805,0.000827086,0.119579466,0.002973441,0.658947335,0.003402314,1.158093007,0.00283705,1.114016424
2024-10-10,0.2,1.173124488,0.122305966,2.237423744,0.08214479,2.380049233,0.028336521,1.834437793,-0.013904167,0.743578128,-0.25,0.308115799,-0.291745475,0.488268363,-0.32180699,0.329314233,-0.330411239,0.426074969,-0.335069296,0.971599458,0.016055768,0.694225474,0.003872823,0.559929572,0.004281673,0.948866157,0.004034987,1.373444632,0.003101425,1.217827541
2024-10-11,0.166666667,1.001789551,0.131178106,2.368397632,0.090596977,2.562382285,0.035253028,2.064353077,-0.01029275,0.986258646,-0.375,-0.094488909,-0.30839638,0.33444927,-0.327126291,0.260982243,-0.332640677,0.383955546,-0.33586791,0.94747166,-0.006832399,-0.295421913,0.001731778,0.250379099,0.003170266,0.702566023,0.003491617,1.188490451,0.002902748,1.139813818
2024-10-14,0.142857143,0.879407453,0.133513914,2.402879703,0.095822994,2.675119434,0.040633234,2.243199348,-0.007229753,1.192086434,0,1.113325214,-0.246717104,0.904235135,-0.294413662,0.681210208,-0.316008643,0.698174494,-0.329150551,1.150417067,-0.01484336,-0.64180294,-0.00158325,-0.228904945,0.001368904,0.303364152,0.002574868,0.876443852,0.002547826,1.000447547
2024-10-15,0,0.145114866,0.106811131,2.00868312,0.086240695,2.468407284,0.038601572,2.175663805,-0.007085157,1.201802954,-0.333333333,0.039712661,-0.26404035,0.744205037,-0.298305629,0.631213815,-0.316874878,0.68180925,-0.329234207,1.147889655,0.003319549,0.143531924,-0.00060269,-0.08713642,0.001563968,0.346592603,0.002612102,0.889117712,0.00256326,1.006508149
2024-10-16,-0.090909091,-0.322162235,0.067267087,1.424918975,0.068525716,2.086254613,0.032126039,1.960407176,-0.008761636,1.08914669,-1,-2.107512447,-0.41123228,-0.61553662,-0.368475066,-0.270186058,-0.351031134,0.036515778,-0.342649523,0.742584973,-0.003822926,-0.165297133,-0.001246737,-0.18025224,0.001025279,0.227213086,0.002290351,0.779598702,0.002435537,0.956355241
2024-10-17,0,0.145114866,0.053813669,1.226314539,0.061673144,1.938428945,0.030519737,1.907011242,-0.008586403,1.100922005,-0.666666667,-1.033899893,-0.462319157,-1.087471157,-0.398294226,-0.653244384,-0.366812911,-0.261639775,-0.349129866,0.546800293,-0.008724673,-0.377240772,-0.002742324,-0.396483033,5.03E-05,0.011143384,0.0017396,0.592131838,0.002212333,0.86871029
2024-10-18,0.153846154,0.935891499,0.073820166,1.521658016,0.070890445,2.137267243,0.036686058,2.111989181,-0.005337752,1.31922535,-0.545454545,-0.643495328,-0.478946235,-1.241070135,-0.413010258,-0.842287219,-0.375744992,-0.430388188,-0.353056359,0.428172729,-0.003020856,-0.130616945,-0.002798031,-0.404537019,-0.00025683,-0.056916466,0.001501577,0.511112699,0.002107669,0.827612266
2024-10-21,0,0.145114866,0.059056133,1.303705771,0.063801401,1.984340312,0.034851755,2.051014147,-0.005230997,1.326399091,-0.5,-0.497093616,-0.483156988,-1.279968574,-0.421709232,-0.954034649,-0.381957743,-0.547761921,-0.355995232,0.33938325,0.009890514,0.427649878,-0.000260322,-0.037637087,0.000757904,0.167959911,0.001921024,0.65388568,0.002263326,0.888733619
2024-10-22,-0.166666667,-0.71155982,0.013911573,0.637264696,0.040754594,1.487167892,0.024775834,1.716075115,-0.008459711,1.109435526,-0.25,0.308115799,-0.43652559,-0.849193233,-0.404538309,-0.733456166,-0.375359856,-0.423112033,-0.353875328,0.403429992,-0.022139068,-0.957257583,-0.004636071,-0.67027942,-0.001531793,-0.339462305,0.000718019,0.244402223,0.001775278,0.697093256
2024-10-23,-0.142857143,-0.589177722,-0.01744217,0.174408877,0.02239342,1.091075312,0.016394185,1.437456285,-0.011147659,0.928810351,-0.333333333,0.039712661,-0.415887139,-0.658537657,-0.397417811,-0.641985921,-0.373258529,-0.383412951,-0.353464488,0.415842322,0.011990156,0.518435009,-0.001310825,-0.189518097,-0.000179598,-0.039800957,0.001281626,0.436244949,0.001979575,0.777314198
2024-10-24,-0.25,-1.139897162,-0.063953736,-0.512212458,-0.004845922,0.503460301,0.003074476,0.994688772,-0.015924706,0.607801645,-0.25,0.308115799,-0.382709711,-0.352048499,-0.38267603,-0.45261231,-0.367095603,-0.266980511,-0.351395198,0.478359883,0.014060992,0.607974602,0.001763538,0.254970913,0.001244461,0.275786264,0.001920594,0.653739499,0.002221204,0.872193703
2024-10-25,0.333333333,1.858464237,0.015503678,0.660767949,0.028972004,1.232990428,0.019587419,1.543604256,-0.008939545,1.077191524,-0.333333333,0.039712661,-0.372834436,-0.26082187,-0.377741761,-0.38922645,-0.36540749,-0.235088005,-0.351033961,0.489273616,-0.003178582,-0.137436736,0.000775114,0.112065376,0.000802157,0.177766757,0.001665636,0.566955618,0.002113208,0.829787339
2024-10-28,-0.125,-0.497391148,-0.012597058,0.245934258,0.013574803,0.900837542,0.012358048,1.303288906,-0.011260754,0.921210569,-1,-2.107512447,-0.498267548,-1.419558146,-0.439967585,-1.188582297,-0.397137115,-0.834536614,-0.364013281,0.097141254,0.035904315,1.55244461,0.007800954,1.127855702,0.004312372,0.955669377,0.00337757,1.14967045,0.00278903,1.095160479
2024-10-29,0.277777778,1.572906008,0.045477909,1.103258896,0.039995101,1.470783885,0.025629034,1.744436801,-0.005479984,1.309667659,-0.333333333,0.039712661,-0.465280705,-1.114829588,-0.429304159,-1.051599439,-0.393946926,-0.774266302,-0.363399683,0.115679359,-0.026589797,-1.149699908,0.000922804,0.133418255,0.001222155,0.270843147,0.001879201,0.639649925,0.002201454,0.86443848
2024-10-30,0.15625,0.948247383,0.067632327,1.430310799,0.051620591,1.721572335,0.032160082,1.961538838,-0.002245384,1.527026771,0,1.113325214,-0.372224564,-0.255187952,-0.386373743,-0.500113307,-0.37424958,-0.402136262,-0.356131689,0.335260611,-0.02972659,-1.285329755,-0.005207075,-0.752834694,-0.001872719,-0.41501525,0.000298912,0.101744736,0.001562893,0.613696615
2024-10-31,0.086956522,0.592075571,0.071497166,1.487365012,0.055154184,1.797800033,0.034899904,2.052614712,-0.000461346,1.646910831,-1,-2.107512447,-0.497779651,-1.415051011,-0.447736369,-1.288380468,-0.405537101,-0.993232458,-0.369009055,-0.053791491,-0.006183718,-0.267373992,-0.005402403,-0.781075157,-0.002303819,-0.510551754,-2.52E-05,-0.00858442,0.001407961,0.552859825
2024-11-01,-0.1,-0.368889946,0.037197733,0.981023801,0.039638765,1.463096914,0.028154909,1.828400751,-0.002452119,1.513134564,-0.285714286,0.193085883,-0.455366578,-1.023244053,-0.431534161,-1.080246141,-0.39954596,-0.880045462,-0.36734316,-0.003461315,0.005672681,0.245277583,-0.003187387,-0.460829784,-0.001506169,-0.333783692,0.000259675,0.088389283,0.001493255,0.586352139
2024-11-04,-0.090909091,-0.322162235,0.011576368,0.60279152,0.02658398,1.18147528,0.022201709,1.630507275,-0.004221258,1.394251668,-0.666666667,-1.033899893,-0.497626596,-1.413637103,-0.455047411,-1.382298459,-0.412901995,-1.132372953,-0.37332963,-0.184325069,-0.008020378,-0.346788218,-0.004153985,-0.600579803,-0.00215759,-0.478145773,-0.000154327,-0.052530584,0.001302982,0.511638316
2024-11-05,-0.181818182,-0.789439337,-0.027102542,0.031798816,0.005743764,0.731904075,0.012000715,1.29141061,-0.007773197,1.155567975,-0.5,-0.497093616,-0.498101277,-1.418022148,-0.45954267,-1.440044765,-0.417256895,-1.214647447,-0.375863037,-0.260864592,0.02512668,1.086437089,0.001702148,0.246095207,0.000570837,0.126503806,0.001109723,0.37773187,0.001779456,0.698733979
2024-11-06,0,0.145114866,-0.021682033,0.111818411,0.005169387,0.71951346,0.011400679,1.271464504,-0.007617733,1.166014864,0,1.113325214,-0.398481021,-0.497742,-0.413588403,-0.849714099,-0.396394051,-0.820498349,-0.368345776,-0.03375246,0.025394672,1.098024613,0.006440653,0.931184417,0.003053221,0.676627417,0.00232397,0.791042202,0.002251761,0.884192358
2024-11-07,0.2,1.173124488,0.022654373,0.766329221,0.024652449,1.139807726,0.020830645,1.584931003,-0.003465378,1.445045414,0,1.113325214,-0.318784817,0.238482119,-0.372229563,-0.318416501,-0.376574348,-0.446056707,-0.360978861,0.188817429,-0.008756819,-0.378630723,0.003401158,0.491736758,0.001872217,0.414903886,0.001769931,0.602456061,0.002031589,0.79773821
2024-11-08,0.222222222,1.28734778,0.062567943,1.35554844,0.044409426,1.566010989,0.030900224,1.91965921,0.001048374,1.748361196,-0.333333333,0.039712661,-0.32169452,0.211602624,-0.36833994,-0.268450222,-0.374412297,-0.405210391,-0.36042595,0.20552201,0.003717819,0.160752496,0.003464491,0.500893266,0.002056777,0.455804477,0.001867325,0.635607554,0.002065314,0.810980753
2024-11-11,0,0.145114866,0.050054354,1.170818111,0.039968483,1.470209684,0.029355213,1.868300674,0.001027406,1.746952221,-0.666666667,-1.033899893,-0.39068895,-0.425759761,-0.398172613,-0.651682132,-0.389025016,-0.681279635,-0.366550765,0.02047859,-0.010075747,-0.435659027,0.000756443,0.109365936,0.000843524,0.186934345,0.001270172,0.432346055,0.001822492,0.715632845
2024-11-12,-0.166666667,-0.71155982,0.00671015,0.530954568,0.019304968,1.024450327,0.019554119,1.542497316,-0.002326475,1.521577593,-0.666666667,-1.033899893,-0.445884493,-0.935649669,-0.425022018,-0.99659085,-0.402907098,-0.943545418,-0.372553083,-0.160863962,-0.00962904,-0.416344156,-0.001320654,-0.190939033,-0.000203732,-0.045149264,0.000725211,0.246850217,0.001593462,0.625700036
2024-11-13,-0.111111111,-0.426001591,-0.016854102,0.18309016,0.00626336,0.743112966,0.013020857,1.325321709,-0.004502168,1.375375069,-0.5,-0.497093616,-0.456707594,-1.035632201,-0.432519816,-1.092907917,-0.407761744,-1.035261288,-0.375102021,-0.237872707,-0.01001734,-0.43313363,-0.003059991,-0.442411035,-0.001185093,-0.262629672,0.000188084,0.064020614,0.001361246,0.534516428
2024-11-14,-0.181818182,-0.789439337,-0.049846918,-0.303962272,-0.012544794,0.337377992,0.003278905,1.001484322,-0.008048488,1.137068908,0,1.113325214,-0.365366076,-0.191830042,-0.389267835,-0.537290936,-0.387373656,-0.650081499,-0.367599981,-0.011220413,-0.024824062,-1.073352368,-0.007412805,-1.071737419,-0.00354899,-0.786495353,-0.001062524,-0.361666023,0.000837539,0.328874235
2024-11-15,-0.25,-1.139897162,-0.089877534,-0.894909377,-0.036290314,-0.174867287,-0.00938504,0.580515407,-0.012887518,0.811895031,-0.555555556,-0.676029042,-0.403403972,-0.543219631,-0.405896607,-0.750904921,-0.395782751,-0.80894944,-0.371359092,-0.124791015,-0.009299173,-0.402081252,-0.007790079,-1.126283344,-0.004124008,-0.913925781,-0.001474356,-0.50184719,0.000634805,0.249267154
2024-11-18,-0.230769231,-1.041050083,-0.118055874,-1.310888683,-0.055738206,-0.594402863,-0.02045425,0.212557947,-0.017245153,0.519070073,-0.2,0.469157682,-0.362723177,-0.16741526,-0.385306946,-0.486409176,-0.385993614,-0.624009189,-0.36793191,-0.021248701,0.020059445,0.867338022,-0.002220174,-0.320990983,-0.001705663,-0.377993732,-0.000397666,-0.13535918,0.001023298,0.401815506
2024-11-19,0.333333333,1.858464237,-0.027778032,0.021826969,-0.016831052,0.244913581,-0.00276487,0.800579973,-0.010233583,0.990234584,-0.5,-0.497093616,-0.390178542,-0.421044674,-0.396776251,-0.63374441,-0.391693933,-0.731701871,-0.370573272,-0.101049752,0.011706605,0.506174707,0.000565182,0.081713527,-0.000364436,-0.080763051,0.000207547,0.0706458,0.001236964,0.485715177
2024-11-20,0,0.145114866,-0.022222426,0.103840934,-0.015147947,0.281222016,-0.002626627,0.805175399,-0.010028911,1.003988141,-0.5,-0.497093616,-0.412142833,-0.623948205,-0.407098626,-0.766346121,-0.397109236,-0.83400992,-0.373161807,-0.179254782,-0.010482528,-0.453247603,-0.00164436,-0.237740284,-0.001376245,-0.304991159,-0.000326956,-0.111290707,0.001002574,0.393677987
2024-11-21,0.142857143,0.879407453,0.010793488,0.591234344,0.000652562,0.622075192,0.004647562,1.046980553,-0.00697119,1.209461339,-0.333333333,0.039712661,-0.396380933,-0.478341635,-0.399722097,-0.67158688,-0.393920441,-0.773765943,-0.372365237,-0.155188756,-0.002573028,-0.111253583,-0.001830094,-0.264593496,-0.001495924,-0.33151319,-0.00043926,-0.149517044,0.000931062,0.365597556
2024-11-22,-0.083333333,-0.283222477,-0.008031876,0.313327194,-0.007746027,0.440898375,0.000248517,0.900749575,-0.008498433,1.106833445,-0.125,0.710720507,-0.342104747,0.023055365,-0.372249887,-0.318677589,-0.380474419,-0.519738387,-0.367417932,-0.005720357,0.00693831,0.300001342,-7.64E-05,-0.011047726,-0.0006525,-0.144601244,-7.04E-05,-0.023956719,0.001051207,0.412774534
2024-11-25,0,0.145114866,-0.006425501,0.337041114,-0.006971425,0.457608331,0.000236091,0.900336521,-0.008328464,1.118255025,-0.666666667,-1.033899893,-0.407017131,-0.576597569,-0.401691565,-0.696886762,-0.394784032,-0.790081232,-0.373402907,-0.18653893,0.015706689,0.67913187,0.003080207,0.445333912,0.000983419,0.217936463,0.000718472,0.244556351,0.001344317,0.527869052
2024-11-26,0,0.145114866,-0.005140401,0.356012249,-0.006274282,0.472647291,0.000224286,0.89994412,-0.008161895,1.129448173,-0.333333333,0.039712661,-0.392280371,-0.440461126,-0.394855742,-0.609073457,-0.391711497,-0.73203369,-0.372601516,-0.162327221,-0.010245345,-0.442992191,0.000415097,0.06001437,-0.000139458,-0.030905357,0.000170281,0.057960982,0.001112524,0.436851464
2024-11-27,0,0.145114866,-0.004112321,0.371189158,-0.005646854,0.486182356,0.000213072,0.899571339,-0.007998657,1.140417458,-0.2,0.469157682,-0.353824297,-0.085208456,-0.375370168,-0.358760859,-0.382125922,-0.550939227,-0.369149485,-0.058034183,0.014938464,0.64591509,0.00331977,0.479969737,0.001368335,0.303238061,0.00090869,0.309303606,0.001389042,0.545431315
2024-11-29,0,0.145114866,-0.003289857,0.383330685,-0.005082169,0.498363913,0.000202419,0.899217197,-0.007838684,1.151167357,-0.2,0.469157682,-0.323059438,0.19899368,-0.357833151,-0.13347952,-0.373019626,-0.378899487,-0.365766496,0.044172995,0.030303019,1.310253649,0.00871642,1.260213038,0.004261803,0.944462659,0.002378407,0.809571491,0.001967322,0.772502685
2024-12-02,0,0.145114866,-0.002631885,0.393043906,-0.004573952,0.509327315,0.000192298,0.898880762,-0.00768191,1.161702258,-0.5,-0.497093616,-0.35844755,-0.127917521,-0.372049836,-0.31610772,-0.379368644,-0.498847654,-0.368451166,-0.03693649,0.030184871,1.305145087,0.01301011,1.880991308,0.00685411,1.518946489,0.00376873,1.282815185,0.002531673,0.994104765
2024-12-03,-0.2,-0.882894757,-0.042105508,-0.189680651,-0.024116557,0.087748559,-0.009817317,0.566145849,-0.011528272,0.903233864,-0.4,-0.17500985,-0.36675804,-0.204688846,-0.374844852,-0.352012631,-0.380400212,-0.51833644,-0.369082142,-0.055999612,0.006721512,0.290627345,0.011752391,1.699151219,0.00684085,1.516007982,0.003916369,1.33306917,0.00261547,1.02700901
2024-12-04,0.25,1.430126894,0.016315593,0.672753755,0.003295099,0.679080769,0.003173549,0.997982105,-0.006297707,1.254718182,-0.666666667,-1.033899893,-0.426739765,-0.758792937,-0.404027034,-0.7268883,-0.394713535,-0.788749382,-0.375033833,-0.2358126,-0.011311413,-0.489087225,0.00713963,1.032241982,0.005025624,1.113733778,0.00315498,1.073904549,0.002336932,0.91763643
2024-12-05,0,0.145114866,0.013052475,0.624582363,0.002965589,0.671972486,0.003014871,0.992707425,-0.006171753,1.263182067,0,1.113325214,-0.341391812,0.029641369,-0.36362433,-0.207873281,-0.374977858,-0.415895188,-0.367533156,-0.009201508,0.022652025,0.979436986,0.010242109,1.480795898,0.006788264,1.504354304,0.004129832,1.405728598,0.002743234,1.077177814
2024-12-06,0.105263158,0.686172562,0.031494611,0.896832161,0.013195346,0.892651777,0.008127285,1.162651899,-0.003943054,1.412946463,-0.25,0.308115799,-0.32311345,0.198494722,-0.352261897,-0.061910935,-0.368728965,-0.297838636,-0.365182493,0.06181693,-0.010193532,-0.440751885,0.006154981,0.889882173,0.005090084,1.128018931,0.003413664,1.161956431,0.002484499,0.975580955
2024-12-09,-0.142857143,-0.589177722,-0.003375739,0.382062848,-0.002409903,0.556010808,0.000578064,0.91170423,-0.006721336,1.226251069,-0.75,-1.302303032,-0.40849076,-0.590210781,-0.392035708,-0.572847163,-0.387792517,-0.65799478,-0.372878843,-0.170705866,0.009407972,0.406785505,0.006805579,0.983945135,0.005521873,1.223708086,0.003713379,1.263974733,0.002622968,1.029953361
2024-12-10,0,0.145114866,-0.002700592,0.392029637,-0.002168913,0.561209521,0.000549161,0.910743443,-0.006586909,1.235284296,-0.692307692,-1.116485474,-0.465254146,-1.114584238,-0.422062906,-0.95857796,-0.403018276,-0.945645824,-0.37926742,-0.363718106,0.013042075,0.56391825,0.008052878,1.164278641,0.006273893,1.390364063,0.004179814,1.422741635,0.00283135,1.111778174
2024-12-11,-0.181818182,-0.789439337,-0.03852411,-0.136810691,-0.020133839,0.173664891,-0.008569206,0.607634969,-0.010091535,0.999779952,-1,-2.107512447,-0.572203317,-2.102568041,-0.479856615,-1.700998656,-0.432867362,-1.509566541,-0.391682072,-0.738790634,-0.006777538,-0.293049789,0.005086795,0.735444722,0.00496875,1.101129931,0.003631947,1.236256303,0.002639172,1.036316284
2024-12-12,0.083333333,0.573452209,-0.014152621,0.222970445,-0.009787122,0.396867286,-0.003974079,0.76038402,-0.008223038,1.125339517,-0.2,0.469157682,-0.497762654,-1.414893988,-0.451870954,-1.341493538,-0.421223994,-1.289595436,-0.38784843,-0.622968327,0.005210476,0.225292586,0.005111531,0.739021075,0.004992923,1.106486852,0.003710873,1.263121612,0.002690599,1.056509615
2024-12-13,-0.076923077,-0.250273451,-0.026706712,0.037642201,-0.016500718,0.252039651,-0.007621529,0.639137206,-0.009597038,1.033009207,-0.454545455,-0.350691904,-0.489119214,-1.335046912,-0.452138404,-1.344929214,-0.422890067,-1.321071545,-0.389182371,-0.663269453,-0.006047798,-0.26149702,0.002879665,0.416339706,0.003888851,0.861812281,0.00322294,1.097036866,0.002515831,0.987883993
2024-12-16,0.230769231,1.331279815,0.024788476,0.797833659,0.008226277,0.785457578,0.004298009,1.035360884,-0.004789713,1.356052576,-0.5,-0.497093616,-0.491295371,-1.355149995,-0.456924564,-1.406412444,-0.426745564,-1.39391111,-0.391398723,-0.730230089,-0.00825652,-0.356998587,0.000652428,0.094327564,0.002674314,0.59265745,0.002648967,0.901665684,0.002300384,0.903285034
2024-12-17,0,0.145114866,0.019830781,0.724646285,0.007403649,0.767711613,0.004083108,1.028217265,-0.004693919,1.362489773,-0.75,-1.302303032,-0.543036297,-1.833126554,-0.486232107,-1.782898522,-0.442908285,-1.69926363,-0.398570749,-0.946911944,-0.017085382,-0.738744354,-0.002895134,-0.418576123,0.000698344,0.154760749,0.001662249,0.565802908,0.001912668,0.751041971
2024-12-18,0,0.145114866,0.015864625,0.666096387,0.006663285,0.751740245,0.003878953,1.021430826,-0.00460004,1.368798226,-0.285714286,0.193085883,-0.491571895,-1.357704487,-0.466180325,-1.525312389,-0.435048585,-1.550775075,-0.39631362,-0.878719359,-0.032454585,-1.403283866,-0.008807024,-1.273312468,-0.002616949,-0.579944798,-4.36E-05,-0.01483822,0.001225323,0.481144155
2024-12-19,0.125,0.78762088,0.0376917,0.988315927,0.018496956,1.00701965,0.009935005,1.222743272,-0.00200804,1.542975884,-0.333333333,0.039712661,-0.459924182,-1.06534666,-0.452895626,-1.354656522,-0.429962823,-1.454692841,-0.395054014,-0.840664042,-0.001659495,-0.071753868,-0.007377518,-1.066635654,-0.002521203,-0.558726553,-0.000124388,-0.042339574,0.001167627,0.458488692
2024-12-20,0,0.145114866,0.03015336,0.8770321,0.01664726,0.967117479,0.009438255,1.206230533,-0.001967879,1.545674615,-0.1,0.791241448,-0.387939346,-0.400359247,-0.417606063,-0.901325149,-0.413464682,-1.143003447,-0.389152934,-0.662380095,0.022252373,0.962156672,-0.00145154,-0.209862488,-4.38E-05,-0.009716727,0.00099445,0.338494922,0.001589322,0.624074425
2024-12-23,0.166666667,1.001789551,0.057456021,1.280084317,0.031649201,1.290743706,0.017299676,1.46755618,0.001404812,1.772313203,-0.666666667,-1.033899893,-0.44368481,-0.915329258,-0.442512124,-1.221269566,-0.426124781,-1.382183039,-0.394703208,-0.830065472,0.004579249,0.197999338,-0.000245382,-0.035477159,0.000418464,0.092736166,0.00117369,0.399505319,0.00164912,0.647555349
2024-12-24,0,0.145114866,0.045964817,1.110446812,0.028484281,1.222469129,0.016434692,1.438802796,0.001376716,1.770425187,-0.4,-0.17500985,-0.434947848,-0.834618235,-0.438260911,-1.166658293,-0.424818542,-1.357505055,-0.394809144,-0.833266015,-0.010025072,-0.433467915,-0.00220132,-0.31826509,-0.00062589,-0.138704117,0.000613752,0.208911382,0.001415636,0.555873919
2024-12-26,-0.5,-2.424909191,-0.063228146,-0.501501028,-0.024364147,0.082407464,-0.009387043,0.580448834,-0.008650818,1.096593437,,,,,,,,-1.471732311,-0.39752772,-0.915399845,-0.017784192,-0.768959759,-0.005317894,-0.768856916,-0.00234172,-0.518951057,-0.000306145,-0.104206859,0.00103164,0.405091086
2024-12-27,-0.285714286,-1.323470309,-0.107725374,-1.158385942,-0.050499161,-0.481384658,-0.023203405,0.121171818,-0.014192088,0.724230391,-0.666666667,-1.033899893,-0.481291612,-1.262736449,-0.461101487,-1.460069395,-0.436910948,-1.585959566,-0.400246295,-0.997533675,0.005978859,0.258516219,-0.003058544,-0.442201801,-0.001509662,-0.334557825,8.11E-06,0.002758867,0.001130584,0.443943294
2024-12-30,0,0.145114866,-0.086180299,-0.840329395,-0.045449245,-0.372446399,-0.022043235,0.159737652,-0.013908246,0.743304031,-0.666666667,-1.033899893,-0.518366623,-1.605231019,-0.481658005,-1.724139388,-0.448398734,-1.802991352,-0.405574702,-1.158515981,-0.004305556,-0.186165278,-0.003307946,-0.478260198,-0.001789252,-0.396517915,-0.000207578,-0.070656178,0.001021861,0.401251424
2024-12-31,0.142857143,0.879407453,-0.040372811,-0.164101919,-0.026618606,0.033773619,-0.013798216,0.433814693,-0.010772938,0.953990912,-0.428571429,-0.267033783,-0.500407584,-1.439327541,-0.476349347,-1.655944123,-0.447407369,-1.784262088,-0.406034637,-1.172411563,0.025503644,1.102736411,0.002454372,0.354851126,0.000940038,0.208322821,0.001077983,0.366928183,0.001511497,0.593515254
2025-01-02,0,0.145114866,-0.032298249,-0.044902177,-0.023956746,0.09119605,-0.013108305,0.456748384,-0.010557479,0.968469342,-0.222222222,0.397583512,-0.444770512,-0.92535884,-0.450936635,-1.329491229,-0.436148111,-1.571547755,-0.402358388,-1.061344431,0.01169064,0.505484404,0.004301626,0.621925572,0.002015098,0.446568042,0.001608616,0.547547082,0.00171508,0.673455551
2025-01-03,0,0.145114866,-0.025838599,0.050457617,-0.021561071,0.142876238,-0.01245289,0.478535389,-0.01034633,0.982658204,-0.277777778,0.218648086,-0.411371965,-0.616827011,-0.433620749,-1.107050551,-0.428229595,-1.421948012,-0.399866776,-0.986067628,0.032476304,1.404222971,0.009936561,1.436620058,0.005061219,1.121622032,0.003152,1.072890354,0.002330304,0.915033985
2025-01-06,0.176470588,1.05218218,0.014623238,0.64777057,-0.001757905,0.570075895,-0.003006716,0.792540661,-0.006609991,1.233733228,0,1.113325214,-0.329097572,0.14321411,-0.390258674,-0.550019307,-0.406818115,-1.017433886,-0.391869441,-0.744451435,-0.028969372,-1.252588876,0.002155375,0.31162234,0.00165816,0.367466532,0.001545932,0.526210384,0.001704311,0.669226902
2025-01-07,-0.153846154,-0.645661767,-0.01907064,0.150368788,-0.01696673,0.2419867,-0.010548688,0.541833977,-0.009554715,1.035853275,-0.714285714,-1.187273115,-0.4061352,-0.5684504,-0.422661378,-0.96626596,-0.422191495,-1.307873848,-0.398317766,-0.939268802,-0.005493974,-0.237550576,0.000625505,0.090434995,0.000942946,0.208967339,0.001193937,0.406396834,0.001560345,0.612696302
2025-01-08,0.1,0.659119677,0.004743488,0.501921956,-0.005270057,0.494310732,-0.005021253,0.725574352,-0.00736362,1.183090757,-0.5625,-0.69839597,-0.43740816,-0.857346309,-0.43664524,-1.145903308,-0.42920692,-1.440412031,-0.401601411,-1.038474559,-0.004803096,-0.207678139,-0.000460215,-0.066537571,0.000368342,0.081628678,0.000894085,0.304332146,0.001433076,0.562722013
2025-01-10,-0.111111111,-0.426001591,-0.018427432,0.159864071,-0.015854162,0.265987331,-0.010325746,0.549244893,-0.00943857,1.043657969,-0.217391304,0.413143114,-0.393404789,-0.450848365,-0.414719847,-0.864248675,-0.418616139,-1.24032682,-0.397917209,-0.927167126,-0.003343718,-0.144576964,-0.001036916,-0.149916466,-2.86E-06,-0.000634674,0.000682195,0.232208145,0.001337541,0.52520821
2025-01-13,0,0.145114866,-0.014741945,0.214270615,-0.014268746,0.300188391,-0.009809459,0.566407073,-0.009249799,1.056343058,-0.571428571,-0.727153449,-0.429009546,-0.779760898,-0.430390719,-1.065557437,-0.426256761,-1.384676459,-0.401387436,-1.032009932,0.008494914,0.367306383,0.00086945,0.125704406,0.000846914,0.187685484,0.001072831,0.36517436,0.001480688,0.581417519
2025-01-14,-0.083333333,-0.283222477,-0.028460223,0.011756211,-0.021175205,0.151200255,-0.013485653,0.44420477,-0.01073147,0.95677753,-0.333333333,0.039712661,-0.409874303,-0.60299179,-0.420684981,-0.940877065,-0.42161059,-1.296899156,-0.400026354,-0.990888803,0.002113915,0.091402253,0.001118343,0.161689139,0.000973614,0.215763619,0.001124885,0.38289277,0.001493353,0.586390464
2025-01-15,-0.4,-1.910904379,-0.102768178,-1.085205942,-0.059057684,-0.666011614,-0.03281137,-0.198211642,-0.01851684,0.433615031,0,1.113325214,-0.327899442,0.154282287,-0.378616483,-0.400463169,-0.40053006,-0.898637472,-0.392025827,-0.749176187,0.020523325,0.887395448,0.004999339,0.722800486,0.002928585,0.649006823,0.002094807,0.713038649,0.001873952,0.73583936
2025-01-16,0,0.145114866,-0.082214543,-0.781785395,-0.053151916,-0.538610659,-0.031170802,-0.143676635,-0.018146503,0.458500979,0,1.113325214,-0.262319554,0.760101548,-0.340754834,0.085909336,-0.380503557,-0.520288873,-0.38418531,-0.512297824,-0.009967129,-0.430962567,0.002006046,0.290032488,0.001639014,0.363223548,0.00149171,0.507754184,0.00163713,0.642847294
2025-01-17,-0.136363636,-0.555800786,-0.093044361,-0.941659277,-0.061473088,-0.718117403,-0.036430443,-0.318515173,-0.020510846,0.299621528,-0.423076923,-0.249336873,-0.294471028,0.463090032,-0.348987043,-0.019842004,-0.382632225,-0.560504515,-0.384963142,-0.535797759,0.008853573,0.382814194,0.003375551,0.488034479,0.00236047,0.52310615,0.001859803,0.633047175,0.001781459,0.699520488
2025-01-21,0.3,1.6871293,-0.014435489,0.218794639,-0.025325779,0.061662858,-0.019608921,0.240657959,-0.014100629,0.730376243,-0.260869565,0.273106694,-0.287750735,0.5251713,-0.340175295,0.09335412,-0.376544092,-0.445485103,-0.382481271,-0.460815241,0.006513674,0.281640748,0.004003176,0.578775934,0.00277579,0.615145749,0.002092497,0.712252318,0.001876104,0.736684192
2025-01-22,0.1,0.659119677,0.008451609,0.556662636,-0.012793201,0.332019274,-0.013628475,0.439457135,-0.011818617,0.883723265,-0.304347826,0.133070274,-0.291070153,0.494506908,-0.336592548,0.139378255,-0.372934279,-0.377287085,-0.380918602,-0.413603754,0.014409631,0.62304919,0.006084467,0.879687328,0.003939174,0.872964525,0.002708354,0.921880056,0.002126774,0.835114279
2025-01-23,0.125,0.78762088,0.031761287,0.900768926,0.000986119,0.629270777,-0.006697051,0.669868265,-0.009082244,1.067602422,0.1,1.43540898,-0.212856123,1.217038882,-0.292933294,0.700227087,-0.349287565,0.069455968,-0.37130023,-0.123012666,-0.015383427,-0.665154538,0.001790888,0.258925165,0.002006914,0.444754335,0.001803765,0.61397248,0.00177657,0.697600673
2025-01-24,-0.259259259,-1.187490201,-0.026442822,0.041537844,-0.025038419,0.067861876,-0.019325162,0.250090556,-0.014085784,0.731373773,-0.325581395,0.064680394,-0.235401177,1.008770332,-0.296198104,0.658287182,-0.348102257,0.091849284,-0.370385853,-0.095387438,0.062862038,2.718053062,0.014005118,2.02484874,0.008092426,1.793371145,0.004856678,1.653135283,0.002998279,1.177325786
2025-01-27,-0.047619048,-0.09964933,-0.030678067,-0.020984446,-0.027296482,0.019150287,-0.020739856,0.203063953,-0.01475645,0.686306309,-0.259259259,0.278293228,-0.240172794,0.964690703,-0.292504219,0.705738995,-0.343660107,0.175772132,-0.368163321,-0.028240112,0.013513555,0.584304324,0.013906806,2.010634793,0.008634539,1.913509354,0.005289522,1.800468384,0.003208585,1.259905852
2025-01-28,-0.041666667,-0.069053806,-0.032875787,-0.053428018,-0.0287335,-0.011849494,-0.021786197,0.168281993,-0.015294654,0.650139973,-0.074074074,0.874744647,-0.20695305,1.271570773,-0.270661205,0.986335382,-0.330180805,0.430428419,-0.362281536,0.149460883,0.032325942,1.397721572,0.017590633,2.543239598,0.01100368,2.438537031,0.006641343,2.260606555,0.003790932,1.488574439
2025-01-29,0.382352941,2.11042738,0.050169958,1.1725247,0.012375144,0.874958137,-0.00157924,0.839992154,-0.007341702,1.184563624,-0.266666667,0.254435171,-0.218895773,1.161245305,-0.270261751,0.991466784,-0.327005098,0.490425127,-0.360369239,0.207235377,-0.008352261,-0.361138296,0.012402054,1.793079032,0.009068086,2.009587987,0.005891663,2.005427445,0.003548068,1.39320978
2025-01-30,0.321428571,1.797273188,0.104421681,1.973409156,0.043280487,1.541657182,0.014571151,1.376855844,-0.000766297,1.626418704,-0.380952381,-0.113660561,-0.251307095,0.861833346,-0.281330814,0.849273083,-0.329702462,0.43946546,-0.360780902,0.194798184,-0.021837905,-0.944235744,0.005554062,0.803001881,0.005977487,1.324677087,0.004505184,1.533492468,0.003040349,1.193845036
2025-01-31,-0.4,-1.910904379,0.003537345,0.484116414,-0.001047562,0.58539962,-0.006157407,0.687806879,-0.008750971,1.089863382,-0.257575758,0.283715514,-0.252560827,0.850251513,-0.278955308,0.879788939,-0.326096127,0.507597768,-0.358716799,0.257159039,0.039339599,1.700980762,0.01231117,1.779939038,0.009313698,2.064018372,0.006246905,2.126346239,0.003766334,1.478915488
2025-02-03,0.181818182,1.079669068,0.039193512,1.010486248,0.017239012,0.979882923,0.003241373,1.000236686,-0.004939588,1.345981271,-0.2,0.469157682,-0.242048662,0.947361655,-0.271059778,0.981215298,-0.319791321,0.626710658,-0.355542463,0.353062352,0.001494636,0.064625652,0.010147863,1.467169888,0.008531792,1.890739322,0.006009292,2.045466434,0.0037209,1.461075067
2025-02-04,-0.4,-1.910904379,-0.04864519,-0.286221912,-0.024484889,0.079802787,-0.016920696,0.330018679,-0.012840796,0.815034698,-0.333333333,0.039712661,-0.260305596,0.778706253,-0.277287133,0.901218397,-0.320468421,0.613918606,-0.35509828,0.366482035,0.003311774,0.143195741,0.008780645,1.269498621,0.00800979,1.775057951,0.005874416,1.999556839,0.003712717,1.457862058
2025-02-05,0,0.145114866,-0.038916152,-0.142598171,-0.0220364,0.132622302,-0.016074661,0.35814217,-0.01258398,0.832292252,-0.212121212,0.430117226,-0.250668719,0.867730582,-0.270770541,0.984930844,-0.315051061,0.716265518,-0.352238739,0.452874746,0.015470014,0.668898429,0.010118519,1.462927336,0.008755812,1.940384761,0.006354196,2.162866214,0.003947863,1.550196137
2025-02-06,-0.125,-0.497391148,-0.056132922,-0.396758637,-0.03233276,-0.089493771,-0.021520928,0.177099924,-0.0148323,0.681209282,-0.078947368,0.859048557,-0.216324449,1.184998892,-0.251588224,1.231347789,-0.303245876,0.939293726,-0.346772912,0.618008797,0.002455366,0.106166061,0.008585888,1.241340837,0.008125768,1.800759909,0.006159254,2.096511261,0.003918013,1.538475045
2025-02-07,0.066666667,0.48778474,-0.031573004,-0.03419584,-0.022432817,0.124070672,-0.017111548,0.323674452,-0.013202321,0.790740877,-0.204545455,0.454517511,-0.21396865,1.206761484,-0.246883947,1.291779151,-0.298310855,1.032528092,-0.343928363,0.703948561,-0.007292353,-0.315309571,0.00541024,0.782208162,0.006583956,1.459077317,0.005486674,1.867575705,0.003693806,1.450436197
2025-02-10,0.090909091,0.612391967,-0.007076585,0.327429565,-0.011098627,0.368575134,-0.011710516,0.503213018,-0.011120093,0.930662762,-0.322033898,0.076106306,-0.2355817,1.007102686,-0.254398942,1.195241171,-0.299497007,1.010118837,-0.343490473,0.71717811,0.002775748,0.120018858,0.004883342,0.70602961,0.006203135,1.374683226,0.005351128,1.82143792,0.003675445,1.443226373
2025-02-11,0.272727273,1.546946169,0.048884186,1.153543648,0.017283963,0.98085262,0.002511373,0.975970381,-0.005443146,1.312143116,-0.291666667,0.17391423,-0.246798693,0.903481426,-0.258125714,1.147366878,-0.29910549,1.017515531,-0.342453997,0.748492217,0.008695723,0.375989028,0.005645818,0.81626782,0.006452394,1.429921737,0.005518357,1.87836025,0.00377585,1.482652338
2025-02-12,-0.4,-1.910904379,-0.040892651,-0.171775992,-0.024444433,0.080675515,-0.017614196,0.306965689,-0.013334283,0.781873306,-0.173076923,0.555872542,-0.232054339,1.039688027,-0.249620835,1.256620953,-0.292804062,1.136564603,-0.339066456,0.850836913,0.006403151,0.276861904,0.005797284,0.838166736,0.006447469,1.428830461,0.005562597,1.893418723,0.003828396,1.503285429
2025-02-13,-0.166666667,-0.71155982,-0.066047454,-0.543120714,-0.038666656,-0.226130425,-0.025066819,0.05922908,-0.01640093,0.575800257,-0.21875,0.408766976,-0.229393471,1.064268809,-0.246533752,1.296277773,-0.289101359,1.206517532,-0.336660127,0.923537136,0.013578574,0.587115633,0.007353542,1.063169263,0.00716058,1.586863628,0.005963396,2.029844221,0.0040234,1.579856917
2025-02-14,0.043478261,0.368595219,-0.044142311,-0.219748705,-0.030452165,-0.04892502,-0.021639565,0.173156246,-0.015203346,0.656275674,-0.221311475,0.400516879,-0.227777072,1.079200914,-0.244011524,1.328678427,-0.285711865,1.270553193,-0.334353154,0.993235605,-0.043342383,-1.874054686,-0.002785643,-0.402745986,0.002110284,0.467662151,0.003498107,1.190699442,0.003076084,1.207877191
2025-02-18,0.090909091,0.612391967,-0.017132031,0.178987273,-0.018316039,0.212879011,-0.016012132,0.360220722,-0.013081098,0.798886862,-0.377777778,-0.10343568,-0.257777213,0.802063155,-0.257388149,1.156841671,-0.29031516,1.183585915,-0.335221646,0.966996635,-0.009686052,-0.418809267,-0.004165725,-0.602277123,0.00093065,0.206242311,0.002838899,0.966315635,0.002820842,1.107651759
2025-02-19,0.285714286,1.613700041,0.043437233,1.073133655,0.012086993,0.868742072,-0.000925811,0.861713109,-0.00710519,1.200456799,-0.287878788,0.186114372,-0.263797528,0.746448197,-0.260437213,1.117673255,-0.290193342,1.18588736,-0.334274789,0.995603165,-0.001003956,-0.04340942,-0.003533371,-0.510851918,0.000737189,0.163369314,0.002646756,0.900913335,0.002744346,1.077614316
2025-02-20,-0.166666667,-0.71155982,0.001416453,0.452807003,-0.005788373,0.483129476,-0.009212854,0.586239129,-0.01029642,0.98601208,-0.2,0.469157682,-0.251038023,0.864319003,-0.254393492,1.195311182,-0.285683675,1.271085771,-0.331589293,1.076737596,-0.014786472,-0.639343181,-0.005783991,-0.836244786,-0.000815177,-0.180652179,0.001775095,0.604213785,0.002393729,0.939938798
2025-02-21,-0.3,-1.396899568,-0.058866838,-0.43711774,-0.035209535,-0.151552405,-0.023752211,0.102928649,-0.016090491,0.59666119,-0.24516129,0.323700497,-0.249862676,0.875176714,-0.253470272,1.207170911,-0.283657555,1.309364015,-0.329860733,1.128961002,-0.029594401,-1.279614139,-0.010546073,-1.524742785,-0.003693099,-0.818431601,0.00020662,0.070330144,0.001753967,0.688725048
2025-02-24,-0.285714286,-1.323470309,-0.104236327,-1.106879312,-0.06026001,-0.69194854,-0.036850315,-0.332472357,-0.021482967,0.234296789,-0.193548387,0.48993728,-0.238599818,0.979221664,-0.247478083,1.284146845,-0.279152097,1.394482914,-0.327134486,1.211326609,-0.009489844,-0.410325546,-0.010334827,-1.494201041,-0.004272774,-0.946893877,-0.000278203,-0.094695894,0.00152909,0.600423549
2025-02-25,0.2,1.173124488,-0.043389062,-0.208628957,-0.034234009,-0.130508075,-0.025007799,0.061190984,-0.017053308,0.5319617,-0.35,-0.013967967,-0.260879855,0.773401321,-0.257730275,1.152446711,-0.282694492,1.327558586,-0.327591796,1.197510312,0.03456375,1.494480776,-0.001355112,-0.195920973,-0.000389121,-0.08623358,0.001463895,0.498286186,0.002189784,0.859856054
2025-02-26,-0.428571429,-2.057762897,-0.120425535,-1.345870523,-0.073667751,-0.981184227,-0.045185981,-0.609562638,-0.02528367,-0.021103425,-0.337837838,0.025204383,-0.276271451,0.63121557,-0.265741031,1.049540161,-0.285451659,1.275469094,-0.327796717,1.191319226,-0.035768233,-1.546560673,-0.008237736,-1.191005273,-0.003927032,-0.870273804,-0.000397712,-0.135374741,0.001430623,0.561758739
2025-02-27,0,0.145114866,-0.096340428,-0.99031706,-0.066300976,-0.822266011,-0.042926682,-0.534460081,-0.024777997,0.012876892,-0.260869565,0.273106694,-0.273191074,0.65967173,-0.265253885,1.055798069,-0.284222555,1.298689825,-0.326458174,1.231759404,0.023767527,1.027669506,-0.001836683,-0.26554622,-0.001157577,-0.256531755,0.00081055,0.275898227,0.001877361,0.737178099
2025-02-28,-0.222222222,-0.997118048,-0.121516787,-1.361979995,-0.081893101,-1.158623859,-0.051891459,-0.832462984,-0.028726881,-0.252480839,-0.231707317,0.367033561,-0.264894323,0.736316139,-0.261899228,1.098892147,-0.281596793,1.348296755,-0.324563157,1.289011826,-0.041815097,-1.808017302,-0.009832366,-1.421555613,-0.005223329,-1.157547346,-0.001320732,-0.449556069,0.001003512,0.394046251
2025-03-03,0,0.145114866,-0.09721343,-1.003204638,-0.073703791,-0.98196168,-0.049296886,-0.74621541,-0.028152344,-0.213872974,-0.181818182,0.527718367,-0.248279095,0.889805654,-0.253891123,1.201764633,-0.276607862,1.4425496,-0.321708258,1.375264296,-0.006986658,-0.302091829,-0.009263225,-1.339269581,-0.005399662,-1.196624682,-0.001604029,-0.545985582,0.000843709,0.331296704
2025-03-04,0,0.145114866,-0.077770744,-0.716184352,-0.066333412,-0.822965719,-0.046832042,-0.664280215,-0.027589297,-0.176037266,-0.272727273,0.234914943,-0.25316873,0.844635778,-0.255774738,1.177567628,-0.276413833,1.446215281,-0.320728638,1.404860651,0.010920376,0.472179423,-0.005226505,-0.75564383,-0.003767658,-0.834954616,-0.000977808,-0.332830272,0.001045242,0.410432223
2025-03-05,0,0.145114866,-0.062216595,-0.486568123,-0.05970007,-0.679869353,-0.04449044,-0.58644178,-0.027037511,-0.138958272,-0.327272727,0.059232889,-0.26798953,0.707722984,-0.262924537,1.085720976,-0.278956778,1.398172966,-0.32085952,1.400906439,-0.034922853,-1.51000778,-0.011165774,-1.614338669,-0.006883177,-1.525388168,-0.002675061,-0.910547677,0.00032588,0.127962449
2025-03-06,0,0.145114866,-0.049773276,-0.30287514,-0.053730063,-0.551082625,-0.042265918,-0.512495266,-0.026496761,-0.102620858,-0.350877193,-0.016793263,-0.284567062,0.554581696,-0.271719803,0.972736583,-0.282552798,1.330235522,-0.321459873,1.382768508,-0.027663602,-1.196129494,-0.01446534,-2.091387209,-0.00896122,-1.985905344,-0.003924488,-1.33583259,-0.000233909,-0.091848545
2025-03-07,-0.4,-1.910904379,-0.119818621,-1.336911022,-0.088357057,-1.298066205,-0.060152622,-1.107076676,-0.033966825,-0.604595389,-0.264367816,0.261839396,-0.280527213,0.591901345,-0.270984604,0.982180979,-0.281643549,1.347413415,-0.320318032,1.417265912,-0.021411998,-0.925820215,-0.015854671,-2.292255654,-0.010206298,-2.261828342,-0.004798863,-1.633455972,-0.000657471,-0.258167329
2025-03-10,-0.266666667,-1.225564631,-0.14918823,-1.770476305,-0.106188018,-1.682720883,-0.070478324,-1.450318816,-0.038620822,-0.917335363,-0.333333333,0.039712661,-0.291088437,0.494338005,-0.277219477,0.90208751,-0.284228038,1.298586225,-0.320578338,1.409401523,0.058566538,2.53232258,-0.000970429,-0.140303901,-0.003329014,-0.737746291,-0.001630593,-0.555027707,0.000527009,0.206939112
2025-03-11,0,0.145114866,-0.119350584,-1.330001686,-0.095569216,-1.453649001,-0.066954408,-1.33317845,-0.037848406,-0.865430408,-0.2,0.469157682,-0.27287075,0.662630849,-0.269497529,1.001284012,-0.280016636,1.378149693,-0.318166771,1.482259987,-0.015319948,-0.662409837,-0.003840333,-0.555232289,-0.004528107,-1.003478649,-0.002315061,-0.788009544,0.00021007,0.082487525
2025-03-12,-0.125,-0.497391148,-0.120480467,-1.346681449,-0.098512295,-1.517137944,-0.069856687,-1.429654665,-0.039591438,-0.982558925,-0.191176471,0.497576838,-0.256531894,0.813567269,-0.261665423,1.10189561,-0.275574628,1.462069867,-0.315626965,1.558992826,-0.027269169,-1.179074844,-0.0085261,-1.232696741,-0.006802214,-1.507445704,-0.003562766,-1.21270843,-0.000339515,-0.133316353
2025-03-13,0.111111111,0.716231323,-0.074162152,-0.662912949,-0.077549954,-1.064932235,-0.060808297,-1.128872341,-0.036577387,-0.780020277,-0.283783784,0.199303716,-0.261982272,0.763217321,-0.263877259,1.073482261,-0.275985086,1.454315336,-0.314990102,1.578233805,-0.027269169,-1.179074844,-0.0085261,-1.232696741,-0.006802214,-1.507445704,-0.003562766,-1.21270843,-0.000339515,-0.133316353
2025-03-14,0,0.145114866,-0.059329721,-0.443951001,-0.069794959,-0.897639218,-0.057767883,-1.027804299,-0.035845839,-0.730861623,-0.266666667,0.254435171,-0.262919151,0.754562544,-0.2641562,1.069898975,-0.275519165,1.463117699,-0.314023633,1.607432841,-0.027269169,-1.179074844,-0.0085261,-1.232696741,-0.006802214,-1.507445704,-0.003562766,-1.21270843,-0.000339515,-0.133316353
