date,news_nvda_SMA1,news_nvda_SMA1_scaled,news_nvda_EMA0.2,news_nvda_EMA0.2_scaled,news_nvda_EMA0.1,news_nvda_EMA0.1_scaled,news_nvda_EMA0.05,news_nvda_EMA0.05_scaled,news_nvda_EMA0.02,news_nvda_EMA0.02_scaled,reddit_nvda_SMA1,reddit_nvda_SMA1_scaled,reddit_nvda_EMA0.2,reddit_nvda_EMA0.2_scaled,reddit_nvda_EMA0.1,reddit_nvda_EMA0.1_scaled,reddit_nvda_EMA0.05,reddit_nvda_EMA0.05_scaled,reddit_nvda_EMA0.02,reddit_nvda_EMA0.02_scaled,stock_nvda_SMA1,stock_nvda_SMA1_scaled,stock_nvda_EMA0.2,stock_nvda_EMA0.2_scaled,stock_nvda_EMA0.1,stock_nvda_EMA0.1_scaled,stock_nvda_EMA0.05,stock_nvda_EMA0.05_scaled,stock_nvda_EMA0.02,stock_nvda_EMA0.02_scaled
2024-03-01,0.178571429,1.157330256,0.066856474,0.802797815,0.052856606,0.780624265,0.034187124,0.543881611,0.015104725,0.00662093,0,-0.255582434,0.149145651,0.809019348,0.110664763,0.574220789,0.071240564,-0.006195416,0.034425514,-1.30317797,0.013598034,0.408828772,0.017150253,1.661222491,0.014665419,2.126433942,0.012545667,2.696303159,0.00868588,3.28157019
2024-03-04,0,-0.080515678,0.05348518,0.59793988,0.047570945,0.67228432,0.032477768,0.494727478,0.014802631,-0.008467149,0,-0.255582434,0.11931652,0.490171899,0.099598287,0.406312248,0.067678535,-0.086316533,0.033737004,-1.332386056,0.032274013,0.970327433,0.020175005,1.954208603,0.016426279,2.381752319,0.013532084,2.908303058,0.009157642,3.459804564
2024-03-05,-0.0625,-0.513761755,0.030288144,0.242544465,0.036563851,0.446672404,0.027728879,0.358168761,0.013256578,-0.085684588,0.2,0.48617746,0.135453216,0.662659139,0.109638458,0.558648951,0.074294609,0.062499577,0.037062264,-1.191321383,0.024266497,0.729579183,0.020993303,2.033471326,0.017210301,2.495432713,0.014068805,3.023654567,0.009459819,3.573968634
2024-03-06,0.428571429,2.890314563,0.109944801,1.462942225,0.075764608,1.250168554,0.047771007,0.934498837,0.021562875,0.329172564,0.2,0.48617746,0.148362573,0.800648932,0.118674612,0.695751983,0.080579878,0.203874882,0.040321018,-1.053078004,0.055236548,1.660702634,0.027841952,2.696851023,0.021012925,3.046799855,0.016127192,3.466041245,0.010375354,3.919862331
2024-03-07,0.333333333,2.230130065,0.154622507,2.147437095,0.101521481,1.778105999,0.062049123,1.345079395,0.027798284,0.640599435,0.166666667,0.362550811,0.152023392,0.839779899,0.123473818,0.768568981,0.084884218,0.300692893,0.042847931,-0.945880926,-0.091540746,-2.752198733,0.003965413,0.384101199,0.009757558,1.414811428,0.010743795,2.309046537,0.008337032,3.149773742
2024-03-08,0.043478261,0.220872897,0.132393658,1.806875001,0.095717159,1.659135074,0.06112058,1.318378271,0.028111884,0.656262131,-0.2,-0.997342327,0.081618713,0.08721514,0.091126436,0.277771231,0.070640007,-0.019703811,0.037990973,-1.151923549,0.018743682,0.563534175,0.006921067,0.67039428,0.010656171,1.54510705,0.011143789,2.395012958,0.008545165,3.228407469
2024-03-11,0.0625,0.352730399,0.118414926,1.592710695,0.092395443,1.591050015,0.061189551,1.320361596,0.028799646,0.69061235,0,-0.255582434,0.065294971,-0.087271468,0.082013792,0.139507645,0.067108006,-0.099149509,0.037231153,-1.184156723,0.03414003,1.02642978,0.012364859,1.197695589,0.013004557,1.885614708,0.012293601,2.642129504,0.009057062,3.421804918
2024-03-12,0.166666667,1.074807193,0.128065274,1.740561026,0.099822565,1.743283404,0.066463407,1.47201624,0.031556987,0.828327434,1,3.453217034,0.252235977,1.910965245,0.173812413,1.532342369,0.113752606,0.950032936,0.05648653,-0.367302251,-0.016231894,-0.488016542,0.006645509,0.643702948,0.010080911,1.461696514,0.010867327,2.335595842,0.008551283,3.230718949
2024-03-13,0.142857143,0.909761069,0.131023648,1.785885457,0.104126023,1.831491182,0.070283094,1.581854898,0.03378299,0.939504932,0,-0.255582434,0.201788781,1.371728616,0.156431172,1.268621669,0.108064976,0.822100402,0.0553568,-0.415227851,-0.029549997,-0.888429128,-0.000593593,-0.057497068,0.006117821,0.887062353,0.00884646,1.901273138,0.007789257,2.942821736
2024-03-14,-0.111111111,-0.850730926,0.082596696,1.043949431,0.08260231,1.390320606,0.061213383,1.321046917,0.030885108,0.794770512,0.5,1.5988173,0.261431025,2.009252313,0.190788055,1.789909015,0.127661727,1.262892422,0.064249664,-0.037973448,0.039779189,1.195972712,0.007480964,0.724627522,0.009483957,1.375140293,0.010393097,2.23367482,0.008429056,3.184540968
2024-03-15,0.3,1.99906549,0.126077357,1.71010469,0.104342079,1.835919664,0.073152714,1.664373516,0.036267405,1.063588826,0,-0.255582434,0.20914482,1.450358271,0.171709249,1.500431651,0.121278641,1.119316913,0.06296467,-0.092485624,-0.040801948,-1.226722257,-0.002175619,-0.210736632,0.004455367,0.646012443,0.007833345,1.683535218,0.007444436,2.812546408
2024-03-18,0.102941176,0.633066095,0.121450121,1.639212077,0.104201989,1.833048241,0.074642137,1.707203267,0.037600881,1.130189119,0.4,1.227937353,0.247315856,1.858373436,0.194538324,1.846810804,0.135214709,1.432782523,0.069705377,0.193469636,0.035720874,1.07395829,0.00540368,0.523415861,0.007581918,1.099351232,0.009227721,1.983213322,0.008009965,3.026206094
2024-03-19,0.264705882,1.754408882,0.150101273,2.078168511,0.120252378,2.162032342,0.084145325,1.980476284,0.042142981,1.357043838,0,-0.255582434,0.197852685,1.329655169,0.175084492,1.551643261,0.128453973,1.280712509,0.068311269,0.134328598,0.02787403,0.838040691,0.00989775,0.95872432,0.009611129,1.393579686,0.010160037,2.1835857,0.008407246,3.176301025
2024-03-20,0.181818182,1.179836545,0.156444655,2.17535372,0.126408958,2.28822349,0.089028968,2.120909991,0.044936485,1.49656511,0.285714286,0.804074557,0.215425005,1.517487984,0.186147471,1.719498744,0.136316989,1.45757624,0.07265933,0.318782662,-0.012556934,-0.377527814,0.005406813,0.523719359,0.007394323,1.072150616,0.009024188,1.93947018,0.007987962,3.017893513
2024-03-21,0.076923077,0.452710263,0.140540339,1.931688069,0.12146037,2.186792504,0.088423673,2.103504182,0.045576217,1.528516451,0.5,1.5988173,0.272340004,2.125859807,0.217532724,2.195698383,0.154501139,1.866594469,0.081206143,0.681356855,0.030721638,0.923654848,0.010469778,1.014132611,0.009727054,1.410388444,0.010109061,2.172629983,0.008442636,3.189671518
2024-03-22,0.12,0.751316789,0.136432271,1.86874949,0.121314333,2.18379919,0.090002489,2.148904519,0.047064692,1.602858215,0,-0.255582434,0.217872003,1.543644266,0.195779452,1.865642082,0.146776082,1.692833858,0.07958202,0.612458072,0.020331942,0.611285664,0.012442211,1.205188088,0.010787543,1.564155571,0.010620205,2.2824846,0.008680422,3.279508346
2024-03-25,0,-0.080515678,0.109145817,1.450701219,0.1091829,1.935141753,0.085502365,2.019499241,0.046123399,1.555845391,0,-0.255582434,0.174297603,1.077871833,0.176201507,1.568591412,0.139437278,1.527761277,0.07799038,0.544937266,-0.028575709,-0.859136858,0.004238627,0.410565522,0.006851218,0.993402347,0.008660409,1.86128712,0.007935299,2.99799717
2024-03-26,0.117647059,0.735006349,0.110846065,1.476750257,0.110029316,1.952490701,0.0871096,2.065716775,0.047553872,1.627290228,0.5,1.5988173,0.239438082,1.774166886,0.208581356,2.059881783,0.157465414,1.933270254,0.086430572,0.902988367,-0.033422064,-1.004843923,-0.003293511,-0.319018898,0.00282389,0.409454003,0.006556285,1.409070801,0.007108152,2.685496655
2024-03-27,0.181818182,1.179836545,0.125040489,1.694219117,0.117208202,2.099636014,0.091845029,2.201888457,0.050239158,1.761406572,,,,,,,,2.182119811,0.091566267,1.120855555,0.003322288,0.099885533,-0.001970351,-0.190853862,0.002873729,0.416680601,0.006394585,1.374318413,0.007032435,2.656890272
2024-03-28,-0.058823529,-0.488276692,0.088267685,1.130833094,0.099605029,1.738824573,0.084311601,1.985257709,0.048057904,1.652464077,0.6,1.969697247,0.311550466,2.544985529,0.24772322,2.653770313,0.179592144,2.430969368,0.096701961,1.338722744,-0.020498646,-0.616297646,-0.00567601,-0.54979456,0.000536492,0.07778943,0.005049924,1.08532499,0.006481813,2.448862581
2024-04-01,-0.083333333,-0.658177114,0.053947481,0.60502268,0.081311193,1.363856644,0.075929354,1.744218383,0.04543008,1.521217639,,,,,,,,2.470561672,0.098234941,1.403755067,0.000407139,0.012240738,-0.00445938,-0.431948327,0.000523557,0.075913852,0.004817785,1.035433833,0.00636032,2.402961711
2024-04-02,-0.1,-0.773709401,0.023157985,0.133305265,0.063180074,0.992223916,0.067132886,1.491267746,0.042521478,1.375947832,0.25,0.671617433,0.299240373,2.413401343,0.247950898,2.657224807,0.183112536,2.510153976,0.099767922,1.468787389,0.021721345,0.65305845,0.000776765,0.075239638,0.002643335,0.383274285,0.005662963,1.217078714,0.00666754,2.519031204
2024-04-03,0.066666667,0.38161347,0.031859721,0.266622177,0.063528733,0.99937037,0.067109575,1.490597417,0.043004382,1.400066411,,,,,,,,2.688348647,0.103770242,1.638574439,-0.039156658,-1.177256129,-0.00720992,-0.698373433,-0.001536664,-0.222810834,0.003421982,0.735449133,0.005751056,2.172778824
2024-04-04,-0.058823529,-0.488276692,0.013723071,-0.011244458,0.051293507,0.748585494,0.06081292,1.30953122,0.040967823,1.29835072,,,,,,,,2.777445982,0.105771403,1.723467963,0.021112915,0.634765833,-0.001545353,-0.149687297,0.000728294,0.10560005,0.004306528,0.92555509,0.006058294,2.288854617
2024-04-05,0.058823529,0.327245335,0.022743163,0.126949888,0.052046509,0.764019747,0.060713451,1.306670881,0.041324938,1.316186748,0.5,1.5988173,0.339392298,2.842590494,0.273155808,3.039651839,0.19895691,2.866543318,0.107772563,1.808361488,-0.014182642,-0.426405203,-0.004072811,-0.394504087,-0.0007628,-0.110603254,0.00338207,0.726871313,0.005653475,2.135912012
2024-04-08,-0.133333333,-1.004773975,-0.008472136,-0.351291137,0.033508525,0.384047527,0.051011111,1.027671064,0.037831772,1.141720959,-1,-3.964381901,0.071513838,-0.020797183,0.145840228,1.107928242,0.139009064,1.518129406,0.085617112,0.86847963,-0.040209449,-1.20890858,-0.011300138,-1.094563673,-0.004707465,-0.682565711,0.001202494,0.258438863,0.004736216,1.789367021
2024-04-09,-0.086956522,-0.683292828,-0.024169013,-0.591778679,0.02146202,0.137130869,0.04411273,0.829301663,0.035336006,1.017070188,-0.333333333,-1.491848923,-0.009455596,-0.886289992,0.097922872,0.380891639,0.115391944,0.986906762,0.077238103,0.513024064,0.041631864,1.251673895,-0.000713738,-0.069134698,-7.35E-05,-0.010661843,0.003223962,0.692891011,0.005474129,2.068154346
2024-04-10,-0.285714286,-2.061069172,-0.076478068,-1.393191334,-0.00925561,-0.492487008,0.027621379,0.355077483,0.028915,0.696373711,1,3.453217034,0.192435523,1.271750425,0.188130584,1.749587963,0.159622347,1.981786394,0.095693341,1.295934921,0.026069663,0.783791885,0.004642942,0.449728646,0.002540788,0.368405237,0.004366247,0.938389861,0.00588604,2.22377633
2024-04-11,0.157894737,1.014000726,-0.029603507,-0.675039061,0.007459424,-0.149879701,0.034135047,0.542384081,0.031494595,0.825211305,0,-0.255582434,0.153948419,0.860356761,0.169317526,1.464142705,0.15164123,1.802266186,0.093779474,1.214744577,-0.006700344,-0.201447769,0.002374285,0.22998002,0.001616675,0.234412091,0.003812918,0.819468776,0.005634312,2.128672309
2024-04-12,0.0625,0.352730399,-0.011182806,-0.392820556,0.012963482,-0.037063283,0.035553295,0.583167116,0.032114703,0.85618254,0,-0.255582434,0.123158735,0.531241829,0.152385773,1.207241972,0.144059168,1.631721989,0.091903885,1.13517804,-0.029910819,-0.89927733,-0.004082736,-0.395465451,-0.001536075,-0.222725413,0.002126731,0.457075054,0.00492341,1.860089623
2024-04-15,0.181818182,1.179836545,0.027417392,0.198562467,0.029848952,0.309037428,0.042866539,0.793466282,0.035108773,1.005721037,,,,,,,,1.410131513,0.088484846,0.990135064,0.022063256,0.6633381,0.001146462,0.111049632,0.000823858,0.119456534,0.003123557,0.671312033,0.005266207,1.989600072
2024-04-16,0.25,1.652468629,0.071933914,0.880587866,0.051864057,0.76028003,0.053223212,1.091282079,0.039406597,1.220375443,-0.25,-1.182782301,0.048526988,-0.266506616,0.112147196,0.596713325,0.12435621,1.188541037,0.085065807,0.845092088,-0.038148064,-1.146932451,-0.006712443,-0.650186371,-0.003073334,-0.445622549,0.001059976,0.227809095,0.004397921,1.661557358
2024-04-17,0,-0.080515678,0.057547131,0.66017192,0.046677651,0.653974509,0.050562051,1.014757923,0.038618465,1.181012274,0,-0.255582434,0.03882159,-0.370248873,0.100932476,0.42655553,0.118138399,1.048683097,0.083364491,0.772918601,-0.021419112,-0.643971722,-0.009653776,-0.935092362,-0.004907912,-0.711629837,-6.40E-05,-0.013750148,0.003881581,1.466481189
2024-04-18,-0.071428571,-0.575654052,0.03175199,0.264971659,0.034867029,0.411892722,0.04446252,0.839360214,0.036417525,1.071086515,-0.666666667,-2.728115412,-0.102276061,-1.87846001,0.024172562,-0.738101119,0.078898146,0.166047483,0.068363868,0.136559929,-0.060685586,-1.82452952,-0.019860138,-1.923709728,-0.010485679,-1.52038639,-0.003095059,-0.665187158,0.002590237,0.978605001
2024-04-19,-0.105263158,-0.810193281,0.004348961,-0.154862631,0.02085401,0.124668516,0.036976236,0.624085135,0.033583911,0.929561971,0,-0.255582434,-0.081820849,-1.659811588,0.021755306,-0.774777469,0.074953239,0.077314221,0.06699659,0.078557085,0.034121094,1.025860466,-0.009063892,-0.877954455,-0.006025002,-0.873603952,-0.001234251,-0.265264091,0.003220854,1.216855418
2024-04-22,-0.071428571,-0.575654052,-0.010806546,-0.387055982,0.011625752,-0.064482672,0.031555996,0.468221065,0.031483661,0.824665218,0,-0.255582434,-0.065456679,-1.48489285,0.019579775,-0.807786185,0.071205577,-0.006982378,0.065656659,0.021714298,0.039383996,1.184091121,0.000625686,0.060605708,-0.001484102,-0.21518954,0.000796661,0.171217726,0.003944117,1.490107857
2024-04-23,0.153846154,0.985936203,0.022123994,0.117463774,0.025847792,0.227025839,0.037670504,0.644049445,0.033930911,0.946892861,0.333333333,0.980684055,0.014301323,-0.632349193,0.050955131,-0.331736712,0.084311965,0.287821138,0.071010192,0.248822695,-0.060536113,-1.820035563,-0.011606674,-1.12425559,-0.007389303,-1.071422813,-0.002269977,-0.487861445,0.002654513,1.002888572
2024-04-24,0.117647059,0.735006349,0.041228607,0.410160301,0.035027719,0.415186379,0.041669332,0.759039468,0.035605234,1.030516749,,,,,,,,0.240410166,0.07030009,0.218698645,0.062763134,1.886991579,0.003267288,0.316478802,-0.000374059,-0.054237292,0.000981678,0.210981374,0.003856685,1.457075527
2024-04-25,-0.125,-0.947007832,0.007982886,-0.099188265,0.019024947,0.087178291,0.033335865,0.519402861,0.03239313,0.87008851,0,-0.255582434,0.011441059,-0.662922934,0.045859618,-0.409049503,0.080096366,0.192999194,0.069589988,0.188574595,0.04506192,1.354799517,0.011626214,1.12614829,0.004169539,0.604568337,0.00318569,0.684665623,0.00468079,1.768426542
2024-04-26,-0.052631579,-0.44535448,-0.004140007,-0.284919777,0.011859294,-0.059695764,0.029037493,0.395799157,0.030692635,0.785157503,0.2,0.48617746,0.049152847,-0.259816727,0.061273656,-0.175176625,0.086091548,0.327849517,0.072198188,0.299220055,-0.004052636,-0.121843655,0.008490444,0.822408657,0.003347321,0.485349718,0.002823774,0.606882904,0.004506121,1.702435876
2024-04-29,0.181818182,1.179836545,0.033051631,0.284883089,0.028855183,0.288668195,0.036676527,0.615466721,0.033715146,0.936116501,1,3.453217034,0.239322278,1.772929037,0.155146291,1.249126526,0.131786971,1.355682011,0.090754225,1.086406991,-0.024793758,-0.745431441,0.001833604,0.177608077,0.000533213,0.077314019,0.001442897,0.310106172,0.003920124,1.481042957
2024-04-30,0,-0.080515678,0.026441304,0.183608099,0.025969665,0.229523857,0.034842701,0.562733333,0.033040843,0.902438511,0,-0.255582434,0.191457822,1.26129965,0.139631662,1.013727411,0.125197622,1.207467023,0.08893914,1.009407206,-0.007381571,-0.221929031,-9.43E-06,-0.000913539,-0.000258265,-0.037447545,0.001001674,0.215278846,0.00369409,1.395646188
2024-05-01,-0.076923077,-0.613741619,0.005768428,-0.13311536,0.015680391,0.018625072,0.029254412,0.402036871,0.030841565,0.792595777,0,-0.255582434,0.153166258,0.851996141,0.125668495,0.801868207,0.118937741,1.066662784,0.087160357,0.933947417,0.039550543,1.189098395,0.007902564,0.765464877,0.003722616,0.539766094,0.002929117,0.629523219,0.004411219,1.666581256
2024-05-02,0,-0.080515678,0.004614743,-0.150790661,0.014112352,-0.013514953,0.027791691,0.359974976,0.030224734,0.761788201,,,,,,,,0.99978077,0.086288754,0.89697212,0.018236825,0.548295354,0.009969416,0.965666086,0.005174036,0.750216992,0.003694503,0.794019137,0.004687731,1.771048963
2024-05-03,0.090909091,0.549660434,0.021873612,0.113627741,0.021792025,0.143894975,0.030947561,0.450724962,0.031438421,0.822405681,0,-0.255582434,0.122533006,0.524553333,0.113101646,0.611194924,0.112990854,0.932898756,0.08541715,0.859996823,0.019107259,0.574465212,0.011796984,1.142689604,0.006567359,0.952243791,0.004465141,0.959643906,0.004976121,1.880004409
2024-05-06,0.133333333,0.843742619,0.044165556,0.455156495,0.032946156,0.372520686,0.03606685,0.597934882,0.033476319,0.9241883,,,,,,,,0.869360844,0.084562979,0.823761033,-0.017727981,-0.532996832,0.005891991,0.570715104,0.004137825,0.599969954,0.003355484,0.72115764,0.004522039,1.708449861
2024-05-07,-0.272727273,-1.971044013,-0.019213009,-0.515849103,0.002378813,-0.254016751,0.020627144,0.153951725,0.027352247,0.61832216,0,-0.255582434,0.098026405,0.262599087,0.101791481,0.439588969,0.107341311,0.805822931,0.083708807,0.787525242,0.011689286,0.351441721,0.00705145,0.683023603,0.004892971,0.709463467,0.003772175,0.810712284,0.004665384,1.762606315
2024-05-08,0.076923077,0.452710263,1.42E-05,-0.221274189,0.00983324,-0.101223713,0.02344194,0.23489383,0.028343664,0.66783836,0,-0.255582434,0.078421124,0.05303569,0.091612333,0.28514361,0.101974246,0.685100896,0.082034631,0.716503092,-0.00247436,-0.074392351,0.005146288,0.498484161,0.004156238,0.602639771,0.003459848,0.743587308,0.004522589,1.708657667
2024-05-09,-0.222222222,-1.620946173,-0.044433078,-0.902238848,-0.013372306,-0.576866739,0.011158732,-0.118321282,0.023332346,0.417548611,0,-0.255582434,0.062736899,-0.114615028,0.0824511,0.146142787,0.096875533,0.570414963,0.080393938,0.646901384,0.001915728,0.057596916,0.004500176,0.435899909,0.003932187,0.570153175,0.003382642,0.72699427,0.004470452,1.688959954
2024-05-10,0.161290323,1.037538714,-0.003288398,-0.271872506,0.004093956,-0.218861542,0.018665312,0.097537417,0.026091506,0.555354551,0,-0.255582434,0.050189519,-0.248735602,0.07420599,0.021042046,0.092031757,0.461463327,0.07878606,0.578691712,-0.009715111,-0.29208759,0.001657119,0.16051325,0.002567457,0.372272185,0.002727754,0.586246421,0.004186741,1.581772372
2024-05-13,0,-0.080515678,-0.002630718,-0.261796378,0.003684561,-0.227252906,0.017732046,0.070700494,0.025569676,0.529291799,,,,,,,,0.4097113,0.077998199,0.545268972,0.032065101,0.964046453,0.007738715,0.74959406,0.005517221,0.799977597,0.004194622,0.901504205,0.004744308,1.792424146
2024-05-14,0.181818182,1.179836545,0.034259062,0.303381809,0.021497923,0.137866767,0.025936353,0.30662299,0.028694646,0.685368111,0,-0.255582434,0.040151615,-0.356032061,0.066785391,-0.091548621,0.087430169,0.357959273,0.077210338,0.511846232,0.026364803,0.792665352,0.011463933,1.110429273,0.00760198,1.102260158,0.005303131,1.139743956,0.005176718,1.955790842
2024-05-15,0.083333333,0.497145758,0.044073916,0.453752496,0.027681464,0.264610527,0.028806202,0.389148177,0.029787419,0.739946584,0.666666667,2.216950544,0.165454626,0.983348104,0.126773518,0.818634412,0.116391994,1.009400993,0.088999465,1.011966317,-0.005700219,-0.171378705,0.008031103,0.777915527,0.00627176,0.909382987,0.004752963,1.021502471,0.004959179,1.873603583
2024-05-16,-0.071428571,-0.575654052,0.020973418,0.09983612,0.01777046,0.061465138,0.023794463,0.245030955,0.0277631,0.638842139,0,-0.255582434,0.132363701,0.629634904,0.114096167,0.626284509,0.110572394,0.878500056,0.087219476,0.936455346,-0.006559224,-0.197204945,0.005113037,0.495263389,0.004988661,0.723338262,0.004187354,0.899942229,0.004728811,1.786569337
2024-05-17,0.423076923,2.852226995,0.101394119,1.331939588,0.058301107,0.892219952,0.043758586,0.81911794,0.035669376,1.033720306,0,-0.255582434,0.10589096,0.346664343,0.10268655,0.453169596,0.105043774,0.754144165,0.085475086,0.862454594,-0.00161075,-0.048427661,0.00376828,0.365006341,0.00432872,0.627649129,0.003897449,0.837636072,0.00460202,1.738666957
2024-05-20,-0.08,-0.635070656,0.065115296,0.776121692,0.044470996,0.608744802,0.037570657,0.641178258,0.033355989,0.918178404,-0.666666667,-2.728115412,-0.048620565,-1.304929437,0.025751228,-0.71414846,0.066458252,-0.113764503,0.070432251,0.224305201,0.019872115,0.597460811,0.006989047,0.676979026,0.00588306,0.853022848,0.004696182,1.009299096,0.004907422,1.85404937
2024-05-21,0.172413793,1.114645913,0.086574995,1.104899854,0.057265276,0.870988572,0.044312814,0.835055268,0.036137145,1.057082959,-0.142857143,-0.785410929,-0.067467881,-1.506390844,0.008890391,-0.969973212,0.055992483,-0.349172288,0.066166463,0.043341312,0.068814878,2.068939017,0.019354213,1.874704351,0.012176242,1.765511962,0.007902117,1.698315659,0.006185571,2.336940718
2024-05-22,0.450704225,3.043737721,0.159400841,2.220644637,0.096609171,1.677418598,0.064632384,1.41936348,0.044428486,1.471193165,0,-0.255582434,-0.053974304,-1.362156255,0.008001352,-0.983462353,0.053192858,-0.412144562,0.064843134,-0.01279716,0.023728752,0.713411717,0.020229121,1.959450415,0.013331493,1.933019276,0.008693448,1.868387952,0.006536435,2.469498806
2024-05-23,0.25,1.652468629,0.177520673,2.498253602,0.111948254,1.991823084,0.073900765,1.685884418,0.048539917,1.676538129,0.5,1.5988173,0.056820556,-0.177855584,0.057201217,-0.236966605,0.075533216,0.090359707,0.073546271,0.35640863,0.055481603,1.668070264,0.027279617,2.642381628,0.017546504,2.544180963,0.011032856,2.371171304,0.007515338,2.839333556
2024-05-24,0.09375,0.569353437,0.160766538,2.241568108,0.110128428,1.954522206,0.074893227,1.714423581,0.049444118,1.721698388,0.133333333,0.238924162,0.072123112,-0.01428458,0.064814428,-0.12145348,0.078423221,0.155364948,0.074742013,0.407134543,0.025452615,0.765240142,0.026914217,2.60698789,0.018337115,2.658816776,0.011753844,2.526125364,0.007874084,2.974869472
2024-05-28,0.083333333,0.497145758,0.145279897,2.004301536,0.107448919,1.899600422,0.075315232,1.726558738,0.050121902,1.755550256,0,-0.255582434,0.057698489,-0.168471244,0.058332986,-0.219794594,0.07450206,0.067165813,0.073247172,0.343720207,0.01415293,0.425511899,0.024361959,2.359768961,0.017918696,2.598147582,0.011873798,2.551905833,0.00799966,3.022313087
2024-05-29,0.176470588,1.142767362,0.151518035,2.099874337,0.114351086,2.041073824,0.080373,1.87199957,0.052648876,1.881759699,0,-0.255582434,0.046158792,-0.291820575,0.052499687,-0.308301597,0.070776957,-0.016623366,0.071782229,0.281574157,-0.018578211,-0.558559221,0.015773925,1.527907461,0.014269006,2.06895534,0.010351198,2.224669944,0.007468103,2.821487945
2024-05-30,-0.105263158,-0.810193281,0.100161797,1.313059512,0.092389661,1.590931507,0.071091192,1.605092523,0.049490636,1.724021692,-0.5,-2.109982168,-0.063072967,-1.459413039,-0.002750282,-1.146593875,0.042238109,-0.658551014,0.060346584,-0.203550463,0.009784981,0.294188256,0.014576137,1.411886211,0.013820603,2.003938571,0.010322887,2.218585403,0.007514441,2.838994515
2024-05-31,0.19047619,1.239853318,0.118224676,1.589795915,0.102198314,1.79197902,0.077060442,1.776743874,0.052310347,1.864851873,0,-0.255582434,-0.050458373,-1.324574011,-0.002475253,-1.14242095,0.040126204,-0.706054352,0.059139653,-0.254751099,0.018438494,0.55435861,0.015348608,1.486710012,0.014282392,2.07089636,0.010728667,2.305795345,0.007732922,2.921537794
2024-06-03,0.083333333,0.497145758,0.111246407,1.482883781,0.100311816,1.753311554,0.077374087,1.785763017,0.052930806,1.895840671,0.2,0.48617746,-0.000366699,-0.789137588,0.017772272,-0.835210927,0.048119894,-0.52625135,0.06195686,-0.135239125,0.022944058,0.689819678,0.016867698,1.633853411,0.015148559,2.196487453,0.011339437,2.437061372,0.008037144,3.036474714
2024-06-04,0.230769231,1.519162144,0.135150972,1.849119051,0.113357558,2.020709524,0.085043844,2.006314042,0.056487575,2.073483108,0.25,0.671617433,0.049706641,-0.253897151,0.040995045,-0.482858309,0.058213899,-0.299205706,0.065717722,0.024304758,0.047959327,1.4419109,0.023086024,2.236178209,0.018429636,2.67223199,0.013170432,2.830577027,0.008835588,3.338130855
2024-06-05,0.2,1.305871768,0.148120777,2.04782588,0.122021802,2.198300144,0.090791652,2.171597618,0.059357823,2.216837375,0.181818182,0.418744742,0.076128949,0.028534336,0.055077358,-0.269191313,0.064394113,-0.160193426,0.068039732,0.122809378,-0.034486634,-1.036850531,0.011571492,1.12084779,0.013138009,1.904964791,0.010787578,2.31845639,0.007969144,3.010783663
2024-06-06,0,-0.080515678,0.118496622,1.593962331,0.109819622,1.948192612,0.086252069,2.041057685,0.058170667,2.157544968,0.125,0.2080175,0.085903159,0.133012139,0.062069623,-0.16309965,0.067424408,-0.09203266,0.069178937,0.171136918,0.005009643,0.150616338,0.010259122,0.993727889,0.012325172,1.787106358,0.010498681,2.256366959,0.007909954,2.988421367
2024-06-07,0.125,0.785976475,0.119797298,1.613889625,0.11133766,1.979307764,0.088189466,2.096769331,0.059507254,2.224300651,0.142857143,0.274246061,0.097293956,0.254769846,0.070148375,-0.040523012,0.071196044,-0.007196793,0.070652501,0.233648675,0.011713836,0.35217983,0.010550065,1.021909432,0.012264038,1.7782422,0.010559439,2.269424954,0.007986031,3.017163895
2024-06-10,-0.1875,-1.380253908,0.058337838,0.672286128,0.081453894,1.366781572,0.074404992,1.700383939,0.054567108,1.977565613,0,-0.255582434,0.077835165,0.046772297,0.063133537,-0.146957173,0.067636242,-0.087267841,0.069239451,0.173704056,0.010593784,0.318505153,0.010558809,1.022756383,0.012097013,1.754024104,0.010561156,2.269794023,0.008038186,3.036868346
2024-06-11,0.125,0.785976475,0.07167027,0.876548663,0.085808504,1.456037829,0.076934743,1.773129272,0.055975766,2.047920883,0,-0.255582434,0.062268132,-0.119625742,0.056820183,-0.242747918,0.06425443,-0.163335337,0.067854662,0.11495833,0.051438426,1.546511,0.018734732,1.814699675,0.016031154,2.324460677,0.01260502,2.709059281,0.008906191,3.364805044
2024-06-12,0.045454545,0.234572378,0.066427125,0.796219878,0.081773108,1.373324503,0.075360733,1.72786715,0.055765342,2.037411258,0.285714286,0.804074557,0.106957363,0.358063255,0.079709594,0.104546683,0.075327423,0.085730787,0.072211854,0.299799799,0.004405301,0.132446638,0.015868846,1.537101748,0.014868569,2.155889917,0.012195034,2.620945479,0.008816173,3.330795853
2024-06-13,-0.090909091,-0.71069179,0.034959882,0.314118888,0.064504888,1.019378584,0.067047242,1.488804953,0.052831853,1.890898468,0,-0.255582434,0.08556589,0.129407024,0.071738634,-0.016394448,0.071561052,0.00101336,0.070767617,0.238532157,0.023314912,0.700969493,0.017358059,1.681351184,0.015713203,2.278358898,0.012751028,2.740439173,0.009106148,3.440349819
2024-06-14,0.090909091,0.549660434,0.046149724,0.48555538,0.067145309,1.073499158,0.068240334,1.52311344,0.053593398,1.928933742,-0.1,-0.626462381,0.048452712,-0.26730056,0.054564771,-0.27696866,0.062982999,-0.191933782,0.067352265,0.093645571,-0.01391095,-0.418236684,0.011104257,1.075590085,0.012750788,1.848819158,0.011417929,2.45393079,0.008645806,3.266430249
2024-06-17,0,-0.080515678,0.036919779,0.344145931,0.060430778,0.935871724,0.064828317,1.424997716,0.05252153,1.875399407,0.142857143,0.274246061,0.067333598,-0.065480314,0.063394008,-0.143005121,0.066976706,-0.102102858,0.068862363,0.157707154,0.066036388,1.985402901,0.022090683,2.139766691,0.018079348,2.621441509,0.014148852,3.040858235,0.009793618,3.700079418
2024-06-18,0.186046512,1.209147062,0.066745126,0.801091872,0.072992351,1.193345723,0.070889227,1.59928483,0.05519203,2.008777237,0,-0.255582434,0.053866879,-0.20942783,0.057054607,-0.239191071,0.063627871,-0.177428603,0.067485115,0.099281366,-0.090701106,-2.72695473,-0.000467675,-0.04530029,0.007201302,1.044163393,0.008906354,1.914145406,0.007783723,2.940730891
2024-06-20,0.12,0.751316789,0.077396101,0.964272532,0.077693116,1.289697087,0.073344766,1.669896135,0.056488189,2.073513786,0,-0.255582434,0.043093503,-0.324585844,0.051349147,-0.325758426,0.060446477,-0.248988061,0.066135413,0.042024094,-0.030522394,-0.917664516,-0.006478618,-0.627537485,0.003428933,0.497183134,0.006934917,1.490445892,0.007017601,2.651285907
2024-06-21,-0.176470588,-1.303798718,0.026622763,0.186388172,0.052276746,0.768738898,0.060853998,1.310712455,0.051829014,1.840811741,0,-0.255582434,0.034474802,-0.416712255,0.046214232,-0.403669046,0.057424154,-0.316969546,0.064812705,-0.014088034,-0.01655303,-0.497671581,-0.008493501,-0.822704737,0.001430737,0.207451742,0.005760519,1.2380455,0.006546188,2.473183784
2024-06-24,-0.064516129,-0.527737435,0.008394984,-0.092874614,0.040597458,0.529349073,0.054585492,1.130455706,0.049502111,1.724594817,0.333333333,0.980684055,0.094246509,0.222195283,0.074926142,0.031968713,0.071219613,-0.006666671,0.070183117,0.213736409,0.040676572,1.222952779,0.001340514,0.129845996,0.00535532,0.776502474,0.007506322,1.613251796,0.007228796,2.731076491
2024-06-25,0.032258065,0.1430952,0.0131676,-0.019754675,0.039763519,0.512255856,0.05346912,1.098353405,0.04915723,1.707369775,0,-0.255582434,0.075397207,0.020712647,0.067433528,-0.081714621,0.067658632,-0.086764225,0.068779455,0.154190036,-0.016094547,-0.48388715,-0.002146498,-0.207915953,0.003210333,0.465486994,0.006326278,1.359637949,0.006762329,2.554842904
2024-06-26,-0.035714286,-0.328084865,0.003391223,-0.169535865,0.032215738,0.357549343,0.04900995,0.970125802,0.047459799,1.622591792,-0.2,-0.997342327,0.020317765,-0.568038662,0.040690175,-0.487484011,0.0542757,-0.387788074,0.063403866,-0.073854007,0.003867904,0.116289654,-0.000943618,-0.091401508,0.003276091,0.475021541,0.00620336,1.333220375,0.006704441,2.532972331
2024-06-27,-0.083333333,-0.658177114,-0.013953688,-0.435272486,0.020660831,0.120708937,0.042392786,0.779843072,0.044843937,1.4919428,0.666666667,2.216950544,0.149587546,0.813742823,0.103287824,0.462292561,0.084895249,0.300941014,0.075469122,0.437980084,-0.008909848,-0.267877133,-0.002536864,-0.245727873,0.002057497,0.298329741,0.005447699,1.170814538,0.006392155,2.414989151
2024-06-28,0.117647059,0.735006349,0.012366461,-0.032028707,0.030359454,0.319501166,0.0461555,0.888043414,0.046299999,1.564665689,-0.090909091,-0.592746022,0.101488218,0.299602861,0.083868133,0.167643029,0.076105032,0.103221634,0.072141558,0.296817656,-0.018952103,-0.569800408,-0.005819912,-0.563733267,-4.35E-05,-0.006302027,0.004227709,0.908615382,0.00588527,2.223485317
2024-07-01,-0.111111111,-0.850730926,-0.012329053,-0.410381901,0.016212397,0.029529592,0.038292169,0.661926007,0.043151777,1.407428054,0,-0.255582434,0.081190575,0.082638709,0.075481319,0.040392264,0.07229978,0.017629664,0.070698727,0.235609658,0.004375589,0.131553324,-0.003780812,-0.366220212,0.000398442,0.057772663,0.004235103,0.910204487,0.005855076,2.21207801
2024-07-02,0,-0.080515678,-0.009863243,-0.372603894,0.014591158,-0.003700885,0.036377561,0.606869655,0.042288741,1.364323833,0,-0.255582434,0.06495246,-0.090932612,0.067933187,-0.074133425,0.068684791,-0.063682707,0.069284752,0.17562582,0.047016214,1.413555931,0.006378593,0.617848782,0.005060219,0.73371387,0.006374159,1.369928335,0.006678299,2.523095824
2024-07-03,0,-0.080515678,-0.007890594,-0.342381488,0.013132042,-0.033608314,0.034558683,0.55456612,0.041442967,1.322081696,0.083333333,0.053484188,0.068628634,-0.051637503,0.069473202,-0.050767215,0.069417218,-0.047208138,0.069565724,0.18754524,0.000863415,0.025958828,0.005275558,0.5110056,0.004640539,0.6728617,0.006098622,1.310710139,0.006562001,2.479157963
2024-07-05,0.043478261,0.220872897,0.002383177,-0.184979864,0.016166664,0.028592193,0.035004661,0.56739066,0.041483673,1.324114747,-0.071428571,-0.520496682,0.040617193,-0.351055439,0.055383025,-0.264553524,0.062374929,-0.205611181,0.066745838,0.06791962,0.02243336,0.674465387,0.008707118,0.843396341,0.006419821,0.930851314,0.006915358,1.486242485,0.006879428,2.59908359
2024-07-08,0.166666667,1.074807193,0.035239875,0.318408579,0.031216664,0.337071364,0.041587762,0.756693851,0.043987332,1.449159783,0.25,0.671617433,0.082493755,0.096568569,0.074844722,0.030733354,0.071756182,0.005402455,0.070410921,0.223400328,0.028231625,0.848791889,0.01261202,1.221636239,0.008601001,1.247114761,0.007981172,1.715306105,0.007306472,2.760422997
2024-07-09,-0.090909091,-0.71069179,0.010010082,-0.068130151,0.019004089,0.086750759,0.034962919,0.566190319,0.041289404,1.314412023,0.333333333,0.980684055,0.13266167,0.632819942,0.100693583,0.422930873,0.08483504,0.29958673,0.075669369,0.446475004,0.012832928,0.385825644,0.012656201,1.225915797,0.009024194,1.308476198,0.00822376,1.767442851,0.007417001,2.802181465
2024-07-10,-0.0625,-0.513761755,-0.004491935,-0.29031156,0.01085368,-0.080307801,0.030089773,0.42605846,0.039213616,1.210737,-0.25,-1.182782301,0.056129336,-0.185244126,0.065624225,-0.109166664,0.068093288,-0.076987459,0.069155982,0.170163113,-0.055175027,-1.658852979,-0.000910044,-0.0881495,0.002604272,0.377610202,0.00505382,1.086162407,0.006165161,2.329229627
2024-07-11,0,-0.080515678,-0.003593548,-0.276547621,0.009768312,-0.102554539,0.028585284,0.382795485,0.038429344,1.1715666,0.4,1.227937353,0.124903469,0.549891519,0.099061803,0.39817232,0.084688623,0.296293369,0.075772862,0.450865398,0.017932359,0.539141518,0.002858436,0.276876309,0.004137081,0.59986205,0.005697747,1.224554595,0.006400505,2.418143796
2024-07-12,0.0625,0.352730399,0.009625162,-0.074027403,0.015041481,0.005529363,0.03028102,0.43155795,0.038910757,1.195610729,0.125,0.2080175,0.124922775,0.550097886,0.101655622,0.437527619,0.086704192,0.341629795,0.076757405,0.492631818,-0.016237659,-0.488189864,-0.000960783,-0.093064157,0.002099607,0.304435533,0.004600977,0.98883773,0.005947742,2.247087491
2024-07-15,0.230769231,1.519162144,0.053853976,0.603590104,0.036614256,0.447705552,0.040305431,0.719819228,0.042747926,1.387257765,0,-0.255582434,0.09993822,0.283034729,0.09149006,0.283288395,0.082368983,0.244117417,0.075222257,0.427507536,-0.055200918,-1.659631387,-0.01180881,-1.14383503,-0.003630446,-0.526401801,0.001610882,0.346209323,0.004724768,1.785041901
2024-07-16,-0.266666667,-1.929032272,-0.010250153,-0.378531639,0.006286163,-0.173927976,0.024956826,0.278455773,0.036559634,1.078184163,0,-0.255582434,0.079950576,0.069384203,0.082341054,0.144473093,0.078250534,0.151480658,0.073717812,0.36368574,0.00412032,0.123878589,-0.008622984,-0.835246838,-0.002855369,-0.414018444,0.001736354,0.373175622,0.004712679,1.780474624
2024-07-17,-0.222222222,-1.620946173,-0.052644567,-1.028044809,-0.016564675,-0.642300575,0.012597873,-0.076937435,0.031383997,0.819687498,0,-0.255582434,0.063960461,-0.101536217,0.074106949,0.019539322,0.074338007,0.063475738,0.072243455,0.30114038,-0.012310284,-0.370112209,-0.009360444,-0.906679321,-0.003800861,-0.551111362,0.001034022,0.222231096,0.00437222,1.651847353
2024-07-18,-0.2,-1.466903124,-0.082115653,-1.479563232,-0.034908208,-1.018287126,0.00196798,-0.382609947,0.026756317,0.588558498,0,-0.255582434,0.051168369,-0.238272553,0.066696254,-0.092901073,0.070621106,-0.020128937,0.070798586,0.239845927,1.21E-08,3.65E-07,-0.007488353,-0.725343222,-0.003420773,-0.496000049,0.000982322,0.211119672,0.004284776,1.618810498
2024-07-19,0,-0.080515678,-0.065692523,-1.227948958,-0.031417387,-0.946735931,0.001869581,-0.385439501,0.026221191,0.561831667,0.153846154,0.3150021,0.071703926,-0.018765315,0.075411244,0.039329026,0.074782359,0.0734706,0.072459538,0.310307053,0.020191132,0.60705217,-0.001952456,-0.189120431,-0.001059583,-0.153635768,0.001942762,0.417536666,0.004602903,1.739000571
2024-07-22,0,-0.080515678,-0.052554018,-1.02665754,-0.028275648,-0.882339856,0.001776102,-0.388127579,0.025696767,0.535639374,0,-0.255582434,0.057363141,-0.172055831,0.067870119,-0.075090339,0.071043241,-0.010633818,0.071010347,0.248829267,-0.02940221,-0.883985857,-0.007442407,-0.720892749,-0.003893846,-0.564593836,0.000375514,0.080705038,0.003922801,1.482054421
2024-07-23,0,-0.080515678,-0.042043215,-0.865624404,-0.025448083,-0.824383389,0.001687297,-0.390681252,0.025182832,0.509970926,0.25,0.671617433,0.095890512,0.239768255,0.086083107,0.20125022,0.079991079,0.190630949,0.07459014,0.400691782,-0.051439139,-1.54653243,-0.016241753,-1.573222576,-0.008648375,-1.253983771,-0.002215219,-0.476092832,0.002815562,1.063733882
2024-07-24,-0.238095238,-1.730976923,-0.081253619,-1.466356244,-0.046712799,-1.260245295,-0.01030183,-0.735439778,0.01991727,0.246983002,-0.25,-1.182782301,0.02671241,-0.499685475,0.052474797,-0.308679252,0.063491525,-0.180495451,0.068098337,0.125295555,0.027866338,0.837809438,-0.007420135,-0.718735438,-0.004996904,-0.724533344,-0.000711141,-0.152837801,0.003316578,1.253020138
2024-07-25,-0.153846154,-1.146967559,-0.095772126,-1.688790301,-0.057426134,-1.479836046,-0.017479046,-0.941827327,0.016442002,0.073411074,-0.666666667,-2.728115412,-0.111963405,-1.982009292,-0.01943935,-1.399812422,0.026983615,-1.001672138,0.053403037,-0.498110656,-0.021516513,-0.646900112,-0.01023941,-0.991818523,-0.006648864,-0.964061833,-0.00175141,-0.376411366,0.002819916,1.065378741
2024-07-26,0,-0.080515678,-0.076617701,-1.395330613,-0.051683521,-1.362129959,-0.016605094,-0.916696013,0.016113162,0.056987193,-0.142857143,-0.785410929,-0.118142153,-2.048054728,-0.031781129,-1.587070778,0.018491577,-1.192684541,0.049477834,-0.664626229,-0.019087031,-0.573857048,-0.012008934,-1.163219683,-0.007892681,-1.144410847,-0.002618191,-0.562699153,0.002381777,0.899847587
2024-07-29,-0.083333333,-0.658177114,-0.077960827,-1.415908285,-0.054848502,-1.427002436,-0.019941506,-1.012637652,0.014124232,-0.042349707,0,-0.255582434,-0.094513722,-1.795487362,-0.028603016,-1.538850163,0.017566999,-1.213481202,0.048488277,-0.706605349,0.012374454,0.372041492,-0.007132257,-0.690850762,-0.005865968,-0.850544561,-0.001868559,-0.401588886,0.00258163,0.975353287
2024-07-30,-0.074074074,-0.59399251,-0.077183477,-1.403998709,-0.056771059,-1.466409003,-0.022648134,-1.090469277,0.012360266,-0.130450814,0.142857143,0.274246061,-0.047039549,-1.288029755,-0.011457,-1.278698473,0.023831506,-1.072572908,0.050375654,-0.626538747,0.041009843,1.23297268,0.002496163,0.241785501,-0.001178387,-0.17086188,0.000275362,0.059180449,0.003350195,1.265720838
2024-07-31,0.055555556,0.304591946,-0.05063567,-0.997267059,-0.045538398,-1.236173651,-0.01873795,-0.978028274,0.013224172,-0.087303128,0,-0.255582434,-0.037631639,-1.187467383,-0.0103113,-1.261315088,0.02263993,-1.09937515,0.049368141,-0.669279618,-0.117161588,-3.522496692,-0.021435387,-2.07629281,-0.012776707,-1.852577286,-0.005596486,-1.202791612,0.000939959,0.355121346
2024-08-01,-0.352941176,-2.527081759,-0.111096772,-1.923574983,-0.076278676,-1.866255729,-0.035448111,-1.458544555,0.005900865,-0.453064943,-0.6,-2.480862114,-0.150105312,-2.389713086,-0.06928017,-2.156033212,-0.008492066,-1.799630795,0.036380778,-1.22023146,-0.112760273,-3.390169899,-0.039700364,-3.845490673,-0.022775063,-3.302303642,-0.010954675,-2.354368743,-0.001334046,-0.504009366
2024-08-02,-0.28,-2.021458102,-0.144877417,-2.441118976,-0.096650808,-2.283822401,-0.047675706,-1.810160443,0.000182847,-0.73865073,-0.086956522,-0.578086735,-0.137475554,-2.254711961,-0.071047805,-2.182853044,-0.012415289,-1.887876305,0.033914032,-1.324876127,0.127959993,3.847153821,-0.006168293,-0.597478463,-0.007701558,-1.116698634,-0.004008942,-0.861598107,0.001251835,0.472949759
2024-08-05,-0.166666667,-1.23583855,-0.149235267,-2.507884397,-0.103652394,-2.427333588,-0.053625254,-1.981245249,-0.003154143,-0.905316367,-0.4,-1.739102221,-0.189980443,-2.815943548,-0.103943025,-2.681962982,-0.031794524,-2.323775721,0.025235752,-1.693027443,0.038231951,1.14945455,0.002711756,0.262668421,-0.003108207,-0.450679003,-0.001896897,-0.407679415,0.001991437,0.752375339
2024-08-06,0.214285714,1.404899442,-0.076531071,-1.394003377,-0.071858583,-1.775657293,-0.040229705,-1.596043755,0.001194654,-0.688116139,0.166666667,0.362550811,-0.118651021,-2.053494085,-0.076882056,-2.271374488,-0.021871465,-2.10057518,0.02806437,-1.573031375,-0.053891105,-1.620251488,-0.008608816,-0.833874525,-0.008186497,-1.187013061,-0.004496608,-0.966406776,0.000873787,0.330121073
2024-08-07,-0.157894737,-1.175032083,-0.092803804,-1.643313453,-0.080462199,-1.952005206,-0.046112957,-1.765222144,-0.001987134,-0.847030206,-0.166666667,-0.873715678,-0.12825415,-2.156143181,-0.085860517,-2.40760216,-0.029111225,-2.263419951,0.024169749,-1.738249557,0.035686261,1.072917641,0.000250199,0.024235004,-0.003799221,-0.550873597,-0.002487464,-0.534603522,0.001570036,0.593167727
2024-08-08,-0.111111111,-0.850730926,-0.096465265,-1.699409697,-0.08352709,-2.014826143,-0.049362865,-1.858676273,-0.004169613,-0.956033923,0,-0.255582434,-0.10260332,-1.881958124,-0.077274465,-2.277328406,-0.027655664,-2.230679842,0.023686354,-1.758756211,0.006437022,0.193530917,0.001487564,0.144089676,-0.002775597,-0.402451691,-0.00204124,-0.438701401,0.001667376,0.629943178
2024-08-09,0,-0.080515678,-0.077172212,-1.40382613,-0.075174381,-1.843621046,-0.046894721,-1.787702511,-0.004086221,-0.951868905,0.117647059,0.180746915,-0.058553244,-1.411101138,-0.057782313,-1.981579445,-0.020390528,-2.067264284,0.025565568,-1.679035911,0.057562025,1.730618774,0.012702456,1.230396177,0.003258166,0.47242249,0.000938923,0.201792547,0.002785269,1.052288931
2024-08-12,0.071428571,0.414622695,-0.047452056,-0.948491773,-0.060514086,-1.543129642,-0.040978557,-1.617577677,-0.002575925,-0.876437334,0.285714286,0.804074557,0.010300262,-0.675117062,-0.023432653,-1.460401692,-0.005085287,-1.723001713,0.030768543,-1.458314557,0.054162231,1.628402975,0.020994411,2.033578615,0.008348572,1.210513432,0.003600089,0.773727761,0.003812808,1.440498568
2024-08-13,0,-0.080515678,-0.037961644,-0.803091791,-0.054462677,-1.419094196,-0.038929629,-1.558658845,-0.002524407,-0.873864247,0.1,0.115297513,0.028240209,-0.483354629,-0.011089388,-1.27312079,0.000168977,-1.604816929,0.032153172,-1.399575613,0.001940487,0.058341309,0.017183626,1.664455122,0.007707764,1.11759847,0.003517109,0.755893761,0.003775362,1.42635112
2024-08-14,-0.142857143,-1.070792425,-0.058940744,-1.124506814,-0.063302124,-1.60027593,-0.044126005,-1.708085477,-0.005331061,-1.01404233,0.333333333,0.980684055,0.089258834,0.168881383,0.023352885,-0.750537856,0.016827195,-1.230121685,0.038176775,-1.144041418,0.026776665,0.805048111,0.019102234,1.850296955,0.009614654,1.394090802,0.004680087,1.005839888,0.004235388,1.600151351
2024-08-15,0,-0.080515678,-0.047152595,-0.943903824,-0.056971911,-1.470525855,-0.041919704,-1.644641255,-0.00522444,-1.008717144,0,-0.255582434,0.071407067,-0.021938473,0.021017596,-0.785970533,0.015985835,-1.249046489,0.03741324,-1.176432235,0.019189617,0.576941325,0.019119711,1.851989784,0.01057215,1.53292438,0.005405563,1.161758635,0.004534472,1.713147053
2024-08-16,0.214285714,1.404899442,0.005135067,-0.142818919,-0.029846149,-0.914530334,-0.029109433,-1.276269962,-0.000834237,-0.789448901,-0.111111111,-0.667671264,0.034903432,-0.41213058,0.007804725,-0.986445714,0.009630988,-1.391986814,0.034442753,-1.302446678,0.033151044,0.996695626,0.021925977,2.123812786,0.01283004,1.860310355,0.006792837,1.459910296,0.005106804,1.929376828
2024-08-19,0.266666667,1.768000916,0.057441387,0.658551842,-0.000194867,-0.306769364,-0.014320628,-0.851004074,0.004515781,-0.522242797,0,-0.255582434,0.027922745,-0.486748044,0.007024253,-0.998287605,0.009149439,-1.402818361,0.033753897,-1.33166939,-0.008411208,-0.252885367,0.01585854,1.536103509,0.010705915,1.552319783,0.006032635,1.296528331,0.004836443,1.827233336
2024-08-20,-0.1,-0.773709401,0.025953109,0.176128595,-0.01017538,-0.511339491,-0.018604597,-0.974193588,0.002425465,-0.626643396,0,-0.255582434,0.022338196,-0.546442015,0.006321828,-1.008945307,0.008691967,-1.413108331,0.03307882,-1.360307647,0.021206462,0.637578357,0.016928125,1.639706506,0.01175597,1.704574006,0.006791326,1.459585581,0.005163844,1.950926891
2024-08-21,0.076923077,0.452710263,0.036147103,0.332307969,-0.001465535,-0.332814179,-0.013828213,-0.836844218,0.003915418,-0.552227885,0.142857143,0.274246061,0.046441986,-0.288793477,0.019975359,-0.801784103,0.015400226,-1.26221868,0.035274386,-1.267166999,-0.031995116,-0.961942306,0.007143477,0.691937552,0.007380861,1.070198746,0.004852004,1.042788263,0.004420665,1.670149952
2024-08-22,0.0625,0.352730399,0.041417682,0.413057069,0.004931019,-0.201704313,-0.010011803,-0.727099769,0.005087109,-0.493707866,0.416666667,1.289750678,0.120486922,0.502682471,0.05964449,-0.199895509,0.035463548,-0.810932027,0.042902232,-0.943577395,0.029477251,0.886242003,0.011610232,1.124600194,0.0095905,1.390588592,0.006083266,1.307410038,0.004921796,1.859480113
2024-08-23,0.529411765,3.589333443,0.139016499,1.908341727,0.057379093,0.873321487,0.016959376,0.048481632,0.015573602,0.030038956,0.4,1.227937353,0.176389537,1.100232797,0.093680041,0.31651636,0.05369037,-0.40095397,0.050044187,-0.640600299,-0.034884568,-1.048814514,0.002311272,0.223876384,0.005142993,0.745715839,0.004034875,0.867171576,0.004125669,1.55869911
2024-08-26,0.142857143,0.909761069,0.139784628,1.920110017,0.065926898,1.048525456,0.023254264,0.229497021,0.018119273,0.157182223,0,-0.255582434,0.14111163,0.723142658,0.084312037,0.174378261,0.051005852,-0.46133716,0.049043303,-0.683059938,0.024550063,0.738104683,0.00675903,0.654698958,0.0070837,1.027111492,0.005060634,1.087626849,0.004534157,1.713027945
2024-08-27,0.111111111,0.689699569,0.134049924,1.832250204,0.07044532,1.141139332,0.027647106,0.355817301,0.01997911,0.250071579,0.05,-0.070142461,0.122889304,0.528361847,0.080880833,0.12231757,0.050955559,-0.462468397,0.049062437,-0.682248236,-0.052763053,-1.586336303,-0.005145387,-0.498396842,0.001099025,0.159354729,0.00216945,0.466256162,0.003388213,1.280084299
2024-08-28,0.076923077,0.452710263,0.122624555,1.657205256,0.071093095,1.154416762,0.030110905,0.426666127,0.021117989,0.306952791,0,-0.255582434,0.098311443,0.265645898,0.07279275,-0.000400649,0.048407781,-0.519775865,0.048081188,-0.723874916,-0.015079088,-0.453357083,-0.007132127,-0.69083817,-0.000518786,-0.07522218,0.001307023,0.280904173,0.003018867,1.140543469
2024-08-29,0.035714286,0.167053509,0.105242501,1.390899585,0.067555214,1.081900977,0.030391074,0.434722649,0.021409915,0.321533002,0,-0.255582434,0.078649155,0.055473139,0.065513475,-0.110847046,0.045987392,-0.57421796,0.047119565,-0.764669063,-0.029448659,-0.885382367,-0.011595433,-1.123166782,-0.003411774,-0.494695104,-0.000230761,-0.049594972,0.002369516,0.895215486
2024-08-30,-0.08,-0.635070656,0.068194001,0.82328969,0.052799693,0.779457725,0.02487152,0.276002732,0.019381717,0.220234845,-0.259259259,-1.217123037,0.011067472,-0.666916254,0.033036201,-0.603615606,0.03072506,-0.917515394,0.040991988,-1.024614026,-0.091371406,-2.747107485,-0.027550628,-2.668632499,-0.012207737,-1.77007867,-0.004787793,-1.028988153,0.000494698,0.186899383
2024-09-03,-0.423076923,-3.013258352,-0.030060184,-0.682035685,0.005212031,-0.195944412,0.002474098,-0.368056042,0.010532544,-0.221736182,-0.142857143,-0.785410929,-0.019717451,-0.995980297,0.015446867,-0.870493643,0.022045949,-1.112735635,0.037315006,-1.180599531,-0.003984476,-0.119794402,-0.022837397,-2.212095538,-0.011385411,-1.650844291,-0.004747628,-1.020355737,0.000405114,0.153054285
2024-09-04,-0.238095238,-1.730976923,-0.071667195,-1.319485269,-0.019118696,-0.694650216,-0.009554369,-0.713945829,0.005559989,-0.470089964,0.142857143,0.274246061,0.012797468,-0.648424103,0.028187895,-0.677177606,0.028086509,-0.976864619,0.039425848,-1.091053046,0.029050306,0.873405754,-0.012459857,-1.206897317,-0.007341839,-1.064540705,-0.003057731,-0.657164703,0.000978018,0.369500312
2024-09-05,-0.066666667,-0.542644827,-0.070667089,-1.304162925,-0.023873493,-0.792109076,-0.012409984,-0.7960617,0.004115455,-0.542237021,0,-0.255582434,0.010237974,-0.675782862,0.025369105,-0.719946307,0.026682184,-1.008452276,0.038637331,-1.12450363,-0.02924828,-0.879357903,-0.015817541,-1.532132235,-0.009532483,-1.382176346,-0.004367258,-0.938607136,0.000373492,0.14110728
2024-09-06,-0.368421053,-2.634387289,-0.130217882,-2.216524262,-0.058328249,-1.498326643,-0.030210537,-1.307933224,-0.003335275,-0.914362975,-0.230769231,-1.111459234,-0.037963467,-1.19101433,-0.000244728,-1.10857782,0.013809613,-1.297996517,0.0332492,-1.353079737,0.027936593,0.839921664,-0.007066715,-0.684502152,-0.005785576,-0.838887994,-0.002752066,-0.591471437,0.000924754,0.349376919
2024-09-09,0.105263158,0.649161925,-0.083121674,-1.494976197,-0.041969108,-1.16301408,-0.023436852,-1.113149598,-0.001163306,-0.805884223,-0.166666667,-0.873715678,-0.063704107,-1.466159377,-0.016886922,-1.361085159,0.004785799,-1.500970222,0.029250883,-1.522696951,0.014655464,0.440620706,-0.002722279,-0.263687712,-0.003741472,-0.542500157,-0.001881689,-0.404410928,0.001199368,0.453127579
2024-09-10,0.076923077,0.452710263,-0.051112724,-1.004575864,-0.03007989,-0.919321309,-0.018418856,-0.968852428,0.000398422,-0.727883896,-0.2,-0.997342327,-0.090963285,-1.757536281,-0.03519823,-1.638917495,-0.005453491,-1.73128377,0.024665865,-1.717203254,0.068196253,2.050339867,0.011461427,1.110186596,0.003452301,0.500571407,0.001622208,0.348643416,0.002539306,0.959362966
2024-09-11,0,-0.080515678,-0.040890179,-0.847959064,-0.027071901,-0.857666696,-0.017497913,-0.942369859,0.000390453,-0.728281878,0,-0.255582434,-0.072770628,-1.563072604,-0.031678407,-1.585512208,-0.005180816,-1.72515047,0.024172548,-1.738130834,0.019171509,0.57639691,0.013003444,1.259550703,0.005024222,0.728494369,0.002499673,0.5372274,0.00287195,1.085037612
2024-09-12,0,-0.080515678,-0.032712143,-0.722665624,-0.024364711,-0.802177545,-0.016623017,-0.917211418,0.000382644,-0.728671901,0.5,1.5988173,0.041783497,-0.338588664,0.021489434,-0.778811474,0.020078224,-1.156995905,0.033689097,-1.334418372,-0.019230772,-0.578178674,0.006556601,0.635091057,0.002598722,0.376805535,0.001413151,0.303713036,0.002429896,0.918027156
2024-09-13,0,-0.080515678,-0.026169715,-0.622430872,-0.021928239,-0.752237308,-0.015791866,-0.893310899,0.000374991,-0.729054123,0.1,0.115297513,0.053426798,-0.214131911,0.02934049,-0.659689594,0.024074313,-1.067111412,0.035015315,-1.278157351,0.011816117,0.355254933,0.007608504,0.736981409,0.003520462,0.510454496,0.001933299,0.415502831,0.00261762,0.988950413
2024-09-16,-0.222222222,-1.620946173,-0.065380216,-1.223164195,-0.041957638,-1.162778974,-0.026113384,-1.190115774,-0.004076953,-0.951406023,0,-0.255582434,0.042741438,-0.328349108,0.026406441,-0.704207097,0.022870598,-1.09418673,0.034315009,-1.307865849,-0.01929428,-0.580088057,0.002227947,0.215805311,0.001238988,0.179648807,0.00087192,0.187392242,0.002179382,0.823381828
2024-09-17,0,-0.080515678,-0.052304173,-1.022829729,-0.037761874,-1.076778595,-0.024807715,-1.152570038,-0.003995414,-0.947333563,0.25,0.671617433,0.084193151,0.114733633,0.048765797,-0.364954862,0.034227068,-0.838744317,0.038628708,-1.124869432,0.012598205,0.378768639,0.004301999,0.416703871,0.002374909,0.344353443,0.001458234,0.313402361,0.002387759,0.902107531
2024-09-18,-0.083333333,-0.658177114,-0.058510005,-1.117907577,-0.04231902,-1.170186208,-0.027733996,-1.236717976,-0.005582172,-1.026584048,,,,,,,,-0.576827188,0.043242421,-0.929145814,-0.002471276,-0.074299607,0.002947344,0.285488135,0.001890291,0.274085477,0.001261759,0.27117603,0.002290578,0.865392167
2024-09-19,0.111111111,0.689699569,-0.024585782,-0.598163872,-0.026976007,-0.855701166,-0.020791741,-1.037086945,-0.003248307,-0.910019366,0.5,1.5988173,0.16735452,1.003656327,0.093889217,0.319690137,0.057515714,-0.31491006,0.047856134,-0.733422197,-0.004356662,-0.130984283,0.001486543,0.143990768,0.001265596,0.183506875,0.000980838,0.210800741,0.002157633,0.815164937
2024-09-20,-0.083333333,-0.658177114,-0.036335292,-0.778174892,-0.032611739,-0.971216522,-0.02391882,-1.127009038,-0.004850007,-0.990016135,-0.142857143,-0.785410929,0.105312188,0.340477767,0.070214581,-0.039518475,0.047497071,-0.540260568,0.044041869,-0.895231539,-0.000257506,-0.007742006,0.001137733,0.110204052,0.001113285,0.161422435,0.000918921,0.197493552,0.00210933,0.796915892
2024-09-23,-0.181818182,-1.340867901,-0.06543187,-1.22395557,-0.047532384,-1.277044288,-0.031813788,-1.354036212,-0.008389371,-1.166789281,0.333333333,0.980684055,0.150916417,0.827947301,0.096526457,0.359704227,0.061788885,-0.218793141,0.049827698,-0.649784225,0.047202242,1.419148919,0.010350635,1.002592036,0.005722181,0.829696006,0.003233087,0.694851996,0.003011189,1.137642596
2024-09-24,0.1,0.612678045,-0.032345496,-0.717048323,-0.032779145,-0.974647832,-0.025223099,-1.164514788,-0.006221583,-1.058519361,0.4,1.227937353,0.200733134,1.36044466,0.126873811,0.820156122,0.07869944,0.161577971,0.056831144,-0.352682993,0.039173971,1.177776641,0.016115302,1.560974164,0.00906736,1.314735125,0.005030131,1.081071082,0.003734444,1.410892317
2024-09-25,0.058823529,0.327245335,-0.014111691,-0.437693204,-0.023618878,-0.786890246,-0.021020768,-1.043672827,-0.004920681,-0.993545932,0.5,1.5988173,0.260586507,2.000225148,0.16418643,1.386290023,0.099764468,0.635396113,0.065694521,0.023320513,-0.022318605,-0.671015241,0.008428521,0.816410571,0.005928763,0.859649737,0.003662694,0.787182828,0.003213383,1.214032785
2024-09-26,0.142857143,0.909761069,0.017282076,0.043282073,-0.006971276,-0.445665104,-0.012826872,-0.808049715,-0.001965125,-0.845930967,0,-0.255582434,0.208469205,1.443136539,0.147767787,1.137174558,0.094776245,0.52319542,0.064380631,-0.032417542,-0.045656306,-1.372669897,-0.002388445,-0.231351574,0.000770257,0.11168448,0.001196744,0.257203127,0.002235989,0.844768364
2024-09-27,-0.0625,-0.513761755,0.001325661,-0.201181781,-0.012524148,-0.559482077,-0.015310528,-0.879469573,-0.003175822,-0.906399129,-0.222222222,-1.079760093,0.12233092,0.522393207,0.110768786,0.575799096,0.078926321,0.166681237,0.058648574,-0.275583722,0.029245221,0.879265933,0.003938288,0.381473862,0.003617753,0.524561389,0.002599168,0.558610767,0.002776174,1.048852908
2024-09-30,-0.090909091,-0.71069179,-0.01712129,-0.483802439,-0.020362642,-0.720147338,-0.019090457,-0.988164933,-0.004930487,-0.994035712,0,-0.255582434,0.097864736,0.260870986,0.099691907,0.407732724,0.074980005,0.077916287,0.057475602,-0.325343693,-0.043770997,-1.31598755,-0.005603569,-0.542777663,-0.001121122,-0.162558724,0.00028066,0.06031911,0.001845231,0.697137672
2024-10-01,0,-0.080515678,-0.013697032,-0.431340324,-0.018326378,-0.678410122,-0.018135934,-0.960716738,-0.004831878,-0.989110658,0.8,2.71145714,0.238291789,1.761914008,0.169722717,1.470290549,0.111231005,0.893314271,0.07232609,0.304645922,0.038474735,1.156753936,0.003212092,0.311132422,0.002838464,0.411567206,0.002190363,0.470750892,0.002577821,0.973913998
2024-10-02,0.238095238,1.569945567,0.036661422,0.340187716,0.007315783,-0.152823901,-0.005324375,-0.592308417,2.67E-05,-0.74645126,0,-0.255582434,0.190633431,1.252487627,0.152750445,1.212775032,0.105669455,0.768217669,0.070879568,0.243281359,0.033245134,0.999524468,0.009218701,0.892949661,0.005879131,0.852453169,0.003743102,0.804464028,0.003191167,1.205639387
2024-10-03,0.105263158,0.649161925,0.050381769,0.550393385,0.017110521,0.047938387,0.000205002,-0.433306032,0.002131394,-0.641330743,0,-0.255582434,0.152506745,0.844946522,0.1374754,0.981011066,0.100385982,0.649375898,0.069461977,0.183144086,0.000400158,0.012030859,0.007454992,0.722111814,0.005331233,0.773009999,0.003575955,0.768540904,0.003135347,1.184550233
2024-10-04,-0.058823529,-0.488276692,0.02854071,0.215772508,0.009517116,-0.10770329,-0.002746425,-0.518177056,0.000912296,-0.702218492,0.266666667,0.733430757,0.175338729,1.089000571,0.150394527,1.177029351,0.108700016,0.836384444,0.073406071,0.350461021,0.042163348,1.267653114,0.014396663,1.394501904,0.009014445,1.307062627,0.005505324,1.183199252,0.003915907,1.479449842
2024-10-07,0.058823529,0.327245335,0.034597274,0.308563461,0.014447757,-0.006640159,0.000332073,-0.429651982,0.002070521,-0.644371079,0.428571429,1.333903052,0.225985269,1.630368019,0.178212217,1.599099361,0.124693587,1.196129701,0.080509378,0.651798577,0.029556257,0.888617338,0.017428582,1.688182223,0.011068626,1.604911642,0.006707871,1.441649471,0.004428714,1.673190982
2024-10-08,0.19047619,1.239853318,0.065773057,0.786199075,0.032050601,0.354164521,0.009839279,-0.156263405,0.005838634,-0.456173042,0.4,1.227937353,0.260788215,2.002381235,0.200390996,1.935611743,0.138458908,1.505754671,0.08689919,0.922868153,-0.016404446,-0.493204356,0.010661976,1.032749486,0.008321319,1.206561817,0.005552255,1.193285579,0.004012051,1.515773474
2024-10-09,0,-0.080515678,0.052618446,0.584660887,0.02884554,0.288470551,0.009347315,-0.170410287,0.005721861,-0.462005242,0,-0.255582434,0.208630572,1.444861409,0.180351896,1.631564106,0.131535962,1.35003605,0.085161207,0.849139145,0.015919978,0.47863871,0.011713577,1.134610505,0.009081185,1.316739693,0.006070641,1.304696656,0.004250209,1.605751008
2024-10-10,0,-0.080515678,0.042094756,0.423430337,0.025960986,0.229345978,0.008879949,-0.183849825,0.005607424,-0.467720797,0.2,0.48617746,0.206904458,1.426410747,0.182316706,1.661375623,0.134959164,1.427034531,0.087457982,0.946573313,0.018356943,0.551906743,0.01304225,1.263309587,0.010008761,1.451234903,0.006684956,1.436724687,0.004532344,1.712342947
2024-10-11,0.133333333,0.843742619,0.060342472,0.702998572,0.036698221,0.449426589,0.015102618,-0.004911165,0.008161942,-0.340135649,0.333333333,0.980684055,0.232190233,1.696693684,0.197418369,1.890508915,0.144877873,1.650137202,0.092375489,1.155184529,0.010258599,0.30842771,0.01248552,1.209383105,0.010033745,1.454857467,0.006863639,1.475126884,0.004646869,1.755611121
2024-10-14,-0.0625,-0.513761755,0.035773977,0.326591418,0.026778399,0.246100446,0.011222487,-0.11648795,0.006748703,-0.410719718,0,-0.255582434,0.185752186,1.200311368,0.177676532,1.590971561,0.137633979,1.487199454,0.09052798,1.076809194,-0.028215045,-0.848293398,0.004345407,0.42090852,0.006208866,0.90026355,0.005109704,1.098172966,0.003989631,1.507303103
2024-10-15,-0.137931034,-1.036644951,0.001032975,-0.205665936,0.010307456,-0.091503731,0.003764811,-0.330940385,0.003855109,-0.555240011,0.142857143,0.274246061,0.177173178,1.108609229,0.174194593,1.538141079,0.137895137,1.493073716,0.091574563,1.121207505,0.040006065,1.202793788,0.011477538,1.111747153,0.009588585,1.390310984,0.006854522,1.473167649,0.004709959,1.779447002
2024-10-16,0.105263158,0.649161925,0.021879012,0.113710464,0.019803026,0.10312654,0.008839729,-0.185006401,0.00588327,-0.453943719,0.142857143,0.274246061,0.170309971,1.035247517,0.171060848,1.490593644,0.138143237,1.498654265,0.092600215,1.16471785,-0.004808449,-0.144567397,0.008220341,0.796245701,0.008148882,1.181559075,0.006271374,1.347837894,0.004519591,1.707524924
2024-10-17,0.083333333,0.497145758,0.034169876,0.30201542,0.026156057,0.233344323,0.012564409,-0.077899745,0.007432271,-0.376579009,0.8,2.71145714,0.296247977,2.381415233,0.233954763,2.444865378,0.171236076,2.243015349,0.10674821,1.764906234,-0.003894067,-0.117076248,0.005797459,0.561558465,0.006944587,1.006940569,0.005763102,1.238600532,0.004351318,1.64395045
2024-10-18,0.2,1.305871768,0.067335901,0.810142976,0.043540451,0.589671463,0.021936188,0.191594521,0.011283626,-0.1842235,0.222222222,0.568595226,0.281442826,2.223161051,0.232781509,2.427063922,0.173785383,2.300357218,0.10905769,1.862879349,0.034605153,1.040413828,0.011558998,1.11963756,0.009710644,1.408008991,0.007205204,1.548535886,0.004956395,1.872551555
2024-10-21,0.133333333,0.843742619,0.080535387,1.012368683,0.052519739,0.773719526,0.027506046,0.351760963,0.01372462,-0.062308298,0,-0.255582434,0.225154261,1.621485261,0.209503358,2.073871068,0.165096114,2.104908469,0.106876537,1.770350117,-0.006157806,-0.185136202,0.008015637,0.776417512,0.008123799,1.177922082,0.006537054,1.404937591,0.004734111,1.788571504
2024-10-22,0.2,1.305871768,0.10442831,1.378425586,0.067267765,1.076009146,0.036130743,0.599772194,0.017450127,0.123761798,0,-0.255582434,0.180123408,1.140144629,0.188553022,1.755997499,0.156841308,1.919232158,0.104739006,1.679671469,-0.008519271,-0.256134327,0.004708656,0.456093822,0.006459492,0.936603454,0.005784238,1.243143015,0.004469043,1.68842758
2024-10-23,-0.055555556,-0.465623302,0.072431537,0.888211815,0.054985433,0.824258743,0.031546428,0.46794594,0.015990014,0.050836571,0,-0.255582434,0.144098727,0.755072124,0.16969772,1.469911286,0.148999243,1.742839662,0.102644226,1.590806395,0.000781025,0.023481751,0.003923129,0.380005527,0.005891645,0.8542677,0.005534077,1.189378727,0.004395283,1.660560537
2024-10-24,0.125,0.785976475,0.082945229,1.049289212,0.06198689,0.967767283,0.036219107,0.602313173,0.018170213,0.159726422,0.5,1.5988173,0.215278981,1.515927119,0.202727948,1.971069671,0.166549281,2.13759472,0.110591341,1.927940113,0.014688223,0.441605633,0.006076148,0.588553069,0.006771303,0.981814971,0.005991784,1.287748761,0.004601142,1.738335059
2024-10-25,0.25,1.652468629,0.116356184,1.561169262,0.080788201,1.3531369,0.046908152,0.909686626,0.022806809,0.391300721,-0.125,-0.719182367,0.147223185,0.788469866,0.169955153,1.473817247,0.151971817,1.809702113,0.105879514,1.728054293,-0.018951128,-0.569771099,0.001070693,0.103710372,0.00419906,0.608848815,0.004744639,1.019713369,0.004130096,1.560371672
2024-10-28,0,-0.080515678,0.093084947,1.204637037,0.072709381,1.187545692,0.044562744,0.842242243,0.022350673,0.368519046,-0.333333333,-1.491848923,0.051111881,-0.238876353,0.119626305,0.710191744,0.127706559,1.263900834,0.097095258,1.355407234,-0.005346084,-0.160731539,-0.000212662,-0.020599091,0.003244545,0.470447609,0.004240103,0.91127893,0.003940573,1.488768677
2024-10-29,0.076923077,0.452710263,0.089852573,1.155114723,0.07313075,1.196182485,0.046180761,0.888769821,0.023442121,0.423031308,0,-0.255582434,0.040889505,-0.348144662,0.107663674,0.528686107,0.121321231,1.120274904,0.095153352,1.273027444,-0.013902661,-0.417987482,-0.002950662,-0.285809562,0.001529825,0.221819181,0.003332964,0.716317629,0.003583708,1.35394336
2024-10-30,-0.153846154,-1.146967559,0.041112828,0.408386473,0.05043306,0.730948957,0.036179415,0.601171792,0.019896356,0.245938414,0,-0.255582434,0.032711604,-0.435559309,0.096897307,0.365331034,0.11525517,0.983830271,0.093250285,1.19229525,-0.021075667,-0.633645958,-0.006575663,-0.636937506,-0.000730724,-0.105952453,0.002112533,0.4540236,0.00309052,1.167614575
2024-10-31,-0.2,-1.466903124,-0.007109738,-0.330418206,0.025389754,0.217637452,0.024370444,0.26159382,0.015498428,0.026284396,0,-0.255582434,0.026169283,-0.505491027,0.087207576,0.218311468,0.109492411,0.85420787,0.09138528,1.1131777,0.018634057,0.560238268,-0.001533719,-0.148560403,0.001205754,0.174830034,0.002938609,0.631563143,0.003401391,1.285063147
2024-11-01,0.333333333,2.230130065,0.060978876,0.712748749,0.056184112,0.848828007,0.039818589,0.705819628,0.021855126,0.34376903,-0.066666667,-0.502835732,0.007602093,-0.703958135,0.071820152,-0.015157604,0.100684457,0.656089531,0.088224241,0.979079635,0.001749038,0.052585328,-0.000877168,-0.084964959,0.001260082,0.182707463,0.00287913,0.618780068,0.003368344,1.272577796
2024-11-04,-0.153846154,-1.146967559,0.01801387,0.054493694,0.035181085,0.418329926,0.030135352,0.427369109,0.018341101,0.168261382,-0.125,-0.719182367,-0.018918325,-0.987438337,0.052138137,-0.3137873,0.089400234,0.402272184,0.083959756,0.798171024,0.040087386,1.205238749,0.007315743,0.708623781,0.005142813,0.745689642,0.004739543,1.018618276,0.004102725,1.550030677
2024-11-05,-0.076923077,-0.613741619,-0.000973519,-0.236406884,0.023970669,0.188550534,0.02478243,0.273440859,0.016435817,0.07310219,0,-0.255582434,-0.01513466,-0.946994249,0.046924323,-0.392895032,0.084930223,0.301727687,0.082280561,0.726935958,0.023992722,0.721348067,0.010651139,1.031699748,0.007027804,1.019006668,0.005702202,1.225512053,0.004500525,1.700321555
2024-11-06,0,-0.080515678,-0.000778815,-0.23342388,0.021573602,0.139417963,0.023543309,0.237808764,0.016107101,0.056684486,0,-0.255582434,-0.012107728,-0.914638979,0.042231891,-0.464091991,0.080683711,0.206210415,0.08063495,0.657125594,0.016257851,0.488796952,0.011772481,1.140316179,0.007950808,1.152839094,0.006229985,1.338942572,0.004735671,1.789161129
2024-11-07,0.111111111,0.689699569,0.02159917,0.109423086,0.030527353,0.322942588,0.027921699,0.363713457,0.018007181,0.151583797,-0.125,-0.719182367,-0.034686183,-1.155983013,0.025508702,-0.717828248,0.070399526,-0.025112976,0.076522251,0.482656064,-0.000605038,-0.018190645,0.009296978,0.900531799,0.007095224,1.028782346,0.005888234,1.265493732,0.004628857,1.748806176
2024-11-08,-0.176470588,-1.303798718,-0.018014782,-0.497491385,0.009827559,-0.101340151,0.017702084,0.069838911,0.014117626,-0.042679648,0.428571429,1.333903052,0.05796534,-0.165618847,0.065814974,-0.106272479,0.088308121,0.377707152,0.083563234,0.781349719,-0.012779087,-0.384206908,0.004881765,0.472861667,0.005107793,0.74061187,0.004954867,1.064895564,0.004280698,1.61726995
2024-11-11,0.166666667,1.074807193,0.018921508,0.068399362,0.02551147,0.220132254,0.025150313,0.284019689,0.017168607,0.109701276,0.6,1.969697247,0.166372272,0.993156942,0.119233477,0.704231477,0.113892715,0.953184421,0.093891969,1.219516869,0.015601713,0.469069956,0.007025754,0.680534622,0.006157185,0.892769998,0.00548721,1.179306072,0.004507119,1.702812704
2024-11-12,0.2,1.305871768,0.055137206,0.62325013,0.042960323,0.577780602,0.033892798,0.535417984,0.020825234,0.292331179,0.166666667,0.362550811,0.166431151,0.993786307,0.123976796,0.776200525,0.116531413,1.012536955,0.095347463,1.28126205,-0.009592947,-0.288414711,0.003702014,0.35858764,0.004582171,0.664398653,0.004733202,1.017255397,0.004225117,1.596271148
2024-11-13,0.142857143,0.909761069,0.072681194,0.89203674,0.052950005,0.78253866,0.039341015,0.692086554,0.023265873,0.414228602,0.285714286,0.804074557,0.190287778,1.248792894,0.140150545,1.021600282,0.124990556,1.202809464,0.0991548,1.442777445,-0.018761821,-0.564079515,-0.000790753,-0.076594598,0.002247772,0.325919021,0.003558451,0.764778963,0.003765379,1.422579466
2024-11-14,0.142857143,0.909761069,0.086716384,1.107066028,0.061940719,0.966820912,0.044516821,0.840921697,0.025657698,0.533688077,0.2,0.48617746,0.192230222,1.269555935,0.14613549,1.112408182,0.128741028,1.287169275,0.101171704,1.528338847,-0.037067714,-1.114451443,-0.008046145,-0.779372614,-0.001683776,-0.24414163,0.001527143,0.328212061,0.002948717,1.114040395
2024-11-15,-0.074074074,-0.59399251,0.054558292,0.614380741,0.048339239,0.68803201,0.038587277,0.670412104,0.023663063,0.434066214,-0.105263158,-0.645982378,0.132731546,0.633566853,0.120995626,0.730968064,0.117040819,1.023995096,0.097043007,1.353190637,0.013046684,0.392252281,-0.00382758,-0.370750282,-0.00021073,-0.030555167,0.00210312,0.452000521,0.003150676,1.190341678
2024-11-18,0.0625,0.352730399,0.056146634,0.638715287,0.049755315,0.717057256,0.039782913,0.704793737,0.024439801,0.472860351,0.25,0.671617433,0.156185237,0.884266402,0.133896063,0.926702783,0.123688778,1.173528418,0.100102146,1.482965925,0.043093681,1.295623849,0.005556673,0.538235174,0.004119711,0.59734348,0.004152648,0.892483207,0.003949536,1.492155152
2024-11-19,0.2,1.305871768,0.084917307,1.079502869,0.064779784,1.025013103,0.047793767,0.935153329,0.027951005,0.648227073,0.4375,1.367017333,0.21244819,1.485668417,0.164256457,1.387352521,0.139379339,1.526458047,0.106850104,1.769228766,0.013160612,0.395677576,0.007077461,0.685543038,0.005023801,0.728433356,0.004603046,0.989282381,0.004133758,1.561754996
2024-11-20,0.255319149,1.689340636,0.118997675,1.601638832,0.08383372,1.415560774,0.058170036,1.233532629,0.032498368,0.875344645,0.166666667,0.362550811,0.203291885,1.387795487,0.164497478,1.391009465,0.140743706,1.557146899,0.108046435,1.81997971,-0.022899398,-0.688476955,0.001082089,0.104814213,0.002231481,0.323556849,0.003227924,0.693742385,0.003593095,1.357489678
2024-11-21,0.37037037,2.486868481,0.169272214,2.371881234,0.112487385,2.002873643,0.073780053,1.682413225,0.039255808,1.212844295,0,-0.255582434,0.162633508,0.95319281,0.14804773,1.141422056,0.13370652,1.398858666,0.105885506,1.72830847,-0.026999109,-0.811735948,-0.004534151,-0.439190796,-0.000691578,-0.100276371,0.001716572,0.368924079,0.00298125,1.126331823
2024-11-22,-0.074074074,-0.59399251,0.120602957,1.626232906,0.093831239,1.620479467,0.066387347,1.469829056,0.036989211,1.099639308,0,-0.255582434,0.130106806,0.605510668,0.133242957,0.916793388,0.127021194,1.248484845,0.103767796,1.638470655,-0.030213402,-0.908374566,-0.009670001,-0.936663909,-0.00364376,-0.528332371,0.000120073,0.025806052,0.002317357,0.875509601
2024-11-25,0.083333333,0.497145758,0.113149032,1.512033374,0.092781449,1.598961957,0.067234646,1.494193939,0.037916093,1.145932357,0,-0.255582434,0.104085445,0.327364955,0.119918661,0.714627587,0.120670135,1.105629715,0.10169244,1.550429597,-0.019535312,-0.587334738,-0.011643063,-1.127780344,-0.005232916,-0.758754245,-0.000862696,-0.185409811,0.001880304,0.710388573
2024-11-26,-0.083333333,-0.658177114,0.073852559,0.909982905,0.075169971,1.237980289,0.059706247,1.277707802,0.035491105,1.024816554,0.142857143,0.274246061,0.111839785,0.410252099,0.122212509,0.749431502,0.121779485,1.130582464,0.102515734,1.5853555,0.013110249,0.394163374,-0.006692401,-0.648245053,-0.003398599,-0.492784854,-0.000164049,-0.035257193,0.002104903,0.795243195
2024-11-27,0.166666667,1.074807193,0.09241538,1.194378795,0.08431964,1.425520651,0.065054268,1.431495135,0.038114616,1.155847554,0.285714286,0.804074557,0.146614685,0.781965527,0.138562687,0.997508161,0.129976225,1.314952697,0.106179705,1.740789026,0.014987483,0.450602953,-0.002356424,-0.22824997,-0.001559991,-0.226193172,0.000593528,0.127560464,0.002362554,0.892585299
2024-11-29,0.066666667,0.38161347,0.087265638,1.115481,0.082554343,1.389337431,0.065134888,1.433813437,0.038685657,1.184368139,-0.153846154,-0.826166967,0.086522517,0.139632535,0.109321803,0.553844428,0.115785106,0.995750197,0.100979188,1.52017191,-0.004105665,-0.123437981,-0.002706272,-0.262137255,-0.001814558,-0.26310454,0.000358568,0.077063158,0.00223319,0.843710767
2024-12-02,0,-0.080515678,0.06981251,0.848086428,0.074298909,1.22012617,0.061878144,1.340162713,0.037911944,1.145725116,0.142857143,0.274246061,0.097789442,0.260066162,0.112675337,0.604726659,0.117138708,1.026196921,0.101816747,1.555702967,0.027050463,0.813279917,0.003245075,0.314327218,0.001071944,0.155428063,0.001693163,0.363893033,0.002729536,1.031232648
2024-12-03,-0.071428571,-0.575654052,0.041564294,0.415303265,0.059726161,0.921429217,0.055212808,1.148494764,0.035725133,1.036505099,-0.2,-0.997342327,0.038231554,-0.376555849,0.081407803,0.130313141,0.101281773,0.669525016,0.095780412,1.299628666,0.021971849,0.660589931,0.00699043,0.677112984,0.003161934,0.458469297,0.002707097,0.58180686,0.003114382,1.176629558
2024-12-04,0.166666667,1.074807193,0.066584768,0.798635083,0.070420211,1.140624686,0.060785501,1.30874275,0.038343964,1.167302328,0,-0.255582434,0.030585243,-0.458288259,0.073267023,0.006795364,0.096217684,0.555617877,0.093864804,1.218364448,-0.003514621,-0.105668091,0.00488942,0.473603139,0.002494279,0.361661603,0.002396011,0.51494856,0.002981802,1.126540126
2024-12-05,0,-0.080515678,0.053267815,0.594609693,0.06337819,0.996284699,0.057746226,1.22134556,0.037577085,1.129000621,0,-0.255582434,0.024468194,-0.523674187,0.065940321,-0.104370634,0.0914068,0.447406095,0.091987508,1.138725513,-0.038935014,-1.170592332,-0.003875467,-0.375388814,-0.00164865,-0.239048486,0.00032946,0.070807265,0.002143465,0.809812334
2024-12-06,0.052631579,0.284323123,0.053140568,0.592660175,0.062303529,0.974257419,0.057490493,1.213991738,0.037878175,1.144038525,-0.470588235,-2.00089983,-0.074543092,-1.582018693,0.012287465,-0.918430363,0.063307048,-0.184644913,0.080735993,0.661412072,0.000287834,0.00865382,-0.003042807,-0.294734961,-0.001455002,-0.210970142,0.000327379,0.070359956,0.002106353,0.795790993
2024-12-09,-0.222222222,-1.620946173,-0.00193199,-0.251091358,0.033850954,0.391066281,0.043504858,0.811821731,0.032676167,0.884224772,0,-0.255582434,-0.059634473,-1.422658534,0.011058719,-0.937073789,0.060141696,-0.255843555,0.079121273,0.592912185,-0.011869655,-0.356864566,-0.004808176,-0.465733699,-0.002496467,-0.361978923,-0.000282473,-0.060708805,0.001826833,0.690186835
2024-12-10,-0.111111111,-0.850730926,-0.023767815,-0.585632021,0.019354747,0.093938195,0.035774059,0.589515409,0.029800421,0.740595955,0,-0.255582434,-0.047707579,-1.295170407,0.009952847,-0.953852872,0.057134611,-0.323482265,0.077538848,0.525782296,-0.002038417,-0.061285584,-0.004254224,-0.412076333,-0.002450662,-0.355337353,-0.00037027,-0.079578098,0.001749528,0.66098061
2024-12-11,0,-0.080515678,-0.019014252,-0.51280399,0.017419273,0.054266858,0.033985356,0.538079586,0.029204413,0.710828376,0,-0.255582434,-0.038166063,-1.193179905,0.008957562,-0.968954047,0.05427788,-0.38773904,0.075988071,0.459995005,0.013568766,0.407948834,-0.000689626,-0.066799181,-0.000848719,-0.123061309,0.000326682,0.070210143,0.001985912,0.750287997
2024-12-12,0,-0.080515678,-0.015211401,-0.454541564,0.015677345,0.018562654,0.032286088,0.489215555,0.028620324,0.681656148,-0.285714286,-1.315239425,-0.087675707,-1.722394932,-0.020509623,-1.416051376,0.037278272,-0.770113221,0.068754024,0.153111179,-0.034259525,-1.030022414,-0.007403606,-0.717134424,-0.0041898,-0.607506168,-0.001402629,-0.30145164,0.001261004,0.476413727
2024-12-13,0,-0.080515678,-0.012169121,-0.407931624,0.014109611,-0.01357113,0.030671784,0.442794725,0.028047918,0.653067365,-0.095238095,-0.608801431,-0.089188185,-1.738562001,-0.02798247,-1.529434792,0.030652454,-0.91914853,0.065474181,0.013973216,-0.03793406,-1.140498383,-0.013509697,-1.308587824,-0.007564226,-1.09678601,-0.0032292,-0.694016725,0.000477102,0.18025177
2024-12-16,-0.166666667,-1.23583855,-0.04306863,-0.881334516,-0.003968017,-0.384107444,0.020804861,0.159062161,0.024153626,0.458567366,0.058823529,-0.037417759,-0.059585842,-1.42213871,-0.01930187,-1.397726484,0.032061007,-0.887465764,0.065341168,0.008330518,0.036951008,1.11094264,-0.003417556,-0.331034222,-0.003112703,-0.451330859,-0.00122019,-0.262242055,0.001206581,0.455852374
2024-12-17,0,-0.080515678,-0.034454904,-0.749365985,-0.003571215,-0.375974217,0.019764618,0.129149,0.023670554,0.434440358,0.111111111,0.156506396,-0.025446451,-1.057218326,-0.006260572,-1.199854525,0.036013513,-0.798561602,0.066256567,0.047163704,-0.015688116,-0.471667695,-0.005871668,-0.56874652,-0.004370244,-0.633669905,-0.001943586,-0.417713724,0.000868687,0.3281943
2024-12-18,0.142857143,0.909761069,0.001007505,-0.206056152,0.011071621,-0.075840677,0.025919245,0.30613102,0.026054286,0.553495597,-0.1,-0.626462381,-0.040357161,-1.21660084,-0.015634515,-1.34208273,0.029212837,-0.951529996,0.062931436,-0.093895513,-0.014799586,-0.444953799,-0.007657252,-0.741703255,-0.005413178,-0.784891681,-0.002586386,-0.555863711,0.000555321,0.20980321
2024-12-19,0.142857143,0.909761069,0.029377433,0.228591714,0.024250173,0.194279508,0.031766139,0.474263939,0.028390343,0.670169732,0.333333333,0.980684055,0.034380938,-0.417715585,0.01926227,-0.812603603,0.044418862,-0.609499098,0.068339474,0.13552508,0.049842083,1.498516483,0.003842615,0.372206691,0.000112348,0.016290058,3.50E-05,0.007530202,0.001541056,0.582219076
2024-12-20,0,-0.080515678,0.023501946,0.138574999,0.021825156,0.14457404,0.030177833,0.42859069,0.027822536,0.641810677,0.210526316,0.525217454,0.069610013,-0.041147417,0.038388675,-0.522404031,0.052724234,-0.422685377,0.07118321,0.256162508,0.027296786,0.8206857,0.00853345,0.826574292,0.002830792,0.410454802,0.001398125,0.300483704,0.002056171,0.776832035
2024-12-23,0.166666667,1.074807193,0.05213489,0.57725247,0.036309307,0.441455026,0.037002274,0.624833879,0.030599418,0.780501794,0.166666667,0.362550811,0.089021344,0.16634282,0.051216474,-0.327771432,0.058421356,-0.294539353,0.07309288,0.337174776,-0.002142851,-0.064425443,0.006398189,0.619746891,0.002333427,0.338338733,0.001221076,0.262432535,0.001972191,0.745103787
2024-12-24,0.105263158,0.649161925,0.062760544,0.740045188,0.043204692,0.582789422,0.040415318,0.72297915,0.032092693,0.85508325,0.333333333,0.980684055,0.137883742,0.688639343,0.07942816,0.100276566,0.072166955,0.014642013,0.078297689,0.557973963,-0.008231947,-0.247495854,0.003472162,0.336323526,0.00127689,0.185144534,0.000748425,0.160850781,0.001768108,0.668000266
2024-12-26,-0.5,-3.546484292,-0.049791565,-0.984334753,-0.011115777,-0.530614765,0.013394552,-0.054028187,0.021450839,0.323576951,0,-0.255582434,0.110306993,0.393867895,0.071485344,-0.020237553,0.068558607,-0.066520976,0.076731735,0.491542839,-0.026849532,-0.80723888,-0.002592177,-0.251085659,-0.001535752,-0.222678644,-0.000631473,-0.135715599,0.001195755,0.451762417
2024-12-27,0,-0.080515678,-0.039833252,-0.831766175,-0.0100042,-0.507830807,0.012724825,-0.07328683,0.021021823,0.302149751,0.181818182,0.418744742,0.124609231,0.546746372,0.082518628,0.147167367,0.074221586,0.060857068,0.078833464,0.580702697,0.02373365,0.713558968,0.002672988,0.258913289,0.000991188,0.143718745,0.000586783,0.126110887,0.001646513,0.622061079
2024-12-30,0.2,1.305871768,0.008133398,-0.0968823,0.01099622,-0.077386153,0.022088584,0.19597679,0.024601386,0.480930685,0,-0.255582434,0.099687385,0.280353518,0.074266765,0.021964168,0.070510507,-0.022616673,0.077256795,0.513816998,-0.014707024,-0.44217089,-0.000803014,-0.07778224,-0.000578633,-0.083899778,-0.000177907,-0.038235662,0.001319442,0.498492063
2024-12-31,0,-0.080515678,0.006506719,-0.121804213,0.009896598,-0.099925056,0.020984154,0.164217899,0.024109358,0.456356411,0.111111111,0.156506396,0.10197213,0.304775457,0.077951199,0.077867061,0.072540537,0.023045034,0.077933881,0.542540455,0.029485269,0.886483066,0.005254643,0.508979689,0.002427757,0.352016179,0.001305252,0.28052347,0.001882759,0.711315966
2025-01-02,0.083333333,0.497145758,0.021872042,0.113603679,0.017240272,0.050597886,0.024101613,0.253863339,0.025293838,0.515515118,0.3,0.857057406,0.141577704,0.728124586,0.10015608,0.414775478,0.08391351,0.278858652,0.082375203,0.730950896,0.061281342,1.842441091,0.016459982,1.594360913,0.008313116,1.205372347,0.004304056,0.92502378,0.00307073,1.160137803
2025-01-03,0.210526316,1.378839528,0.059602896,0.691667741,0.036568876,0.446775411,0.033422849,0.521904153,0.028998487,0.70054346,0.2,0.48617746,0.153262163,0.853021289,0.110140472,0.566265858,0.089717835,0.409416003,0.084727699,0.830748829,0.029880896,0.898377685,0.019144165,1.854358511,0.010469894,1.518097533,0.005582898,1.199871322,0.003606934,1.362718185
2025-01-06,0.184210526,1.196420127,0.084524422,1.073483595,0.051333041,0.749395831,0.040962232,0.738706172,0.032102728,0.855584447,0.361111111,1.083706263,0.194831953,1.297366173,0.135237536,0.94705657,0.103287498,0.714640041,0.090255367,1.065244396,-0.068287161,-2.053073055,0.0016579,0.160588913,0.002594188,0.376148091,0.001889395,0.406067061,0.002169052,0.819478969
2025-01-07,-0.194444444,-1.428392361,0.028730649,0.218682519,0.026755293,0.245626836,0.029191899,0.400239239,0.027571785,0.629286942,-0.272727273,-1.267073198,0.101320108,0.297805905,0.094441055,0.328063009,0.08448676,0.291752826,0.082995715,0.757274322,-0.035979867,-1.081745003,-0.005869654,-0.568551406,-0.001263217,-0.183162066,-4.07E-06,-0.000874289,0.001406073,0.531221794
2025-01-08,-0.205882353,-1.507679225,-0.018191951,-0.500205753,0.003491528,-0.231209489,0.017438186,0.062250267,0.022902702,0.396090083,-0.045454545,-0.424164228,0.071965177,-0.015972765,0.080451495,0.115803339,0.077989695,0.145613576,0.080426709,0.6482916,-0.054274237,-1.631770466,-0.01555057,-1.506272642,-0.006564319,-0.951803098,-0.002717576,-0.584059027,0.000292467,0.110495613
2025-01-10,-0.041666667,-0.369346396,-0.022886894,-0.572135686,-0.001024291,-0.323770035,0.014482943,-0.022730493,0.021611315,0.331591873,0.038461538,-0.112936301,0.065264449,-0.087597715,0.076252499,0.052093156,0.076013287,0.101158004,0.079587406,0.612686545,0.046618967,1.401612585,-0.003116663,-0.301888858,-0.001245991,-0.180664256,-0.000250749,-0.053890801,0.001218997,0.460543435
2025-01-13,0,-0.080515678,-0.018309516,-0.502006921,-0.000921862,-0.32167055,0.013758796,-0.04355402,0.021179088,0.310004375,-0.285714286,-1.315239425,-0.004931298,-0.83792918,0.040055821,-0.497108893,0.057926908,-0.305661029,0.072281372,0.302748888,-0.017640641,-0.530370908,-0.006021458,-0.583255651,-0.002885456,-0.418380879,-0.001120244,-0.240761773,0.000841804,0.318038062
2025-01-14,0,-0.080515678,-0.014647612,-0.44590391,-0.000829676,-0.319781013,0.013070856,-0.063336371,0.020755507,0.288848627,0.083333333,0.053484188,0.012721629,-0.649234757,0.044383572,-0.431445137,0.059197229,-0.277087544,0.072502411,0.312125847,0.037336358,1.122528303,0.002650105,0.25669674,0.001136726,0.164821201,0.000802586,0.172491105,0.001571696,0.593794686
2025-01-15,0.214285714,1.404899442,0.031139053,0.255581013,0.020681863,0.121140025,0.023131599,0.225969678,0.024626111,0.482165554,-0.083333333,-0.564649056,-0.006489364,-0.854583552,0.031611881,-0.625226415,0.052070701,-0.437385376,0.069385696,0.179908103,-0.014065188,-0.422873911,-0.000692954,-0.067121469,-0.000383466,-0.055601175,5.92E-05,0.012722684,0.001258958,0.475640775
2025-01-16,0.052631579,0.284323123,0.035437558,0.32143723,0.023876835,0.186627212,0.024606598,0.26838465,0.02518622,0.510140159,0.230769231,0.600294366,0.040962355,-0.34736596,0.051527616,-0.323050555,0.061005628,-0.236411028,0.072613367,0.31683283,0.018070073,0.543281907,0.003059652,0.296366594,0.001461888,0.211968606,0.000959741,0.206266719,0.00159518,0.602667297
2025-01-17,0.041666667,0.20831504,0.03668338,0.340524122,0.025655818,0.22309095,0.025459602,0.29291356,0.025515829,0.526602443,0.025641026,-0.160485012,0.037898089,-0.380120296,0.048938957,-0.362327553,0.059237398,-0.276184035,0.07167392,0.276979477,0.039522917,1.188267814,0.010352305,1.002753799,0.005267991,0.763840064,0.0028879,0.620664832,0.002353735,0.889253199
2025-01-21,0.166666667,1.074807193,0.062680037,0.738811769,0.039756903,0.512120246,0.032519955,0.495940605,0.028338846,0.667597725,0.1875,0.439817466,0.067818471,-0.060297442,0.062795061,-0.152092769,0.065650528,-0.131932748,0.073990442,0.375251301,0.002695962,0.081054883,0.008821036,0.854430764,0.005010788,0.72654656,0.002878303,0.618602279,0.002360579,0.891839106
2025-01-22,0.105263158,0.649161925,0.071196661,0.869292628,0.046307528,0.646388119,0.036157115,0.600530539,0.029877332,0.744437263,0,-0.255582434,0.054254777,-0.205281533,0.056515555,-0.247369954,0.062368001,-0.205766999,0.072510633,0.31247463,0.022888526,0.688150075,0.011634534,1.126954204,0.006798562,0.98576743,0.003878814,0.833631209,0.002771138,1.04695039
2025-01-23,-0.166666667,-1.23583855,0.023623996,0.140444886,0.025010109,0.209855881,0.026015926,0.308911184,0.025946452,0.548109866,0.05,-0.070142461,0.053403822,-0.214377506,0.055864,-0.257255824,0.061749601,-0.219676744,0.07206042,0.293375641,-0.158859551,-4.77615789,-0.022464283,-2.175954608,-0.009767249,-1.416216625,-0.004258104,-0.915147785,-0.000461475,-0.174347814
2025-01-24,-0.19047619,-1.400884674,-0.019196042,-0.515589142,0.003461479,-0.231825407,0.01519132,-0.002360456,0.021617999,0.331925732,-0.113207547,-0.675446525,0.020081548,-0.570563622,0.038956845,-0.51378334,0.053001744,-0.416443326,0.068355061,0.136186334,-0.023958292,-0.720312919,-0.022763085,-2.204897411,-0.011186354,-1.621981729,-0.005243113,-1.126845103,-0.000931412,-0.351892192
2025-01-27,-0.217391304,-1.587458554,-0.058835094,-1.122888178,-0.0186238,-0.684506353,0.003562189,-0.336766976,0.016837813,0.093179829,-0.044117647,-0.41920594,0.007241709,-0.70781033,0.030649396,-0.639829936,0.048145774,-0.525669217,0.066105607,0.040759654,0.03850256,1.157590487,-0.010509956,-1.018024345,-0.006217462,-0.901510054,-0.00305583,-0.65675611,-0.000142732,-0.053925024
2025-01-28,-0.026315789,-0.262935079,-0.052331233,-1.023244312,-0.019392999,-0.700272589,0.00206829,-0.379725433,0.015974741,0.050073784,-0.047619048,-0.432191932,-0.003730442,-0.825093082,0.022822552,-0.75858445,0.043357533,-0.633371685,0.063831114,-0.055729231,-0.026877515,-0.808080186,-0.013783468,-1.335106051,-0.008283468,-1.201073512,-0.004246914,-0.912742846,-0.000677428,-0.255935807
2025-01-29,-0.24,-1.744180613,-0.089864987,-1.598288637,-0.041453699,-1.152449757,-0.010035124,-0.727770411,0.010855246,-0.205618859,0.026315789,-0.157982448,0.002278804,-0.760859466,0.023171875,-0.753284258,0.042505446,-0.652537782,0.063080807,-0.087558845,0.005524016,0.166081133,-0.009921971,-0.961070441,-0.006902719,-1.000869877,-0.003758367,-0.807744878,-0.000553399,-0.209077052
2025-01-30,-0.071428571,-0.575654052,-0.086177704,-1.541796787,-0.044451186,-1.213889118,-0.013104797,-0.816041704,0.00920957,-0.287811996,-0.025641026,-0.350679856,-0.003305162,-0.820547204,0.018290585,-0.827346704,0.039098122,-0.729179111,0.061306371,-0.162834261,-0.072952008,-2.193323011,-0.022527978,-2.182124326,-0.013507648,-1.958561208,-0.00721805,-1.551296559,-0.002001371,-0.756128429
2025-01-31,-0.178571429,-1.318361612,-0.104656449,-1.824904563,-0.05786321,-1.488794769,-0.021378128,-1.053949073,0.00545395,-0.47538605,-0.130434783,-0.739338886,-0.028731086,-1.092328212,0.003418048,-1.053003533,0.030621477,-0.919845285,0.057471548,-0.325515697,0.01925925,0.579034871,-0.014170533,-1.372598265,-0.010230958,-1.483452771,-0.005894185,-1.266772714,-0.001576159,-0.595480974
2025-02-03,-0.25,-1.813499985,-0.133725159,-2.270258288,-0.077076889,-1.882616674,-0.032809222,-1.382660835,0.000344871,-0.730558476,0.136363636,0.250162948,0.004287858,-0.739384422,0.016712607,-0.851288921,0.035908585,-0.800921747,0.059049389,-0.258580258,0.041039665,1.233869282,-0.003128493,-0.303034776,-0.005103896,-0.740046863,-0.003547492,-0.762423724,-0.000723842,-0.273471401
2025-02-04,-0.117647059,-0.896037705,-0.130509539,-2.220992658,-0.081133906,-1.965773166,-0.037051114,-1.504640393,-0.002014968,-0.848420373,0.166666667,0.362550811,0.03676362,-0.392246784,0.031708013,-0.623767833,0.042446489,-0.653863904,0.061201735,-0.167273135,0.046484819,1.397579382,0.006794169,0.658102639,5.50E-05,0.007971255,-0.001045876,-0.224778814,0.000220331,0.083242124
2025-02-05,0.058823529,0.327245335,-0.092642925,-1.640848672,-0.067138163,-1.678903047,-0.032257382,-1.366792152,-0.000798198,-0.787648923,0.03125,-0.139682451,0.035660896,-0.404033945,0.031662212,-0.624462764,0.041886665,-0.666456102,0.0606027,-0.192685474,0.014126534,0.424718299,0.008260642,0.800149404,0.001462131,0.212003881,-0.000287256,-0.061736785,0.000498455,0.188318835
2025-02-06,0.125,0.785976475,-0.04911434,-0.973959177,-0.047924346,-1.285078329,-0.024394513,-1.140688015,0.001717766,-0.661989361,0.038461538,-0.112936301,0.036221025,-0.398046658,0.032342145,-0.614146336,0.041715408,-0.67030819,0.060159877,-0.211470987,0.006732723,0.20242124,0.007955058,0.770549676,0.001989191,0.288425593,6.37E-05,0.013699585,0.00062314,0.235425609
2025-02-07,0,-0.080515678,-0.039291472,-0.823465715,-0.043131912,-1.186848014,-0.023174787,-1.105613666,0.001683411,-0.663705235,0.017241379,-0.191637615,0.032425095,-0.438621837,0.030832068,-0.637058304,0.040491707,-0.69783305,0.059301507,-0.247884886,0.01914068,0.575470018,0.010192183,0.987243923,0.003704339,0.537116122,0.00101759,0.21869947,0.000993491,0.375346052
2025-02-10,-0.0625,-0.513761755,-0.043933178,-0.894580011,-0.045068721,-1.226546696,-0.025141048,-1.162155326,0.000399743,-0.727817912,0.08,0.041121523,0.041940076,-0.33691497,0.035748861,-0.56245718,0.042467122,-0.653399817,0.059715477,-0.230323394,-0.019309078,-0.580532949,0.004291931,0.415728656,0.001402998,0.203429712,1.26E-06,0.000270036,0.00058744,0.221937744
2025-02-11,0.083333333,0.497145758,-0.018479875,-0.50461696,-0.032228515,-0.96336159,-0.019717329,-1.006191224,0.002058415,-0.644975719,0.111111111,0.156506396,0.055774283,-0.189039333,0.043285086,-0.448112152,0.045899321,-0.576198952,0.06074339,-0.186717129,0.01184428,0.356101657,0.0058024,0.562037075,0.002447126,0.354824606,0.000593408,0.127534618,0.000812576,0.30699559
2025-02-12,-0.125,-0.947007832,-0.0397839,-0.831010073,-0.041505664,-1.153514881,-0.024981462,-1.157566297,-0.000482754,-0.771894108,0.24137931,0.639645024,0.092895289,0.207751919,0.063094509,-0.147549342,0.055673321,-0.356351237,0.064356108,-0.03345785,0.037397309,1.124360795,0.012121382,1.174111687,0.005942144,0.861589897,0.002433603,0.523027647,0.001544271,0.58343361
2025-02-13,0.055555556,0.304591946,-0.020716009,-0.53887615,-0.031799542,-0.954568941,-0.020954611,-1.041770442,0.000638012,-0.715917556,0,-0.255582434,0.074316231,0.009157956,0.056785058,-0.24328087,0.052889655,-0.418964563,0.063068986,-0.088060338,0.035096817,1.055195847,0.016716469,1.619204934,0.008857611,1.28432234,0.004066763,0.874025045,0.002215322,0.836960116
2025-02-14,0.052631579,0.284323123,-0.006046492,-0.3141285,-0.02335643,-0.781510857,-0.017275302,-0.935968464,0.001677884,-0.663981289,0.06122449,-0.028513079,0.071697883,-0.018829909,0.057229001,-0.236545044,0.053306396,-0.409590742,0.063032096,-0.089625288,-0.012458484,-0.374567899,0.010881478,1.054011072,0.006726002,0.975246489,0.003240501,0.696445493,0.001921846,0.726083317
2025-02-18,-0.333333333,-2.391161421,-0.07150386,-1.31698286,-0.05435412,-1.416869107,-0.033078203,-1.390395644,-0.005022341,-0.998623306,0,-0.255582434,0.057358306,-0.172107507,0.051506101,-0.323377002,0.050641076,-0.469542093,0.061771454,-0.143104427,0.003727395,0.112065205,0.009450662,0.915418088,0.006426141,0.931767753,0.003264846,0.701677636,0.001957957,0.739726235
2025-02-19,0,-0.080515678,-0.057203088,-1.097884661,-0.048918708,-1.305459715,-0.031424293,-1.342835914,-0.004921894,-0.9936065,0,-0.255582434,0.045886645,-0.294729585,0.046355491,-0.401525764,0.048109023,-0.526495876,0.060536025,-0.195513984,7.13E-05,0.002145146,0.007574799,0.733716695,0.005790662,0.839625521,0.003105171,0.667360474,0.001920225,0.725470835
2025-02-20,-0.090909091,-0.71069179,-0.063944289,-1.201164743,-0.053117746,-1.391527212,-0.034398533,-1.428362958,-0.006641638,-1.079498935,-0.1875,-0.950982334,-0.000790684,-0.793669622,0.022969942,-0.756348141,0.036328572,-0.791474944,0.055575304,-0.405958409,-0.024850014,-0.747122789,0.001089837,0.105564688,0.002726594,0.395346553,0.001707412,0.366955341,0.00138482,0.523192142
2025-02-21,0,-0.080515678,-0.051155431,-1.005230167,-0.047805972,-1.282652008,-0.032678606,-1.378904862,-0.006508805,-1.072864617,-0.068181818,-0.508455125,-0.014268911,-0.937740141,0.013854766,-0.894650149,0.031103052,-0.909013166,0.053100162,-0.510959271,-0.048183962,-1.448664608,-0.008764923,-0.848995482,-0.002364461,-0.342838509,-0.000787157,-0.169175064,0.000393444,0.148645301
2025-02-24,0.083333333,0.497145758,-0.024257678,-0.593137085,-0.034692041,-1.013856371,-0.026878009,-1.212103283,-0.004711962,-0.983121489,-0.083333333,-0.564649056,-0.028081795,-1.085387859,0.004135956,-1.042110926,0.025381233,-1.037714717,0.050371492,-0.626715313,7.70E-05,0.002315393,-0.006996536,-0.677704462,-0.002120314,-0.307438009,-0.000743949,-0.159888742,0.000387116,0.146254307
2025-02-25,-0.2,-1.466903124,-0.059406142,-1.131637053,-0.051222837,-1.352687343,-0.035534109,-1.461017502,-0.008617723,-1.178194309,0.065217391,-0.013704208,-0.009421958,-0.885930432,0.010244099,-0.949433777,0.027373041,-0.992912748,0.05066841,-0.614119414,0.038541374,1.15875745,0.002111046,0.204481947,0.001945855,0.282142088,0.001220318,0.26226953,0.001150201,0.43455183
2025-02-26,0.2,1.305871768,-0.007524914,-0.336779003,-0.026100553,-0.837757036,-0.023757403,-1.122367348,-0.004445369,-0.969806494,-0.03125,-0.371482417,-0.013787566,-0.932594988,0.006094689,-1.01239161,0.024441889,-1.058843494,0.049030042,-0.683622514,-0.12577783,-3.781546466,-0.023466729,-2.27305441,-0.010826514,-1.569806173,-0.00512959,-1.102446723,-0.00138836,-0.524529496
2025-02-27,0,-0.080515678,-0.006019931,-0.313721575,-0.023490498,-0.78425885,-0.022569533,-1.088209033,-0.004356461,-0.965366025,0.142857143,0.274246061,0.017541375,-0.597715856,0.019770935,-0.804885776,0.030362651,-0.925667085,0.050906584,-0.604015569,0.046517593,1.398564735,-0.009469865,-0.917278155,-0.005092103,-0.738336916,-0.002547231,-0.547448477,-0.000430241,-0.162547167
2025-02-28,-0.129032258,-0.974959191,-0.030622397,-0.690649189,-0.034044674,-1.000587316,-0.02789267,-1.241280782,-0.006849977,-1.089904422,-0.019607843,-0.328303992,0.010111532,-0.677134421,0.015833057,-0.864634091,0.027864127,-0.981866694,0.049496295,-0.663843039,-0.104121111,-3.130431015,-0.028400114,-2.750916164,-0.014995004,-2.174222513,-0.007625925,-1.638956725,-0.002504058,-0.946046106
2025-03-03,-0.047619048,-0.410607927,-0.034021727,-0.742729393,-0.035402111,-1.028410648,-0.028878988,-1.269643303,-0.007665358,-1.130628563,-0.068181818,-0.508455125,-0.005547138,-0.84451198,0.007431569,-0.992107504,0.023061829,-1.089885328,0.047142733,-0.763686209,0.062629901,1.882985916,-0.010194111,-0.987430707,-0.007232513,-1.048688841,-0.004113133,-0.883990849,-0.001201379,-0.453887173
2025-03-04,,,,,,,,-1.248882246,-0.007588705,-1.126800108,0.166666667,0.362550811,0.028895623,-0.476348831,0.023355079,-0.750504558,0.030242071,-0.928379307,0.049533212,-0.662276966,-0.034444667,-1.035588783,-0.015044222,-1.457226335,-0.009953729,-1.443255451,-0.00562971,-1.209932117,-0.001866245,-0.705076897
2025-03-05,0,-0.080515678,-0.027217381,-0.638481887,-0.0318619,-0.955847101,-0.027435039,-1.22812119,-0.007512051,-1.122971652,0.033333333,-0.131955785,0.029783165,-0.466861777,0.024352905,-0.735364833,0.030396634,-0.924902701,0.049209214,-0.676021639,-0.02008275,-0.603793625,-0.016051928,-1.554835571,-0.010966631,-1.590122677,-0.006352362,-1.365243818,-0.002230575,-0.842722694
2025-03-06,0,-0.080515678,-0.021773905,-0.555083883,-0.02867571,-0.890539909,-0.026063287,-1.188675182,-0.00736181,-1.11546788,0,-0.255582434,0.023826532,-0.530533002,0.021917614,-0.772314812,0.028876803,-0.959088454,0.04822503,-0.717772852,-0.012134875,-0.364838485,-0.015268517,-1.478952183,-0.011083455,-1.607061802,-0.006641488,-1.427382434,-0.002428661,-0.917560609
2025-03-07,-0.3,-2.160096847,-0.077419124,-1.407608997,-0.055808139,-1.446672072,-0.039760123,-1.582540472,-0.013214574,-1.407783567,0.12195122,0.196710184,0.043451469,-0.320759493,0.031920975,-0.620536628,0.033530523,-0.854411766,0.049699554,-0.655220384,-0.026478618,-0.796087236,-0.017510537,-1.696120662,-0.012622971,-1.830286221,-0.007633344,-1.640551325,-0.00290966,-1.099284574
2025-03-10,-0.277777778,-2.006053797,-0.117490855,-2.021536976,-0.078005103,-1.901642231,-0.051661005,-1.92476146,-0.018505838,-1.672055208,-0.125,-0.719182367,0.009761176,-0.680879424,0.016228877,-0.858628422,0.025603997,-1.032704048,0.046205563,-0.803442994,0.066739892,2.006553962,-0.000660451,-0.063973218,-0.004686685,-0.679552767,-0.003914682,-0.841339948,-0.001516669,-0.573005357
2025-03-11,0,-0.080515678,-0.093992684,-1.661527954,-0.070204593,-1.741755526,-0.049077955,-1.850483439,-0.018135721,-1.653569764,0.037037037,-0.118219491,0.015216348,-0.622568378,0.018309693,-0.827056784,0.026175649,-1.019845813,0.046022192,-0.811221965,0.025499439,0.766647929,0.004571527,0.44281112,-0.001668073,-0.241864645,-0.002443976,-0.525257154,-0.000976347,-0.368868853
2025-03-12,-0.1,-0.773709401,-0.095194147,-1.679935242,-0.073184133,-1.802827037,-0.051624057,-1.923698985,-0.019773007,-1.735343824,0.1,0.115297513,0.032173078,-0.441315682,0.026478724,-0.703110373,0.029866867,-0.936818824,0.047101748,-0.765424873,0.013500828,0.405906245,0.006357387,0.615794639,-0.000151183,-0.021920956,-0.001646736,-0.353915024,-0.000686803,-0.259477827
2025-03-13,0.066666667,0.38161347,-0.062821984,-1.183970229,-0.059199053,-1.516175488,-0.045709521,-1.753620977,-0.018044213,-1.648999412,0.0625,-0.023782467,0.038238463,-0.376482,0.030080851,-0.648456301,0.031498524,-0.90011778,0.047409713,-0.752360334,0.013500828,0.405906245,0.006357387,0.615794639,-0.000151183,-0.021920956,-0.001646736,-0.353915024,-0.000686803,-0.259477827
2025-03-14,0,-0.080515678,-0.050257587,-0.991474556,-0.053279148,-1.394835457,-0.043424045,-1.687899981,-0.017683329,-1.630975084,0,-0.255582434,0.03059077,-0.45822918,0.027072766,-0.694097133,0.029923597,-0.935542779,0.046461519,-0.792584773,0.013500828,0.405906245,0.006357387,0.615794639,-0.000151183,-0.021920956,-0.001646736,-0.353915024,-0.000686803,-0.259477827
