date,news_pltr_SMA1,news_pltr_SMA1_scaled,news_pltr_EMA0.2,news_pltr_EMA0.2_scaled,news_pltr_EMA0.1,news_pltr_EMA0.1_scaled,news_pltr_EMA0.05,news_pltr_EMA0.05_scaled,news_pltr_EMA0.02,news_pltr_EMA0.02_scaled,reddit_pltr_SMA1,reddit_pltr_SMA1_scaled,reddit_pltr_EMA0.2,reddit_pltr_EMA0.2_scaled,reddit_pltr_EMA0.1,reddit_pltr_EMA0.1_scaled,reddit_pltr_EMA0.05,reddit_pltr_EMA0.05_scaled,reddit_pltr_EMA0.02,reddit_pltr_EMA0.02_scaled,stock_pltr_SMA1,stock_pltr_SMA1_scaled,stock_pltr_EMA0.2,stock_pltr_EMA0.2_scaled,stock_pltr_EMA0.1,stock_pltr_EMA0.1_scaled,stock_pltr_EMA0.05,stock_pltr_EMA0.05_scaled,stock_pltr_EMA0.02,stock_pltr_EMA0.02_scaled
2024-03-01,-0.5,-2.059286776,-0.023969024,-0.812761865,0.035345223,-0.352858048,0.053500829,-0.208250015,0.056074417,-0.299129827,0,-0.2481898,0.099157358,0.848420874,0.088171886,0.831186505,0.091748604,1.108751524,0.07333657,1.147511934,-0.018032809,-0.394406065,-0.001034374,-0.070635109,0.005268134,0.556319061,0.007379571,1.227544316,0.005999598,1.769851145
2024-03-04,0.5,1.608852936,0.080824781,0.209568855,0.081810701,0.27801981,0.075825787,0.235195455,0.064952928,0.040093389,0,-0.2481898,0.079325886,0.532856435,0.079354697,0.641444637,0.087161174,0.976749268,0.071869839,1.062141158,0.074707887,1.633979698,0.014114079,0.963819564,0.012212109,1.289608308,0.010745987,1.787525988,0.007373764,2.175223117
2024-03-05,0.285714286,0.822822998,0.121802682,0.609334539,0.10220106,0.554866759,0.086320212,0.443648481,0.069368155,0.208786928,0.4,1.536237078,0.143460709,1.55338934,0.111419228,1.331458671,0.102803115,1.426842557,0.078432442,1.444116026,0.048932048,1.070221302,0.021077672,1.439348157,0.015884103,1.67737374,0.01265529,2.105126297,0.00820493,2.420412798
2024-03-06,0.428571429,1.346842956,0.183156431,1.207879681,0.134838096,0.997991095,0.103432773,0.783558969,0.076552221,0.483270072,0.5,1.982343798,0.214768567,2.688061779,0.150277305,2.167666731,0.122662959,1.99830504,0.086863793,1.934860953,0.00666421,0.14575681,0.01819498,1.242495387,0.014962114,1.580010943,0.012355736,2.055297408,0.008174115,2.411322706
2024-03-07,0.571428571,1.870862915,0.260810859,1.96544839,0.178497144,1.590765081,0.126832563,1.248354046,0.086449748,0.861427028,0.666666667,2.725854997,0.305148187,4.126209919,0.201916241,3.278913034,0.149863145,2.780984161,0.09845985,2.609806911,-0.047811737,-1.045718325,0.004993637,0.341004523,0.008684729,0.917114159,0.009347362,1.554873757,0.007054398,2.081011832
2024-03-08,0,-0.22521692,0.208648688,1.456572976,0.16064743,1.348413336,0.120490935,1.122388917,0.084720753,0.795366943,-0.142857143,-0.885485114,0.215547121,2.700450365,0.167438903,2.536976471,0.13522713,2.35983619,0.093633511,2.328890868,-0.012359973,-0.270332166,0.001522915,0.103996512,0.006580258,0.694880458,0.008261996,1.374329959,0.006666111,1.966469002
2024-03-11,,,,,,,,1.062555481,0.083873545,0.762997502,0.5,1.982343798,0.272437697,3.605710599,0.200695012,3.252632751,0.153465774,2.884648991,0.10176084,2.801940299,-0.034024206,-0.744163212,-0.005586509,-0.381490511,0.002519812,0.266094129,0.006147686,1.022628044,0.005852304,1.726400242
2024-03-12,0,-0.22521692,0.16691895,1.049472645,0.144582687,1.130296765,0.114466388,1.002722045,0.083026338,0.730628061,0,-0.2481898,0.217950158,2.738688215,0.180625511,2.820746258,0.145792485,2.663851861,0.099725624,2.683480955,0.005263124,0.115112844,-0.003416583,-0.233310967,0.002794143,0.295063716,0.006103457,1.015270985,0.005840521,1.722924136
2024-03-13,-0.4,-1.692472805,0.05353516,-0.056658887,0.090124418,0.390898019,0.088743069,0.491774201,0.073365811,0.361526224,0.333333333,1.238832598,0.241026793,3.105890688,0.195896293,3.149366512,0.155169528,2.933674115,0.104397778,2.955422656,-0.039468367,-0.863235625,-0.01062694,-0.725690463,-0.001432108,-0.151231704,0.003824866,0.636241958,0.004934343,1.455606273
2024-03-14,0,-0.22521692,0.042828128,-0.161112846,0.081111976,0.26853298,0.084305915,0.403638065,0.071898495,0.305464156,0,-0.2481898,0.192821434,2.338832286,0.176306664,2.727806643,0.147411051,2.710425729,0.102309822,2.833893665,-0.003354294,-0.073363726,-0.009172411,-0.626363857,-0.001624326,-0.171530147,0.003465908,0.576531592,0.00476857,1.406704149
2024-03-15,-0.333333333,-1.447930157,-0.032404164,-0.895052069,0.039667445,-0.294173749,0.063423953,-0.011144861,0.063793858,-0.004191447,0,-0.2481898,0.154257147,1.725185565,0.158675998,2.348402761,0.140040499,2.498339763,0.100263626,2.714795254,-0.011358875,-0.248436562,-0.009609703,-0.656225629,-0.002597781,-0.27432774,0.002724669,0.453231216,0.004446021,1.311553852
2024-03-18,0.5,1.608852936,0.074076669,0.143736693,0.085700701,0.33083568,0.085252755,0.42244535,0.072517981,0.329133002,0,-0.2481898,0.123405718,1.234268188,0.142808398,2.006939267,0.133038474,2.296858095,0.098258353,2.598078811,0.011489381,0.251290944,-0.005389886,-0.36806356,-0.001189065,-0.1255662,0.003162905,0.526128897,0.004586889,1.353108964
2024-03-19,-0.5,-2.059286776,-0.040738665,-0.976360466,0.027130631,-0.464390416,0.055990118,-0.158804738,0.061067622,-0.108353366,0,-0.2481898,0.098724574,0.841534286,0.128527558,1.699622123,0.12638655,2.10545051,0.096293186,2.483696697,0.064366796,1.407803675,0.00856145,0.584642704,0.005366521,0.56670884,0.006223099,1.035172632,0.005782487,1.705804386
2024-03-20,0.166666667,0.386139699,0.000742401,-0.571686081,0.041084234,-0.274937515,0.061523945,-0.048885129,0.063179602,-0.027660455,0,-0.2481898,0.078979659,0.527347164,0.115674802,1.423036693,0.120067222,1.923613304,0.094367322,2.371602225,-0.043478202,-0.950937064,-0.00184648,-0.126092101,0.000482049,0.050904733,0.003738034,0.621798004,0.004797273,1.415171296
2024-03-21,0,-0.22521692,0.000593921,-0.573134601,0.036975811,-0.330719,0.058447748,-0.109988299,0.06191601,-0.075938789,0,-0.2481898,0.063183728,0.275997467,0.104107322,1.174109806,0.114063861,1.750867959,0.092479976,2.261749643,-0.003305782,-0.07230268,-0.002138341,-0.146022604,0.000103266,0.010904944,0.003385843,0.563213324,0.004635212,1.367364091
2024-03-22,0,-0.22521692,0.000475137,-0.574293417,0.03327823,-0.380922337,0.05552536,-0.16803631,0.06067769,-0.123251558,0,-0.2481898,0.050546982,0.07491771,0.09369659,0.950075608,0.108360668,1.586759881,0.090630377,2.154094112,0.02653397,0.580339915,0.003596122,0.24557128,0.002746336,0.290015259,0.00454325,0.755740445,0.005073187,1.496564557
2024-03-25,0,-0.22521692,0.000380109,-0.57522047,0.029950407,-0.426105341,0.052749092,-0.223181921,0.059464136,-0.16961807,0.5,1.982343798,0.140437586,1.505284474,0.134326931,1.824421974,0.127942635,2.150226497,0.098817769,2.630639479,0.009693044,0.212002208,0.004815506,0.328840379,0.003441007,0.363373038,0.004800739,0.798572206,0.005165584,1.523821247
2024-03-26,0,-0.22521692,0.000304088,-0.575962112,0.026955366,-0.466770044,0.050111638,-0.275570251,0.058274854,-0.215057253,0,-0.2481898,0.112350069,1.058347315,0.120894238,1.535356559,0.121545503,1.966150492,0.096841414,2.515606151,-0.033199997,-0.726136461,-0.002787595,-0.190358734,-0.000223093,-0.023558838,0.002900703,0.482513272,0.004398272,1.297468191
2024-03-27,-0.333333333,-1.447930157,-0.066423397,-1.226931481,-0.009073504,-0.955946471,0.030939389,-0.656392761,0.05044269,-0.514302428,-0.75,-3.593990197,-0.060119945,-1.686048268,0.033804814,-0.338768031,0.077968228,0.712224352,0.079904585,1.529801811,-0.04923461,-1.076838823,-0.012076998,-0.82471176,-0.005124245,-0.541124302,0.000293937,0.048894533,0.003325615,0.981039595
2024-03-28,-0.166666667,-0.836573539,-0.086472051,-1.422518949,-0.02483282,-1.169916158,0.021059086,-0.852647348,0.046100503,-0.680205311,0,-0.2481898,-0.048095956,-1.494718879,0.030424333,-0.411514446,0.074069817,0.600048454,0.078306494,1.436785237,-0.04264576,-0.93273024,-0.01819075,-1.242206544,-0.008876397,-0.937354442,-0.001853048,-0.30824262,0.002406187,0.709813125
2024-04-01,0.333333333,0.997496317,-0.002510974,-0.60342484,0.010983795,-0.683621585,0.036672799,-0.54250881,0.051845159,-0.460717973,0,-0.2481898,-0.038476765,-1.341655367,0.027381899,-0.476986219,0.070366326,0.493481351,0.076740364,1.345628995,0.020000024,0.437432174,-0.010552595,-0.720613651,-0.005988754,-0.632417172,-0.000760394,-0.126486704,0.002758064,0.813614987
2024-04-02,-0.25,-1.142251848,-0.052008779,-1.08630765,-0.015114584,-1.037968309,0.022339159,-0.827220993,0.045808256,-0.691371239,-0.333333333,-1.735212199,-0.097448079,-2.280024938,-0.008689624,-1.253228911,0.050181343,-0.087336923,0.06853889,0.86826402,0.061497287,1.345042972,0.003857381,0.263412132,0.00075985,0.080240725,0.00235249,0.39132159,0.003932849,1.160170475
2024-04-03,0.333333333,0.997496317,0.025059643,-0.3344558,0.019730207,-0.564868521,0.037888868,-0.518353773,0.051558758,-0.471660582,0,-0.2481898,-0.077958463,-1.969900215,-0.007820662,-1.234529238,0.047672276,-0.159534757,0.067168112,0.788478202,-0.058774124,-1.285483084,-0.00866892,-0.591981575,-0.005193548,-0.54844271,-0.000703841,-0.117079412,0.002678709,0.790205666
2024-04-04,0,-0.22521692,0.020047715,-0.383350376,0.017757187,-0.591656906,0.035994424,-0.555983511,0.050527583,-0.511058915,0.25,0.867076999,-0.01236677,-0.926185151,0.017961405,-0.679710959,0.057788662,0.131561946,0.07082475,1.001311993,0.029437995,0.643855523,-0.001047537,-0.071534002,-0.001730393,-0.182730903,0.000803251,0.133615637,0.003213895,0.948082751
2024-04-05,0,-0.22521692,0.016038172,-0.422466037,0.015981468,-0.615766453,0.034194703,-0.591731761,0.049517031,-0.54966928,0,-0.2481898,-0.009893416,-0.886828385,0.016165264,-0.718363081,0.054899229,0.048419169,0.069408255,0.918865215,-0.003032916,-0.066334666,-0.001444613,-0.098649438,-0.001860646,-0.196485641,0.000611443,0.101709552,0.003088959,0.911227199
2024-04-08,,,,,,,,-0.608712181,0.049021861,-0.56858836,0,-0.2481898,-0.007914733,-0.855342972,0.014548738,-0.75314999,0.052154267,-0.03056647,0.06802009,0.838067373,-0.034332938,-0.750915678,-0.008022278,-0.547823803,-0.005107875,-0.539395598,-0.001135776,-0.188929125,0.002340521,0.690441785
2024-04-09,0,-0.22521692,0.012830537,-0.453758566,0.014383321,-0.637465044,0.032484968,-0.6256926,0.04852669,-0.587507439,0,-0.2481898,-0.006331786,-0.830154642,0.013093864,-0.784458209,0.049546554,-0.105602827,0.066659688,0.758885488,0.01935195,0.423257754,-0.002547432,-0.17395858,-0.002661892,-0.281097933,-0.00011139,-0.018529037,0.002680749,0.790807498
2024-04-10,1,3.442922792,0.21026443,1.472335579,0.112944989,0.700740805,0.080860719,0.335205394,0.067556157,0.139555494,0,-0.2481898,-0.005065429,-0.810003978,0.011784478,-0.812635606,0.047069226,-0.176887365,0.065326494,0.68128724,0.002207556,0.048282744,-0.001596435,-0.109017029,-0.002174948,-0.229676174,4.56E-06,0.000758055,0.002671285,0.788015707
2024-04-11,0,-0.22521692,0.168211544,1.062082727,0.10165049,0.547391487,0.076817683,0.254897698,0.066205033,0.08793284,0,-0.2481898,-0.004052343,-0.793883446,0.01060603,-0.837995263,0.044715765,-0.244607677,0.064019964,0.605240958,0.003964764,0.086715668,-0.000484195,-0.033064606,-0.001560976,-0.164840335,0.000202568,0.033695807,0.002697155,0.795647102
2024-04-12,0,-0.22521692,0.134569235,0.733880445,0.091485441,0.409377102,0.072976799,0.178605387,0.064880933,0.037342639,0,-0.2481898,-0.003241875,-0.780987021,0.009545427,-0.860818954,0.042479977,-0.308941973,0.062739565,0.530715601,-0.052654704,-1.151641694,-0.010918297,-0.745586608,-0.006670349,-0.704394112,-0.002440296,-0.405927595,0.001590118,0.469076718
2024-04-15,0,-0.22521692,0.107655388,0.47131862,0.082336897,0.285164154,0.069327959,0.106127691,0.063583314,-0.012235757,0,-0.2481898,-0.0025935,-0.770669881,0.008590884,-0.881360276,0.040355978,-0.370059555,0.061484774,0.457680751,0.019453454,0.425477819,-0.004843947,-0.33078252,-0.004057969,-0.428524699,-0.001345609,-0.223833352,0.001947384,0.574468599
2024-04-16,0,-0.22521692,0.086124311,0.26126916,0.074103207,0.173372502,0.065861561,0.03727388,0.062311648,-0.060822586,0,-0.2481898,-0.0020748,-0.762416169,0.007731796,-0.899847466,0.038338179,-0.428121257,0.060255078,0.386106598,-0.034529769,-0.755220685,-0.010781111,-0.736218501,-0.007105149,-0.750309302,-0.003004817,-0.499831963,0.001217841,0.359257074
2024-04-17,0,-0.22521692,0.068899448,0.093229592,0.066692887,0.072760015,0.062568483,-0.02813724,0.061065415,-0.108437678,0,-0.2481898,-0.00165984,-0.7558132,0.006958616,-0.916485937,0.03642127,-0.483279874,0.059049977,0.315963929,-0.012705904,-0.277898221,-0.01116607,-0.762506479,-0.007665224,-0.809453713,-0.003489871,-0.580517644,0.000939367,0.277108382
2024-04-18,0,-0.22521692,0.055119559,-0.041202063,0.060023598,-0.017791224,0.059440059,-0.090277804,0.059844107,-0.155100469,0,-0.2481898,-0.001327872,-0.750530824,0.006262755,-0.931460561,0.034600207,-0.535680561,0.057868977,0.247224112,-0.012392766,-0.271049404,-0.011411409,-0.779260163,-0.008137979,-0.859376925,-0.003935016,-0.654564619,0.000672724,0.198450144
2024-04-19,0,-0.22521692,0.044095647,-0.148747386,0.054021238,-0.099287339,0.056468056,-0.14931134,0.058647224,-0.200830003,-0.2,-1.140403239,-0.041062297,-1.382797151,-0.014363521,-1.37532858,0.022870196,-0.873208929,0.052711598,-0.052960022,0.025579185,0.559457237,-0.00401329,-0.274058816,-0.004766262,-0.503321037,-0.002459306,-0.409089726,0.001170853,0.345395749
2024-04-22,0,-0.22521692,0.035276518,-0.234783645,0.048619114,-0.172633842,0.053644653,-0.205393199,0.05747428,-0.245644947,0,-0.2481898,-0.032849838,-1.252117985,-0.012927169,-1.34441894,0.021726686,-0.906113162,0.051657366,-0.11432136,0.037647023,0.823399955,0.004318772,0.29491952,-0.000524934,-0.055433417,-0.000453989,-0.075518205,0.001900376,0.560601469
2024-04-23,0,-0.22521692,0.028221214,-0.303612652,0.043757203,-0.238645695,0.050962421,-0.258670966,0.056324794,-0.289563592,0,-0.2481898,-0.02627987,-1.147574653,-0.011634452,-1.316600264,0.020640352,-0.937372184,0.050624218,-0.17445547,-0.055782294,-1.220047028,-0.007701441,-0.525914558,-0.00605067,-0.638955478,-0.003220405,-0.53569363,0.000746723,0.220279535
2024-04-24,0,-0.22521692,0.022576971,-0.358675858,0.039381483,-0.298056362,0.0484143,-0.309284844,0.055198298,-0.332603864,-0.25,-1.363456599,-0.071023896,-1.859555271,-0.035471007,-1.829552027,0.007108334,-1.3267529,0.044611734,-0.524410791,0.059077789,1.292124708,0.005654405,0.386126951,0.000462176,0.048806154,-0.000105495,-0.017548394,0.001913344,0.564426934
2024-04-25,1,3.442922792,0.218061577,1.548401745,0.135443334,1.006208619,0.095993585,0.635792762,0.074094332,0.389360997,0,-0.2481898,-0.056819117,-1.633524481,-0.031923906,-1.753220042,0.006752918,-1.336979936,0.043719499,-0.576343113,0.031746067,0.694336722,0.010872737,0.742475465,0.003590565,0.379166501,0.001487083,0.247366757,0.002509999,0.740436989
2024-04-26,0.5,1.608852936,0.274449262,2.098499744,0.171899001,1.501179811,0.116193905,1.037036093,0.082612446,0.714814397,0,-0.2481898,-0.045455294,-1.452699849,-0.028731515,-1.684521255,0.006415272,-1.346695619,0.042845109,-0.627236789,0.000879141,0.019228205,0.008874018,0.605987295,0.003319423,0.350533649,0.001456686,0.242310393,0.002477382,0.730815093
2024-04-29,1,3.442922792,0.419559409,3.514142226,0.254709101,2.625521175,0.16038421,1.914797651,0.100960197,1.415830892,0,-0.2481898,-0.036364235,-1.308040144,-0.025858364,-1.622692348,0.006094508,-1.355925518,0.041988207,-0.677112591,-0.036890652,-0.806856916,-0.000278916,-0.019046547,-0.000701585,-0.074087891,-0.000460681,-0.076631286,0.001690021,0.49854767
2024-04-30,0,-0.22521692,0.335647527,2.695528045,0.229238191,2.27969382,0.152365,1.755510343,0.098940993,1.338682731,0,-0.2481898,-0.029091388,-1.192312379,-0.023272528,-1.56704633,0.005789783,-1.364693922,0.041148443,-0.725990877,0.030551759,0.668215299,0.005887219,0.402025319,0.00242375,0.255949867,0.001089941,0.181304729,0.002267256,0.668829009
2024-05-01,0,-0.22521692,0.268518022,2.0406367,0.206314372,1.968449201,0.14474675,1.604187399,0.096962173,1.263077532,0,-0.2481898,-0.02327311,-1.099730168,-0.020945275,-1.516964915,0.005500294,-1.373023906,0.040325474,-0.773891597,0.038938015,0.851636001,0.012497378,0.853418637,0.006075176,0.641543377,0.002982345,0.496093943,0.003000671,0.885182789
2024-05-02,0,-0.22521692,0.214814418,1.516723624,0.185682935,1.688329044,0.137509412,1.460430603,0.09502293,1.188984438,0.25,0.867076999,0.031381512,-0.230049113,0.006149253,-0.933903069,0.017725279,-1.021252746,0.044518965,-0.52981041,0.037904656,0.82903479,0.017578834,1.200420118,0.009258124,0.977665177,0.00472846,0.786549059,0.003698751,1.091112776
2024-05-03,0.153846154,0.339112266,0.202620765,1.397766727,0.182499256,1.645103146,0.138326249,1.476655614,0.096199394,1.233933871,0.2,0.644023639,0.065105209,0.306572674,0.025534327,-0.516745122,0.026839015,-0.759007072,0.047628585,-0.348815625,-0.097661099,-2.136002753,-0.005469153,-0.373476483,-0.001433798,-0.151410211,-0.000391018,-0.065043255,0.001671554,0.493099893
2024-05-06,-0.111111111,-0.632787999,0.13987439,0.785635627,0.15313822,1.246458196,0.125854381,1.228924208,0.092053184,1.075518724,-0.25,-1.363456599,0.002084168,-0.696237411,-0.002019105,-1.109682399,0.012997064,-1.157306044,0.041676014,-0.695283743,-0.018644832,-0.407791971,-0.008104289,-0.553424144,-0.003154902,-0.333160076,-0.001303708,-0.2168635,0.001265226,0.373235269
2024-05-07,-0.090909091,-0.558684167,0.093717694,0.335347477,0.128733489,0.915106723,0.115016208,1.013643227,0.088393939,0.935709139,0,-0.2481898,0.001667334,-0.702870193,-0.001817195,-1.105337377,0.012347211,-1.176005422,0.040842493,-0.743798606,-0.004170535,-0.091216207,-0.007317538,-0.499698663,-0.003256465,-0.343885249,-0.00144705,-0.240707414,0.001156511,0.341164826
2024-05-08,0,-0.22521692,0.074974155,0.152492246,0.11586014,0.740320814,0.109265397,0.89941364,0.08662606,0.868163413,0.5,1.982343798,0.101333867,0.883054152,0.048364525,-0.025449712,0.036729851,-0.47440054,0.050025643,-0.209295386,-0.010237288,-0.223905682,-0.007901488,-0.53957533,-0.003954547,-0.417603287,-0.001886562,-0.313817401,0.000928635,0.273942564
2024-05-09,0,-0.22521692,0.059979324,0.006208061,0.104274126,0.583013495,0.103802127,0.790895531,0.084893539,0.801968601,0,-0.2481898,0.081067094,0.560563058,0.043528072,-0.129527959,0.034893358,-0.527245193,0.049025131,-0.267530016,-0.031499768,-0.68894976,-0.012621144,-0.861870316,-0.006709069,-0.708482978,-0.003367222,-0.560115745,0.000280067,0.082618262
2024-05-10,0.2,0.508411022,0.087983459,0.279406346,0.113846713,0.712983825,0.108612021,0.886435487,0.087195668,0.88992655,0,-0.2481898,0.064853675,0.302570182,0.039175265,-0.22319838,0.03314869,-0.577447614,0.048044628,-0.324599953,0.016990309,0.371604949,-0.006698853,-0.457450037,-0.004339131,-0.458215679,-0.002349345,-0.390798509,0.000614272,0.181207008
2024-05-13,,,,,,,,0.956645985,0.088823711,0.952129554,0,-0.2481898,0.05188294,0.096175881,0.035257739,-0.30750176,0.031491256,-0.625139913,0.047083735,-0.380528492,0.037231444,0.814310585,0.002087206,0.142530747,-0.000182074,-0.019227142,-0.000370306,-0.061597993,0.001346615,0.397244629
2024-05-14,0.25,0.691818008,0.120386767,0.595521382,0.127462042,0.897843851,0.11568142,1.026856483,0.090451754,1.014332557,0,-0.2481898,0.041506352,-0.068939559,0.031731965,-0.383374802,0.029916693,-0.670447598,0.046142061,-0.43533846,0.000460204,0.010065386,0.001761806,0.12030986,-0.000117846,-0.012444639,-0.00032878,-0.054690495,0.001328887,0.392014893
2024-05-15,1,3.442922792,0.296309414,2.311759537,0.214715838,2.082518811,0.159897349,1.905127023,0.108642719,1.70935869,0,-0.2481898,0.033205082,-0.201031912,0.028558768,-0.451660539,0.028420858,-0.713489898,0.045219219,-0.489052228,0.001839969,0.040243023,0.001777438,0.121377374,7.79E-05,0.008230037,-0.000220343,-0.036652623,0.001339108,0.395030224
2024-05-16,0,-0.22521692,0.237047531,1.733621894,0.193244254,1.790991693,0.151902482,1.746323245,0.106469865,1.626339972,0,-0.2481898,0.026564065,-0.306705793,0.025702891,-0.513117703,0.026999815,-0.754380083,0.044314835,-0.541691722,-0.000459147,-0.010042278,0.001330121,0.090831066,2.42E-05,0.002558401,-0.000232283,-0.038638802,0.001303143,0.384420696
2024-05-17,0,-0.22521692,0.189638025,1.271111779,0.173919829,1.528617286,0.144307357,1.595459657,0.104340468,1.544981629,0,-0.2481898,0.021251252,-0.391244899,0.023132602,-0.56842915,0.025649825,-0.793225759,0.043428538,-0.593278425,-0.019751966,-0.432006743,-0.002886296,-0.197098857,-0.001953392,-0.206279748,-0.001208267,-0.200987501,0.000882041,0.260197678
2024-05-20,0,-0.22521692,0.15171042,0.901103687,0.156527846,1.292480321,0.13709199,1.452139248,0.102253658,1.465250452,0,-0.2481898,0.017001002,-0.458876183,0.020819342,-0.618209453,0.024367333,-0.830129151,0.042559968,-0.643833394,-0.005154668,-0.112740739,-0.003339971,-0.228079283,-0.00227352,-0.240085469,-0.001405587,-0.233810421,0.000761307,0.224581705
2024-05-21,0,-0.22521692,0.121368336,0.605097213,0.140875061,1.079957051,0.13023739,1.315984859,0.100208585,1.387113899,0,-0.2481898,0.013600801,-0.512981211,0.018737408,-0.663011725,0.023148967,-0.865187374,0.041708768,-0.693377264,0.007536498,0.164835133,-0.001164677,-0.079533234,-0.001292518,-0.136490913,-0.000958483,-0.159437497,0.000896811,0.264554648
2024-05-22,0,-0.22521692,0.097094669,0.368292035,0.126787555,0.888686109,0.123725521,1.18663819,0.098204413,1.310540077,0,-0.2481898,0.010880641,-0.556265233,0.016863667,-0.70333377,0.021991518,-0.898492685,0.040874593,-0.741930257,-0.031323053,-0.685084718,-0.007196352,-0.49142314,-0.004295571,-0.453615714,-0.002476711,-0.411985063,0.000252413,0.074460706
2024-05-23,,,,,,,,1.125198522,0.097222369,1.273018904,0,-0.2481898,0.008704513,-0.590892451,0.0151773,-0.739623611,0.020891942,-0.930132731,0.040057101,-0.789512189,0.016409274,0.358896791,-0.002475227,-0.169027821,-0.002225087,-0.234970919,-0.001532412,-0.254906935,0.000575551,0.169784554
2024-05-24,0,-0.22521692,0.077675735,0.178847892,0.1141088,0.716542261,0.117539245,1.063758854,0.096240325,1.235497732,0,-0.2481898,0.00696361,-0.618594225,0.01365957,-0.772284467,0.019847345,-0.960190774,0.039255959,-0.836142483,-0.013770134,-0.30117461,-0.004734208,-0.32328872,-0.003379592,-0.356887519,-0.002144298,-0.356690258,0.000288637,0.085146464
2024-05-28,0.2,0.508411022,0.102140588,0.417518211,0.12269792,0.833159714,0.121662282,1.145655643,0.098315519,1.314785099,0.5,1.982343798,0.105570888,0.950474927,0.062293613,0.274297907,0.043854978,-0.269376625,0.04847084,-0.299792385,0.024554657,0.537049189,0.001123565,0.076725784,-0.000586167,-0.061899667,-0.000809351,-0.134630266,0.000773957,0.22831353
2024-05-29,0,-0.22521692,0.08171247,0.218228832,0.110428128,0.666568506,0.115579168,1.024825435,0.096349208,1.239657853,0.4,1.536237078,0.164456711,1.887484133,0.096064252,1.001026614,0.061662229,0.243022958,0.055501423,0.109421154,0.023966175,0.524178174,0.005692087,0.388700169,0.001869067,0.197374992,0.000429426,0.071432223,0.001237802,0.365145275
2024-05-30,0.2,0.508411022,0.105369976,0.449022963,0.119385315,0.788183335,0.11980021,1.108668895,0.098422224,1.318862017,0,-0.2481898,0.131565368,1.364107043,0.086457827,0.794300735,0.058579118,0.15430713,0.054391395,0.044812193,-0.004130342,-0.090337111,0.003727601,0.254549733,0.001269127,0.134020759,0.000201437,0.033507818,0.001130439,0.33347377
2024-05-31,0,-0.22521692,0.084295981,0.243432634,0.107446783,0.626089764,0.113810199,0.989688024,0.09645378,1.243653233,0,-0.2481898,0.105252295,0.94540537,0.077812044,0.608247444,0.055650162,0.070027094,0.053303567,-0.018504589,-0.029953986,-0.655141072,-0.003008716,-0.205458658,-0.001853185,-0.195697762,-0.001306334,-0.217300244,0.00050875,0.150078799
2024-06-03,,,,,,,,1.131804268,0.099489242,1.359629794,0,-0.2481898,0.084201836,0.610444032,0.07003084,0.440799482,0.052867654,-0.010038941,0.052237495,-0.080555035,0.067933509,1.485813315,0.011179729,0.763439222,0.005125485,0.541255195,0.002155658,0.358579932,0.001857246,0.547878067
2024-06-04,0.4,1.242038965,0.147436785,0.859411638,0.136702105,1.023299383,0.128119689,1.273920512,0.102524704,1.475606355,0.5,1.982343798,0.167361469,1.933705532,0.113027756,1.366073461,0.075224271,0.633267616,0.061192745,0.440683314,0.022241993,0.486467584,0.013392182,0.914522794,0.006837135,0.72200687,0.003159975,0.52564158,0.002264941,0.668146021
2024-06-05,0,-0.22521692,0.117949428,0.571743575,0.123031895,0.837694208,0.121713705,1.14667706,0.10047421,1.397262684,0,-0.2481898,0.133889175,1.401084161,0.10172498,1.122842897,0.071463057,0.525039555,0.059968891,0.36944911,0.011314196,0.247459377,0.012976585,0.886142582,0.007284842,0.769284985,0.003567686,0.5934617,0.002445926,0.721535718
2024-06-06,0.5,1.608852936,0.194359542,1.317173207,0.160728705,1.349516841,0.14062802,1.522376176,0.108464726,1.702558051,0,-0.2481898,0.10711134,0.974987065,0.091552482,0.90393539,0.067889905,0.422222898,0.058769513,0.29963959,-0.021084328,-0.461147606,0.006164402,0.420953539,0.004447925,0.469704332,0.002335085,0.388426483,0.001975321,0.582709598
2024-06-07,-0.333333333,-1.447930157,0.088820967,0.287576774,0.111322501,0.678711726,0.116929952,1.051656344,0.099628765,1.36496057,0,-0.2481898,0.085689072,0.634109388,0.082397234,0.706918633,0.064495409,0.324547073,0.057594122,0.231226261,0.01362635,0.298029837,0.007656792,0.522865562,0.005365767,0.566629225,0.002899649,0.482337955,0.002208341,0.651449497
2024-06-10,,,,,,,,0.745301025,0.093632477,1.13585911,0,-0.2481898,0.068551258,0.361407246,0.074157511,0.529603552,0.061270639,0.231755039,0.05644224,0.164181198,0.049436311,1.081250329,0.016012696,1.093471958,0.009772822,1.032017622,0.005226482,0.869391711,0.003152901,0.93008975
2024-06-11,-0.5,-2.059286776,-0.028943226,-0.861288401,0.050190251,-0.151301975,0.086083454,0.438945706,0.087636189,0.906757651,0,-0.2481898,0.054841006,0.143245532,0.066741759,0.370019979,0.058207107,0.143602607,0.055313395,0.098477036,-0.014462825,-0.31632487,0.009917591,0.677250625,0.007349257,0.776087291,0.004242016,0.705632217,0.002800586,0.826158746
2024-06-12,0,-0.22521692,-0.023154581,-0.804816457,0.045171226,-0.219447014,0.081779282,0.353450995,0.085883466,0.839790954,0,-0.2481898,0.043872805,-0.031283838,0.060067584,0.226394764,0.055296752,0.059857796,0.054207127,0.034086958,-0.029350136,-0.641933918,0.002064046,0.140949175,0.003679318,0.388538819,0.002562409,0.426240263,0.002157572,0.636472729
2024-06-13,,,,,,,,0.312841007,0.085024631,0.806977272,0,-0.2481898,0.035098244,-0.170907335,0.054060825,0.09713207,0.052531914,-0.019699773,0.053122985,-0.029015319,0.013822881,0.302328282,0.004415813,0.301546206,0.004693674,0.495655647,0.003125432,0.51989563,0.002390878,0.705296878
2024-06-14,0,-0.22521692,-0.018523665,-0.759638902,0.040654103,-0.28077755,0.077690318,0.272231019,0.084165796,0.774163591,0.25,0.867076999,0.078078595,0.513009153,0.073654743,0.518784218,0.062405318,0.26440518,0.057060525,0.200168342,0.071580756,1.565584396,0.017848802,1.218855628,0.011382382,1.201988487,0.006548199,1.089250826,0.003774675,1.113510179
2024-06-17,0.125,0.233300544,0.010181068,-0.479605836,0.049088693,-0.166258209,0.080055802,0.31921714,0.08498248,0.805366816,0,-0.2481898,0.062462876,0.264527058,0.066289268,0.360282578,0.059285052,0.174620241,0.055919315,0.133744438,0.051292284,1.121843397,0.024537498,1.675612079,0.015373372,1.623440179,0.008785403,1.461395399,0.004725028,1.393859272
2024-06-18,0.2,0.508411022,0.048144855,-0.109244772,0.064179824,0.038639291,0.086053012,0.438341015,0.087282831,0.893256801,0,-0.2481898,0.049970301,0.065741382,0.059660342,0.217631103,0.0563208,0.089324549,0.054800928,0.068649011,-0.065431218,-1.431084269,0.006543755,0.446858701,0.007292913,0.770137361,0.005074572,0.844122461,0.003321903,0.979944502
2024-06-20,0,-0.22521692,0.038515884,-0.203181554,0.057761841,-0.048499875,0.081750361,0.352876538,0.085537174,0.826560121,0,-0.2481898,0.039976241,-0.093287158,0.053694307,0.089244775,0.05350476,0.008293642,0.05370491,0.004855493,-0.051396139,-1.124114879,-0.005044224,-0.344459028,0.001424008,0.150376363,0.002251036,0.37444544,0.002227542,0.657113579
2024-06-21,-0.333333333,-1.447930157,-0.03585396,-0.928707035,0.018652324,-0.579503319,0.060996176,-0.059368312,0.077159764,0.506482599,0,-0.2481898,0.031980993,-0.220509991,0.048324877,-0.02630292,0.050829522,-0.068685721,0.052630812,-0.057662154,0.030716694,0.671822687,0.002107959,0.143947944,0.004353277,0.459709421,0.003674319,0.611199412,0.002797325,0.825196699
2024-06-24,0,-0.22521692,-0.028683168,-0.858751364,0.016787092,-0.604828224,0.057946368,-0.119947322,0.075616569,0.447521403,0,-0.2481898,0.025584794,-0.322288257,0.043492389,-0.130295846,0.048288046,-0.141816115,0.051578195,-0.118929449,0.012831104,0.280636541,0.004252588,0.290399959,0.005201059,0.549235942,0.004132158,0.687358031,0.002998,0.884394983
2024-06-25,0.333333333,0.997496317,0.043720132,-0.152410771,0.048441716,-0.175042445,0.071715716,0.153556214,0.080770904,0.644454207,0,-0.2481898,0.020467835,-0.40371087,0.03914315,-0.223889479,0.045873643,-0.211289989,0.050546631,-0.178971398,-0.015120513,-0.330709533,0.000377968,0.02581062,0.003168902,0.334638548,0.003169525,0.527230117,0.00263563,0.777497585
2024-06-26,0,-0.22521692,0.034976106,-0.237714353,0.043597544,-0.240813437,0.06812993,0.082330977,0.079155486,0.582733579,0,-0.2481898,0.016374268,-0.46884896,0.035228835,-0.308123748,0.043579961,-0.27729017,0.049535699,-0.237812508,0.048962667,1.070891004,0.010094908,0.689359193,0.007748279,0.818224304,0.005459182,0.90809989,0.003562171,1.05082243
2024-06-27,0.333333333,0.997496317,0.094647551,0.344418837,0.072571123,0.152570863,0.0813901,0.345720599,0.084239043,0.776962139,0,-0.2481898,0.013099415,-0.520959432,0.031705952,-0.383934591,0.041400963,-0.339990341,0.048544985,-0.295476795,0.007911347,0.173033674,0.009658196,0.65953707,0.007764585,0.819946318,0.00558179,0.928494986,0.003649154,1.076482129
2024-06-28,0,-0.22521692,0.075718041,0.159749334,0.065314011,0.05403854,0.077320595,0.264887142,0.082554262,0.712591353,0,-0.2481898,0.010479532,-0.56264781,0.028535356,-0.45216435,0.039330915,-0.399555504,0.047574085,-0.351987797,0.014128753,0.309018174,0.010552307,0.72059398,0.008401002,0.887152422,0.006009138,0.999581604,0.003858746,1.138310701
2024-07-01,0.2,0.508411022,0.100574433,0.402239364,0.07878261,0.236906365,0.083454565,0.386727517,0.084903177,0.802336847,0,-0.2481898,0.008383625,-0.595998512,0.025681821,-0.513571132,0.037364369,-0.456142409,0.046622603,-0.407368579,0.004643921,0.10156991,0.00937063,0.639899832,0.008025294,0.847477355,0.005940877,0.988226851,0.00387445,1.142943155
2024-07-02,0,-0.22521692,0.080459546,0.206005755,0.070904349,0.129940492,0.079281837,0.303843715,0.083205113,0.737458566,-0.333333333,-1.735212199,-0.059959766,-1.683499454,-0.010219695,-1.286155333,0.018829484,-0.989479496,0.039023485,-0.849673603,0.001540867,0.033701207,0.007804678,0.532964359,0.007376851,0.7790013,0.005720877,0.951631178,0.003827778,1.129175254
2024-07-03,0,-0.22521692,0.064367637,0.049018868,0.063813914,0.033671205,0.075317745,0.225104103,0.081541011,0.673877851,0.2,0.644023639,-0.007967813,-0.856187599,0.010802275,-0.83377216,0.02788801,-0.728822485,0.042243015,-0.662281554,0.074230781,1.623544624,0.021089898,1.440183026,0.014062244,1.484984041,0.009146372,1.521440326,0.005235838,1.544545864
2024-07-05,0.142857143,0.298803039,0.080065538,0.202161954,0.071718237,0.140990931,0.078694715,0.292181584,0.082767334,0.720732225,0,-0.2481898,-0.006374251,-0.830830344,0.009722047,-0.857018161,0.026493609,-0.768946041,0.041398155,-0.71145646,0,0,0.016871919,1.152146421,0.01265602,1.336485637,0.008689054,1.44536831,0.005131121,1.513654947
2024-07-08,0.6,1.975666907,0.184052431,1.216620727,0.124546413,0.85825735,0.104759979,0.809921553,0.093111987,1.115972634,0,-0.2481898,-0.0050994,-0.810544539,0.008749843,-0.877939563,0.025168929,-0.807063419,0.040570192,-0.759647869,-0.015395643,-0.336727064,0.010418406,0.711450182,0.009850854,1.040257879,0.007484819,1.245051575,0.004720586,1.39254911
2024-07-09,0,-0.22521692,0.147241944,0.857510846,0.112091772,0.689156378,0.09952198,0.705878049,0.091249747,1.044821637,0.5,1.982343798,0.09592048,0.796914675,0.057874858,0.179208321,0.048910483,-0.123905637,0.049758788,-0.224827663,0.035999992,0.787376775,0.015534723,1.060832287,0.012465767,1.316394827,0.008910577,1.482217378,0.005346174,1.577094445
2024-07-10,0.2,0.508411022,0.157793556,0.960448574,0.120882595,0.808512419,0.104545881,0.805668878,0.093424752,1.127922526,0,-0.2481898,0.076736384,0.491651476,0.052087373,0.054664271,0.046464958,-0.194275036,0.048763612,-0.282751648,-0.041067044,-0.898201228,0.00421437,0.287790103,0.007112486,0.751084137,0.006411696,1.066544545,0.00441791,1.303261141
2024-07-11,0,-0.22521692,0.126234844,0.652573123,0.108794335,0.64438594,0.099318587,0.701838008,0.091556257,1.056532531,0,-0.2481898,0.061389107,0.247440916,0.046878635,-0.057425374,0.04414171,-0.261125964,0.04778834,-0.339517153,0.040263558,0.880627708,0.011424207,0.780134142,0.010427593,1.101162051,0.008104289,1.348096541,0.005134823,1.514746844
2024-07-12,0,-0.22521692,0.100987876,0.406272762,0.097914902,0.496672109,0.094352658,0.603198681,0.089725132,0.986570337,0,-0.2481898,0.049111286,0.052072469,0.042190772,-0.158306054,0.041934625,-0.324634346,0.046832573,-0.395147347,-0.008444749,-0.184700024,0.007450416,0.508772623,0.008540359,0.901868632,0.007276837,1.210455222,0.004863231,1.43462874
2024-07-15,-0.25,-1.142251848,0.0307903,-0.278549568,0.063123411,0.024296016,0.077135025,0.261201124,0.082930629,0.726971304,0,-0.2481898,0.039289028,-0.104222289,0.037971695,-0.249098666,0.039837894,-0.384967309,0.045895921,-0.449664938,-0.00638752,-0.13970516,0.004682829,0.319780149,0.007047571,0.74422906,0.00659362,1.096806315,0.004638216,1.368250444
2024-07-16,0,-0.22521692,0.02463224,-0.338625391,0.05681107,-0.061408823,0.073278274,0.184593641,0.081272017,0.663600334,0,-0.2481898,0.031431223,-0.229258095,0.034174525,-0.330812017,0.037845999,-0.442283623,0.044978003,-0.503092177,0.015000003,0.328073792,0.006746264,0.460687596,0.007842814,0.82820736,0.007013939,1.16672371,0.004845452,1.429383937
2024-07-17,0,-0.22521692,0.019705792,-0.386686049,0.051129963,-0.138543178,0.06961436,0.111816533,0.079646576,0.601496784,0,-0.2481898,0.025144978,-0.329286741,0.030757073,-0.404354033,0.035953699,-0.496734122,0.044078443,-0.555450871,-0.003870535,-0.084654728,0.004622904,0.315688,0.006671479,0.704513469,0.006469715,1.07619559,0.004671132,1.377960492
2024-07-18,0.333333333,0.997496317,0.0824313,0.225241481,0.0793503,0.244614097,0.082800309,0.373731877,0.084720312,0.79535008,0,-0.2481898,0.020115983,-0.409309657,0.027681365,-0.470541847,0.034156014,-0.548462096,0.043196874,-0.606762392,0.021900419,0.478996805,0.008078407,0.551656739,0.008194373,0.865332261,0.00724125,1.204535516,0.005015718,1.479611541
2024-07-19,0,-0.22521692,0.06594504,0.064407448,0.07141527,0.13687745,0.078660293,0.291497857,0.083025905,0.730611534,0,-0.2481898,0.016092786,-0.47332799,0.024913229,-0.53011088,0.032448213,-0.597603671,0.042332937,-0.657047682,-0.02039406,-0.446050352,0.002383914,0.162792244,0.00533553,0.563436164,0.005859485,0.974687692,0.004507523,1.329696417
2024-07-22,0,-0.22521692,0.052756032,-0.064259777,0.064273743,0.039914468,0.074727279,0.213375538,0.081365387,0.66716776,0,-0.2481898,0.012874229,-0.524542656,0.022421906,-0.58372301,0.030825803,-0.644288168,0.041486278,-0.706327266,0.003528595,0.077175954,0.00261285,0.178425802,0.005154837,0.544354788,0.00574294,0.955301264,0.004487944,1.323920842
2024-07-23,0,-0.22521692,0.042204826,-0.167193558,0.057846369,-0.047352216,0.070990915,0.139159334,0.079738079,0.604992861,0,-0.2481898,0.010299383,-0.565514389,0.020179715,-0.631973926,0.029284513,-0.68863844,0.040656552,-0.754621258,-0.084388171,-1.845702807,-0.014787354,-1.009796084,-0.003799464,-0.401226394,0.001236385,0.205664664,0.002710422,0.799560736
2024-07-24,0,-0.22521692,0.033763861,-0.249540583,0.052061732,-0.125892231,0.067441369,0.068653941,0.078143318,0.544061459,0,-0.2481898,0.008239506,-0.598291775,0.018161744,-0.675399751,0.027820287,-0.730771198,0.039843421,-0.801949371,0.036866323,0.806324812,-0.004456619,-0.304332752,0.000267115,0.028207508,0.003017882,0.502005245,0.00339354,1.001077106
2024-07-25,0,-0.22521692,0.027011089,-0.315418202,0.046855559,-0.196578245,0.064069301,0.001673818,0.076580452,0.484348686,0,-0.2481898,0.006591605,-0.624513684,0.016345569,-0.714482994,0.026429273,-0.770797318,0.039046553,-0.848330921,0.020740721,0.453632382,0.000582849,0.039801494,0.002314475,0.244410398,0.003904024,0.649409275,0.003740483,1.103423724
2024-07-26,0,-0.22521692,0.021608871,-0.368120298,0.042170003,-0.260195658,0.060865836,-0.061957299,0.075048843,0.425830169,0,-0.2481898,0.005273284,-0.645491212,0.014711012,-0.749657912,0.025107809,-0.808822132,0.038265622,-0.89378484,-0.011248167,-0.2460152,-0.001783354,-0.121781345,0.000958211,0.101187836,0.003146414,0.523385794,0.00344071,1.014992202
2024-07-29,0,-0.22521692,0.017287097,-0.410281974,0.037953003,-0.317451329,0.057822544,-0.12240686,0.073547866,0.368482021,0,-0.2481898,0.004218627,-0.662273234,0.013239911,-0.781315338,0.023852419,-0.844945706,0.037500309,-0.938329681,-0.00844035,-0.184603812,-0.003114753,-0.212699687,1.84E-05,0.001938293,0.002567076,0.4270166,0.003203089,0.944895144
2024-07-30,0,-0.22521692,0.013829677,-0.444011316,0.034157702,-0.368981433,0.054931417,-0.179833943,0.072076908,0.312280837,0.333333333,1.238832598,0.070041569,0.385121529,0.045249253,-0.092488926,0.039326464,-0.399683573,0.04341697,-0.593951768,0,0,-0.002491803,-0.17015975,1.65E-05,0.001744463,0.002438722,0.40566577,0.003139027,0.925997241
2024-07-31,0,-0.22521692,0.011063742,-0.470994789,0.030741932,-0.415358527,0.052184846,-0.234389673,0.07063537,0.257203676,0,-0.2481898,0.056033255,0.162216959,0.040724328,-0.189863251,0.037360141,-0.456264075,0.04254863,-0.644493271,-0.084011859,-1.837472267,-0.018795814,-1.283525019,-0.008386318,-0.885601801,-0.001883807,-0.3133592,0.00139601,0.41181581
2024-08-01,0.2,0.508411022,0.048850993,-0.102355934,0.047667739,-0.185550995,0.059575603,-0.087585457,0.073222663,0.356056924,0,-0.2481898,0.044826604,-0.016106697,0.036651895,-0.277500143,0.035492134,-0.510015551,0.041697658,-0.694023943,-0.121616171,-2.659938072,-0.039359885,-2.687800484,-0.019709304,-2.081317927,-0.007870425,-1.309194726,-0.001064234,-0.313943639
2024-08-02,-0.125,-0.683734384,0.014080795,-0.441561504,0.030400965,-0.419987955,0.050346823,-0.270898709,0.06925821,0.204586201,0,-0.2481898,0.035861283,-0.158765622,0.032986706,-0.356373347,0.033717527,-0.561079454,0.040863705,-0.742564002,0.244250208,5.34213849,0.017362133,1.185622123,0.006686648,0.706115226,0.004735607,0.787737757,0.003842055,1.133386808
2024-08-05,0.32,0.948587788,0.075264636,0.155326074,0.059360869,-0.026789331,0.063829482,-0.003089747,0.074273045,0.396189118,-0.25,-1.363456599,-0.021310974,-1.068508047,0.004688035,-0.965347802,0.019531651,-0.969274806,0.035046431,-1.081157153,0.000739388,0.016171596,0.014037584,0.958595943,0.006091922,0.643311703,0.004535796,0.754500496,0.003780002,1.115081389
2024-08-06,0.125,0.233300544,0.085211709,0.252366144,0.065924782,0.062331188,0.066888008,0.057662413,0.075287584,0.434951833,0.25,0.867076999,0.032951221,-0.205071416,0.029219232,-0.437447667,0.031055068,-0.637691101,0.039345502,-0.830930654,-0.001108193,-0.02423793,0.011008429,0.751741541,0.00537191,0.56727793,0.004253596,0.707558433,0.003682238,1.086241536
2024-08-07,0.4,1.242038965,0.148169367,0.866558446,0.099332304,0.515916665,0.083543608,0.388496182,0.081781833,0.683078983,0.4,1.536237078,0.106360977,0.963047059,0.066297308,0.360455598,0.049502315,-0.106875794,0.046558592,-0.41109435,0.082840225,1.811846796,0.025374788,1.732788799,0.013118742,1.385349417,0.008182928,1.36117751,0.005265397,1.553265674
2024-08-08,0.2,0.508411022,0.158535494,0.967686654,0.109399073,0.652596678,0.089366427,0.504156104,0.084146196,0.773414725,0,-0.2481898,0.085088782,0.624557383,0.059667578,0.21778682,0.047027199,-0.178096684,0.04562742,-0.465293001,0.032103777,0.702160407,0.026720586,1.82469039,0.015017245,1.585832884,0.00937897,1.560131504,0.005802165,1.711609407
2024-08-09,0.333333333,0.997496317,0.193495062,1.308739643,0.131792499,0.956639967,0.101564773,0.746454469,0.089129939,0.963829662,0,-0.2481898,0.068071025,0.353765642,0.05370082,0.089384921,0.044675839,-0.24575653,0.044714872,-0.518407679,-0.01426207,-0.311934043,0.018524055,1.264967193,0.012089314,1.276641014,0.008196918,1.363504735,0.00540088,1.593232443
2024-08-12,0.5,1.608852936,0.254796049,1.906770062,0.168613249,1.456568024,0.121486534,1.142164714,0.09734734,1.277793689,0,-0.2481898,0.05445682,0.13713225,0.048330738,-0.026176789,0.042442047,-0.310033383,0.043820574,-0.570460063,0.027896247,0.610135052,0.020398493,1.392968491,0.013670007,1.443563467,0.009181885,1.527347581,0.005850788,1.725952835
2024-08-13,0,-0.22521692,0.203836839,1.409630314,0.151751924,1.227635985,0.115412207,1.021509052,0.095400393,1.203406271,0,-0.2481898,0.043565456,-0.036174465,0.043497664,-0.130182328,0.040319945,-0.371096394,0.042944163,-0.621471399,0.022534246,0.492859609,0.020825644,1.422137667,0.014556431,1.537170524,0.009849503,1.638401562,0.006184457,1.824383554
2024-08-14,0,-0.22521692,0.163069471,1.011918515,0.136576732,1.021597149,0.109641597,0.906886174,0.093492385,1.130506602,0,-0.2481898,0.034852365,-0.174819836,0.039147898,-0.223787312,0.038303948,-0.429106255,0.04208528,-0.671462509,-0.008623397,-0.188607332,0.014935836,1.019935551,0.012238448,1.292389725,0.008925858,1.484759147,0.0058883,1.737018712
2024-08-15,0,-0.22521692,0.130455577,0.693749076,0.122919059,0.836162197,0.104159517,0.797994439,0.091622538,1.059064926,0,-0.2481898,0.027881892,-0.285736133,0.035233108,-0.308031799,0.03638875,-0.484215622,0.041243574,-0.720453797,0.044458673,0.972381521,0.020840403,1.423145553,0.015460471,1.632637828,0.010702498,1.78029194,0.006659707,1.964580022
2024-08-16,0,-0.22521692,0.104364462,0.439213524,0.110627153,0.66927074,0.098951541,0.694547291,0.089790087,0.989052084,0.090909091,0.157361763,0.040487332,-0.085154521,0.040800706,-0.188219628,0.039114767,-0.405775105,0.042236884,-0.662638388,0.002467669,0.05397183,0.017165856,1.172218789,0.01416119,1.495432826,0.010290757,1.71180139,0.006575866,1.93984742
2024-08-19,0.5,1.608852936,0.183491569,1.211149167,0.149564438,1.19793572,0.119003964,1.092852895,0.097994285,1.302511662,0,-0.2481898,0.032389865,-0.214003881,0.036720636,-0.276020883,0.037159029,-0.462051029,0.041392147,-0.711806158,-0.005538471,-0.121135122,0.012624991,0.862133017,0.012191224,1.287402856,0.009499296,1.580146866,0.00633358,1.868374052
2024-08-20,0,-0.22521692,0.146793256,0.853133598,0.134607994,0.994866911,0.113053766,0.974662824,0.096034399,1.227629885,0,-0.2481898,0.025911892,-0.317083369,0.033048572,-0.355042012,0.035301078,-0.515513158,0.040564304,-0.759990573,0.007116323,0.155645233,0.011523257,0.786898035,0.011683734,1.233811494,0.009380147,1.560327252,0.006349235,1.872992156
2024-08-21,0,-0.22521692,0.117434604,0.566721142,0.121147194,0.812104983,0.107401078,0.862382256,0.094113711,1.154245743,0,-0.2481898,0.020729514,-0.39954696,0.029743715,-0.426161029,0.033536024,-0.56630218,0.039753018,-0.807211299,-0.017204285,-0.376284934,0.005777749,0.394549827,0.008794932,0.928751745,0.008050925,1.339219768,0.005878164,1.734028768
2024-08-22,0,-0.22521692,0.093947684,0.337591177,0.109032475,0.647619248,0.102031024,0.755715717,0.092231437,1.082329284,0,-0.2481898,0.016583611,-0.465517832,0.026769343,-0.490168144,0.031859222,-0.614551751,0.038957957,-0.853487611,-0.017505454,-0.382871973,0.001121108,0.076558029,0.006164894,0.651017604,0.006773106,1.126662783,0.005410492,1.596067781
2024-08-23,,,,,,,,0.705049111,0.091309123,1.047090219,0.4,1.536237078,0.093266889,0.754689927,0.064092409,0.313007169,0.050266261,-0.084893411,0.046178798,-0.433200168,-0.027998761,-0.612377202,-0.004702866,-0.321148409,0.002748528,0.29024673,0.005034513,0.837458931,0.004742307,1.398956561
2024-08-26,,,,,,,,0.679715808,0.090847966,1.029470687,0,-0.2481898,0.074613511,0.457871677,0.057683168,0.175083234,0.047752948,-0.157213421,0.045255222,-0.486956702,0.002291378,0.050116066,-0.003304017,-0.225624086,0.002702813,0.285419191,0.004897356,0.814643787,0.004693288,1.38449633
2024-08-27,0,-0.22521692,0.075158147,0.154287206,0.098129227,0.499582086,0.096929473,0.654382505,0.090386809,1.011851155,0,-0.2481898,0.059690809,0.220417078,0.051914851,0.050951693,0.045365301,-0.22591743,0.044350118,-0.539638106,0.000979712,0.021427849,-0.002447271,-0.167118792,0.002530503,0.267223106,0.004701474,0.782060037,0.004619017,1.362586605
2024-08-28,0,-0.22521692,0.060126517,0.007644029,0.088316305,0.36634864,0.092082999,0.558115954,0.088579072,0.942782588,0.166666667,0.495321399,0.08108598,0.560863588,0.063390033,0.297892355,0.051430369,-0.051396475,0.046796449,-0.397249953,0.013050559,0.285436366,0.000652295,0.044543789,0.003582509,0.378315719,0.005118928,0.851500871,0.004787648,1.412331852
2024-08-29,0,-0.22521692,0.048101214,-0.109670513,0.079484674,0.246438539,0.087478849,0.46666273,0.086807491,0.875095392,0,-0.2481898,0.064868784,0.302810606,0.05705103,0.161479902,0.048858851,-0.125391331,0.04586052,-0.451725491,0.009661873,0.211320446,0.00245421,0.167592664,0.004190445,0.442514282,0.005346075,0.889285355,0.004885132,1.441089289
2024-08-30,0,-0.22521692,0.038480971,-0.203522147,0.071536207,0.138519448,0.083104907,0.379782167,0.085071341,0.80876194,0,-0.2481898,0.051895027,0.096368221,0.051345927,0.038708694,0.046415908,-0.195686445,0.044943309,-0.505111519,-0.043062213,-0.941838721,-0.006649074,-0.454050734,-0.000534821,-0.056477489,0.002925661,0.486664949,0.003926185,1.158204796
2024-09-03,0,-0.22521692,0.030784777,-0.278603454,0.064382586,0.041392266,0.078949661,0.297245632,0.083369914,0.743755157,0,-0.2481898,0.041516022,-0.068785688,0.046211334,-0.071785393,0.044095113,-0.262466803,0.044044443,-0.557429827,0.007999992,0.17497249,-0.003719261,-0.25398019,0.000318661,0.033650807,0.003179378,0.528869071,0.004007661,1.182239847
2024-09-04,0,-0.22521692,0.024627822,-0.338668499,0.057944328,-0.046022198,0.075002178,0.218835925,0.081702516,0.68004851,0,-0.2481898,0.033212818,-0.200908814,0.041590201,-0.171230071,0.041890357,-0.325908143,0.043163554,-0.608701768,0.011904782,0.260376421,-0.000594452,-0.040593844,0.001477273,0.15600116,0.003615648,0.601439824,0.004165604,1.228832064
2024-09-05,,,,,,,,0.347118112,0.084218824,0.776189641,0.5,1.982343798,0.126570254,1.284623255,0.08743118,0.815246863,0.064795839,0.333191875,0.052300283,-0.076900484,0.068627463,1.500991186,0.013249931,0.904808792,0.008192292,0.865112433,0.006866239,1.142154737,0.005454841,1.609150525
2024-09-06,0.333333333,0.997496317,0.086368924,0.263655521,0.085483228,0.327882979,0.087918736,0.475400299,0.086735132,0.872330772,0,-0.2481898,0.101256203,0.88181834,0.078688062,0.627098959,0.061556047,0.239967601,0.051254278,-0.137783012,0.064526011,1.411285951,0.023505147,1.60511507,0.013825664,1.460000929,0.009749227,1.621721396,0.006636264,1.957664467
2024-09-09,0.083333333,0.080461389,0.085761806,0.257732694,0.085268239,0.324963993,0.087689466,0.470846257,0.086667096,0.869731307,-0.333333333,-1.735212199,0.014338296,-0.501245973,0.037485923,-0.259552251,0.041811578,-0.328174986,0.043562525,-0.585479747,-0.022981989,-0.50265245,0.01420772,0.970214109,0.010144898,1.071309234,0.008112666,1.34949001,0.006043899,1.782919765
2024-09-10,0,-0.22521692,0.068609445,0.090400419,0.076741415,0.209192356,0.083304992,0.383756518,0.084933754,0.803505137,0.222222222,0.743158466,0.055915081,0.160336544,0.055959553,0.137991821,0.05083211,-0.068611232,0.047135719,-0.377502785,0.024992718,0.54663028,0.016364719,1.117510895,0.01162968,1.228103371,0.008956669,1.489884421,0.006422876,1.894715882
2024-09-11,-0.5,-2.059286776,-0.045112444,-1.019029484,0.019067273,-0.573869407,0.054139743,-0.195559129,0.073235079,0.356531326,0,-0.2481898,0.044732065,-0.017611029,0.050363598,0.017569421,0.048290505,-0.141745351,0.046193005,-0.432373267,0.003155497,0.069015701,0.013722875,0.937105107,0.010782262,1.138615325,0.00866661,1.44163503,0.006357528,1.875438675
2024-09-12,0,-0.22521692,-0.036089955,-0.931009324,0.017160546,-0.599757704,0.051432756,-0.249328599,0.071770378,0.300569156,0,-0.2481898,0.035785652,-0.159969087,0.045327238,-0.090810739,0.04587598,-0.211222763,0.045269145,-0.486146339,0.02316264,0.50660359,0.015610828,1.066029296,0.0120203,1.269353091,0.009391412,1.562201108,0.00669363,1.974587141
2024-09-13,0,-0.22521692,-0.028871964,-0.860593195,0.015444491,-0.62305717,0.048861118,-0.300409595,0.07033497,0.245726229,0,-0.2481898,0.028628522,-0.273855534,0.040794514,-0.188352882,0.043582181,-0.277226305,0.044363762,-0.53884395,0.034097296,0.745761818,0.019308122,1.318509396,0.014227999,1.502487906,0.010626706,1.767684376,0.007241704,2.136266005
2024-09-16,0.25,0.691818008,0.026902429,-0.31647825,0.038900042,-0.304593045,0.058918062,-0.100646344,0.073928271,0.383016242,0,-0.2481898,0.022902817,-0.364964691,0.036715063,-0.276140812,0.041403072,-0.33992967,0.043476487,-0.590487609,-0.029729688,-0.650235324,0.00950056,0.648772435,0.009832231,1.038291273,0.008608886,1.432033011,0.006502276,1.918138524
2024-09-17,0,-0.22521692,0.021521943,-0.368968336,0.035010038,-0.357408978,0.055972159,-0.159161453,0.072449705,0.326524373,0,-0.2481898,0.018322254,-0.437852017,0.033043556,-0.355149948,0.039332918,-0.399497867,0.042606957,-0.641098395,0.030640625,0.670158941,0.013728573,0.937494198,0.01191307,1.258029546,0.009710473,1.615274926,0.006985043,2.060552346
2024-09-18,0.166666667,0.386139699,0.050550888,-0.085772377,0.048175701,-0.17865422,0.061506884,-0.049224009,0.074334045,0.39851973,0.25,0.867076999,0.064657803,0.299453407,0.054739201,0.111730401,0.049866272,-0.096403008,0.046754818,-0.399673072,-0.026756802,-0.585213596,0.005631498,0.384562658,0.008046083,0.849672662,0.00788711,1.311970062,0.006310206,1.861478868
2024-09-19,0.333333333,0.997496317,0.107107377,0.465972418,0.076691464,0.208514159,0.075098207,0.220743362,0.07951403,0.596432567,0,-0.2481898,0.051726242,0.093682462,0.049265281,-0.006065856,0.047372959,-0.168147538,0.045819721,-0.454100148,0.023604619,0.516270363,0.009226122,0.630031688,0.009601936,1.013972024,0.008672985,1.442695405,0.006656094,1.96351416
2024-09-20,-0.25,-1.142251848,0.035685901,-0.230789844,0.044022318,-0.235046139,0.058843296,-0.10213143,0.07292375,0.34463629,0.3,1.090130359,0.101380994,0.883804047,0.074338753,0.533503798,0.060004311,0.195316733,0.050903327,-0.158210011,0.030113961,0.658639966,0.01340369,0.915308655,0.011653139,1.23058061,0.009745034,1.621023842,0.007125251,2.101913205
2024-09-23,0,-0.22521692,0.028548721,-0.300417611,0.039620086,-0.294816763,0.055901132,-0.160572284,0.071465275,0.28891202,0.5,1.982343798,0.181104795,2.152393544,0.116904877,1.449507346,0.082004095,0.828355507,0.05988526,0.364581438,-0.028443555,-0.622105557,0.005034241,0.343777286,0.007643469,0.807156372,0.007835604,1.303402503,0.006413875,1.892060835
2024-09-24,0,-0.22521692,0.022838977,-0.356119825,0.035658077,-0.348610323,0.053106075,-0.216091096,0.070035969,0.234302236,0,-0.2481898,0.144883836,1.576034571,0.10521439,1.197933394,0.07790389,0.710373052,0.058687555,0.294869271,0.01002979,0.219367367,0.00603335,0.412004308,0.007882101,0.8323561,0.007945314,1.321651935,0.006486194,1.913394365
2024-09-25,0,-0.22521692,0.018271182,-0.400681596,0.03209227,-0.397024528,0.050450771,-0.268833968,0.06863525,0.180784647,0,-0.2481898,0.115907069,1.114947393,0.094692951,0.971516837,0.074008696,0.598289719,0.057513804,0.226551348,-0.009393411,-0.205448758,0.002947998,0.201312349,0.00615455,0.649925334,0.007078377,1.177442657,0.006168601,1.819706301
2024-09-26,0,-0.22521692,0.014616945,-0.436331013,0.028883043,-0.440597312,0.047928233,-0.318939696,0.067262545,0.12833741,0,-0.2481898,0.092725655,0.74607765,0.085223656,0.767741935,0.070308261,0.491810553,0.056363528,0.159599783,-0.008940613,-0.195545347,0.000570276,0.0389429,0.004645034,0.490519228,0.006277428,1.044209846,0.005866417,1.730563462
2024-09-27,-0.5,-2.059286776,-0.088306444,-1.44041463,-0.024005262,-1.158680109,0.020531821,-0.863120532,0.055917294,-0.305133046,-0.1,-0.69429652,0.054180524,0.132735742,0.06670129,0.369149095,0.061792848,0.246781487,0.053236257,-0.022422308,0.01722245,0.376682231,0.003900711,0.26637101,0.005902776,0.623337729,0.006824679,1.135241556,0.006093538,1.79756291
2024-09-30,0,-0.22521692,-0.070645155,-1.26811744,-0.021604735,-1.126087335,0.01950523,-0.883511932,0.054798948,-0.347861929,0,-0.2481898,0.043344419,-0.039691671,0.060031161,0.225610968,0.058703206,0.157877733,0.052171532,-0.084394399,-0.024455788,-0.534886775,-0.001770589,-0.120909648,0.002866919,0.302748917,0.005260656,0.875076308,0.005482551,1.617324971
2024-10-01,-0.2,-0.958844862,-0.096516124,-1.520505322,-0.039444262,-1.368300755,0.008529969,-1.101515919,0.049702969,-0.5425651,0.333333333,1.238832598,0.101342202,0.883186779,0.087361378,0.81374475,0.072434712,0.552998693,0.057794768,0.242904808,0.031680483,0.692902297,0.004919626,0.335950469,0.005748276,0.607022416,0.006581647,1.09481475,0.00600651,1.771890127
2024-10-02,0.25,0.691818008,-0.027212899,-0.844407952,-0.010499836,-0.975312271,0.02060347,-0.861697352,0.05370891,-0.38950926,-0.2,-1.140403239,0.041073762,-0.075823069,0.05862524,0.1953562,0.058812976,0.161036362,0.052638873,-0.05719294,0.058745012,1.284846367,0.015684703,1.071074062,0.011047949,1.166672115,0.009189815,1.528666808,0.00706128,2.083041969
2024-10-03,0,-0.22521692,-0.021770319,-0.791312098,-0.009449852,-0.961056281,0.019573297,-0.882159911,0.052634732,-0.430550618,0.5,1.982343798,0.132859009,1.384691851,0.102762716,1.145174507,0.080872328,0.795789154,0.061586096,0.463578167,0.00630517,0.137904044,0.013808796,0.942972503,0.010573671,1.116587994,0.009045583,1.504674696,0.007046158,2.078580996
2024-10-04,0,-0.22521692,-0.017416256,-0.748835414,-0.008504867,-0.94822589,0.018594632,-0.901599341,0.051582037,-0.47077115,0.294117647,1.063888787,0.165110737,1.897891199,0.121898209,1.556961571,0.091534594,1.102593423,0.066236727,0.734267117,-0.015288235,-0.334377894,0.00798939,0.545577972,0.007987481,0.843484231,0.007828892,1.302285969,0.00659947,1.946810331
2024-10-07,,,,,,,,-0.910833071,0.051066217,-0.49047921,0,-0.2481898,0.13208859,1.372432695,0.109708388,1.294642196,0.086957864,0.970899071,0.064911992,0.657161237,0.057520954,1.258074263,0.017895703,1.222058404,0.012940828,1.366561591,0.010313495,1.715583749,0.0076179,2.247241945
2024-10-08,0,-0.22521692,-0.013933004,-0.714854067,-0.00765438,-0.936678538,0.0176649,-0.9200668,0.050550396,-0.510187271,0.4,1.536237078,0.185670872,2.225050348,0.13873755,1.919336475,0.102609971,1.42128487,0.071613752,1.047235703,0.032972297,0.721156311,0.020911022,1.42796794,0.014943975,1.578095479,0.011446435,1.904041068,0.008124988,2.396830333
2024-10-09,0.25,0.691818008,0.038853596,-0.199886948,0.018111058,-0.586852276,0.029281655,-0.689320689,0.054539388,-0.357778987,0.333333333,1.238832598,0.215203364,2.694980395,0.158197128,2.338097706,0.114146139,1.753235473,0.076848144,1.351902309,0.011183676,0.24460469,0.018965553,1.295116108,0.014567945,1.538386428,0.011433297,1.901855652,0.008186161,2.414876286
2024-10-10,0,-0.22521692,0.031082877,-0.275695295,0.016299952,-0.611442286,0.027817572,-0.718402081,0.053448601,-0.399454952,-0.111111111,-0.743863933,0.149940469,1.656497258,0.131266304,1.758558686,0.102883276,1.429149177,0.073088959,1.133099772,0.007373265,0.161264962,0.016647095,1.136793709,0.013848477,1.462410038,0.011230296,1.868087633,0.008169903,2.410080278
2024-10-11,0,-0.22521692,0.024866302,-0.336341972,0.014669957,-0.633573294,0.026426694,-0.746029403,0.052379629,-0.440297397,0,-0.2481898,0.119952375,1.179317542,0.118139674,1.476079599,0.097739112,1.281127038,0.07162718,1.048017239,-0.005603905,-0.122566275,0.012196895,0.83289928,0.011903239,1.256991355,0.010388586,1.728074566,0.007894427,2.328816196
2024-10-14,0,-0.22521692,0.019893041,-0.384859314,0.013202961,-0.653491202,0.025105359,-0.772275359,0.051332036,-0.480322993,-0.142857143,-0.885485114,0.067390472,0.342936464,0.092039992,0.914426381,0.0857093,0.934971923,0.067337493,0.798336989,-0.024726785,-0.540813914,0.004812159,0.328611807,0.008240236,0.870175428,0.008632817,1.436013735,0.007242003,2.136354336
2024-10-15,-0.25,-1.142251848,-0.034085567,-0.911455229,-0.013117335,-1.010850964,0.011350091,-1.045499215,0.045305395,-0.710584159,0.166666667,0.495321399,0.087245711,0.658879097,0.09950266,1.075019573,0.089757168,1.051448411,0.069324077,0.91396564,-0.005896226,-0.128959796,0.002670482,0.182361367,0.00682659,0.720893274,0.007906365,1.315173078,0.006979238,2.058840109
2024-10-16,-0.25,-1.142251848,-0.077268454,-1.332731961,-0.036805601,-1.33247475,-0.001717413,-1.305061878,0.039399287,-0.936240101,0,-0.2481898,0.069796568,0.381223013,0.089552394,0.860894398,0.08526931,0.92231131,0.067937595,0.83326579,-0.003202898,-0.070052437,0.001495806,0.10214532,0.005823641,0.614981097,0.007350902,1.222775352,0.006775596,1.998766535
2024-10-17,0,-0.22521692,-0.061814763,-1.181971305,-0.033125041,-1.282502512,-0.001631543,-1.30335621,0.038611302,-0.966346843,-0.166666667,-0.991700999,0.022503921,-0.371312044,0.063930488,0.309522693,0.072672511,0.559841301,0.06324551,0.560164007,0.020111894,0.439878945,0.005219024,0.35639571,0.007252467,0.765866167,0.007988951,1.328910812,0.007042322,2.07744935
2024-10-18,0.5,1.608852936,0.05054819,-0.085798696,0.020187463,-0.558660207,0.023450034,-0.805155431,0.047839076,-0.613779286,0,-0.2481898,0.018003137,-0.442929899,0.057537439,0.171947206,0.069038885,0.455284556,0.0619806,0.486540189,-0.003966448,-0.086752503,0.003381929,0.230944549,0.006130575,0.647393544,0.007391181,1.229475608,0.006822146,2.012498717
2024-10-21,,,,,,,,-0.816800258,0.047360685,-0.632057265,-0.166666667,-0.991700999,-0.018930824,-1.030634374,0.035117028,-0.310529781,0.057253608,0.116165885,0.057407654,0.220372919,0.003747947,0.081973528,0.003455133,0.235943459,0.005892312,0.622232803,0.00720902,1.199174174,0.006760662,1.994361251
2024-10-22,0,-0.22521692,0.040438552,-0.184424693,0.018168717,-0.586069424,0.022277533,-0.828445086,0.046882294,-0.650335245,0.25,0.867076999,0.034855341,-0.174772478,0.056605325,0.151888552,0.066890927,0.393477555,0.061259501,0.444568816,0.00093351,0.020417348,0.002950808,0.201504243,0.005396432,0.569867464,0.006895244,1.146979638,0.006644119,1.959981643
2024-10-23,0.25,0.691818008,0.082350841,0.224456551,0.041351845,-0.271304073,0.033663656,-0.60228006,0.050944648,-0.495124002,0,-0.2481898,0.027884273,-0.285698247,0.050944793,0.030076479,0.063546381,0.297238998,0.060034311,0.373256902,0.022382819,0.48954766,0.00683721,0.466898143,0.007095071,0.749245041,0.007669623,1.27579257,0.006958893,2.052838382
2024-10-24,0.2,0.508411022,0.105880673,0.454005138,0.05721666,-0.055901986,0.041980473,-0.437081326,0.053925755,-0.3812242,-0.125,-0.8058232,-0.002692582,-0.772246504,0.033350314,-0.348548672,0.054119062,0.025970045,0.056333625,0.15785928,0.027366039,0.598538567,0.010942976,0.747271904,0.009122168,0.963308054,0.008654444,1.439611191,0.007367036,2.173238481
2024-10-25,1,3.442922792,0.284704539,2.198546542,0.151494994,1.224147557,0.08988145,0.514386104,0.07284724,0.341713068,0.1,0.197916919,0.017845935,-0.445431353,0.040015282,-0.205121594,0.056413109,0.091980721,0.057206952,0.208691114,-0.003329583,-0.072823248,0.008088464,0.552343535,0.007876993,0.831816591,0.008055242,1.339937893,0.007153104,2.110129508
2024-10-28,0,-0.22521692,0.227763631,1.643051497,0.136345495,1.018457565,0.085387377,0.425119373,0.071390295,0.286047262,0,-0.2481898,0.014276748,-0.502225347,0.036013754,-0.291232652,0.053592453,0.010817005,0.056062813,0.142096754,-0.007126942,-0.155877492,0.005045383,0.344538175,0.006376599,0.673373868,0.007296133,1.213664947,0.006867503,2.025878681
2024-10-29,0,-0.22521692,0.182210905,1.198655462,0.122710945,0.833336571,0.081118008,0.340315978,0.069962489,0.231494773,0.285714286,1.026400827,0.068564255,0.36161407,0.060983807,0.246111478,0.065198545,0.34477964,0.060655843,0.409433016,-0.040152554,-0.878199876,-0.003994204,-0.272755476,0.001723684,0.182022364,0.004923699,0.819025716,0.005927102,1.748465094
2024-10-30,0,-0.22521692,0.145768724,0.843138633,0.110439851,0.666727677,0.077062108,0.259752753,0.06856324,0.178033334,-0.153846154,-0.93450783,0.024082173,-0.346198415,0.039500811,-0.216192778,0.05424631,0.029631581,0.056365803,0.159732191,-0.020098168,-0.439578724,-0.007214997,-0.492696363,-0.000458501,-0.048418099,0.003672606,0.610914369,0.005406596,1.594918631
2024-10-31,0.333333333,0.997496317,0.183281646,1.209101226,0.132729199,0.969357866,0.089875669,0.514271285,0.073858641,0.380355899,0.142857143,0.389105514,0.047837167,0.03179831,0.049836444,0.006225324,0.058676852,0.157119405,0.05809563,0.260416377,-0.020271845,-0.443377327,-0.009826367,-0.671021085,-0.002439836,-0.257648565,0.002475383,0.411764082,0.004893027,1.443418418
2024-11-01,0,-0.22521692,0.146625317,0.851495245,0.119456279,0.789146842,0.085381886,0.425010295,0.072381469,0.323917237,0.19047619,0.601537285,0.076364972,0.485741458,0.063900419,0.308875629,0.065266819,0.346744199,0.060743241,0.414520002,0.16504378,3.60976859,0.025147663,1.71727889,0.014308526,1.510991557,0.010603803,1.763874569,0.008096043,2.388291693
2024-11-04,0.217391304,0.572204756,0.160778514,0.989568757,0.129249782,0.922116613,0.091982357,0.556116873,0.075281665,0.434725681,0.130434783,0.33368853,0.087178934,0.65781653,0.070553855,0.452054538,0.068525217,0.440503863,0.062137072,0.495647617,0.116590011,2.550008012,0.043436132,2.966158493,0.024536674,2.591092069,0.015903113,2.645380856,0.010265922,3.028395159
2024-11-05,0,-0.22521692,0.128622811,0.67586927,0.116324804,0.746629714,0.087383239,0.464763604,0.073776032,0.377199623,0.272727273,0.96846489,0.124288602,1.248316907,0.090771197,0.887122491,0.07873532,0.734297239,0.066348876,0.740794737,0.044535949,0.974071673,0.043656096,2.98117931,0.026536602,2.802285981,0.017334755,2.883525284,0.010951322,3.230584861
2024-11-06,0,-0.22521692,0.102898249,0.42490968,0.104692323,0.588691506,0.083014077,0.377977997,0.072300511,0.320824087,0.071428571,0.070457857,0.113716596,1.080091914,0.088836934,0.845498045,0.078369982,0.723784738,0.06645047,0.746707988,-0.004478682,-0.09795585,0.03402914,2.323775575,0.023435074,2.474762154,0.016244083,2.702099023,0.010642722,3.139549395
2024-11-07,-0.5,-2.059286776,-0.017681401,-0.751422076,0.044223091,-0.232320173,0.053863373,-0.201048724,0.060854501,-0.116496103,0,-0.2481898,0.090973277,0.718193267,0.079953241,0.654325023,0.074451483,0.611030821,0.06512146,0.669353291,0.082112646,1.795933487,0.043645842,2.980479068,0.029302831,3.094401926,0.019537511,3.249939664,0.012072121,3.561214732
2024-11-08,0,-0.22521692,-0.014145121,-0.716923397,0.039800782,-0.292363393,0.051170204,-0.254543714,0.059637411,-0.162997725,0,-0.2481898,0.072778621,0.42867435,0.071957917,0.482269303,0.070728909,0.5039146,0.063819031,0.593545687,-0.018675288,-0.408458102,0.031181616,2.129324335,0.024505019,2.587749224,0.017626871,2.932116962,0.011457173,3.379808121
2024-11-11,0,-0.22521692,-0.011316097,-0.689324454,0.035820704,-0.34640229,0.048611694,-0.305363954,0.058444663,-0.208569314,0,-0.2481898,0.058222897,0.197059215,0.064762125,0.327419155,0.067192463,0.40215419,0.06254265,0.519254236,0.042535201,0.930312142,0.033452333,2.284386638,0.026308037,2.778149361,0.018872288,3.139284002,0.012078733,3.563165351
2024-11-12,0,-0.22521692,-0.009052877,-0.667245299,0.032238633,-0.395037298,0.046181109,-0.353643183,0.05727577,-0.253229472,0,-0.2481898,0.046578318,0.011767108,0.058285913,0.188054022,0.06383284,0.3054818,0.061291797,0.446448613,-0.007639812,-0.16709477,0.025233904,1.723168104,0.022913252,2.419657413,0.017546683,2.918778119,0.011684362,3.446827926
2024-11-13,0.125,0.233300544,0.017757698,-0.405690955,0.04151477,-0.269091983,0.050122054,-0.275363351,0.058630254,-0.201478385,0,-0.2481898,0.037262654,-0.136466578,0.052457321,0.062625402,0.060641198,0.21364303,0.060065962,0.375099103,-0.000655216,-0.014330603,0.02005608,1.369585834,0.020556405,2.170772543,0.016636588,2.767389667,0.011437571,3.374025662
2024-11-14,0.125,0.233300544,0.039206159,-0.196447479,0.049863293,-0.155741199,0.053865951,-0.200997511,0.059957649,-0.150762321,0.076923077,0.094969215,0.045194739,-0.010248823,0.054903897,0.11527459,0.061455292,0.237068397,0.060403104,0.394722397,0.064087854,1.401702757,0.028862435,1.970952542,0.02490955,2.630468052,0.019009151,3.162050347,0.012490576,3.684657017
2024-11-15,0,-0.22521692,0.031364927,-0.272943719,0.044876964,-0.223442316,0.051172654,-0.254495062,0.058758496,-0.196578618,0.04,-0.069747112,0.044155791,-0.026780877,0.053413507,0.083202085,0.060382528,0.206199841,0.059995042,0.370971234,-0.083333333,-1.822631846,0.006423281,0.438631816,0.014085262,1.487414709,0.013892027,2.310849564,0.010574098,3.119305621
2024-11-18,0.25,0.691818008,0.075091941,0.15364133,0.065389267,0.055060324,0.061114021,-0.057027538,0.062583326,-0.050442508,0,-0.2481898,0.035324633,-0.167304966,0.048072157,-0.031741341,0.057363401,0.119325168,0.058795141,0.301131272,0.05175604,1.131986472,0.015489833,1.057766805,0.01785234,1.885221077,0.015785228,2.625771341,0.011397737,3.362274918
2024-11-19,0,-0.22521692,0.060073553,0.007127328,0.058850341,-0.033720946,0.05805832,-0.117723587,0.06133166,-0.098265202,0,-0.2481898,0.028259706,-0.279724237,0.043264941,-0.135190425,0.054495231,0.03679423,0.057619238,0.232688108,-0.008787334,-0.192192898,0.010634399,0.726199879,0.015188372,1.603904033,0.0145566,2.421396942,0.010994036,3.243185036
2024-11-20,0.25,0.691818008,0.098058843,0.377698168,0.077965306,0.225809557,0.067655404,0.072905364,0.065105027,0.04590464,0,-0.2481898,0.022607765,-0.369659654,0.038938447,-0.2282946,0.05177047,-0.041610162,0.056466853,0.165613808,-0.007092238,-0.155118462,0.007089072,0.484097221,0.012960311,1.368619042,0.013474158,2.241339683,0.01063231,3.136477848
2024-11-21,0,-0.22521692,0.078447074,0.186372798,0.070168776,0.119953365,0.064272634,0.005712669,0.063802926,-0.003844996,0.2,0.644023639,0.058086212,0.194884241,0.055044602,0.1183025,0.059181946,0.171653383,0.059337516,0.332700109,0.086039013,1.881809335,0.02287906,1.56236098,0.020268181,2.140335862,0.0171024,2.844874584,0.012140444,3.581369782
2024-11-22,0.4,1.242038965,0.142757659,0.81376377,0.103151898,0.567776624,0.081059002,0.339143925,0.070526868,0.253058091,0.090909091,0.157361763,0.064650788,0.299341778,0.058631051,0.195481241,0.060768303,0.21730045,0.059968948,0.369452439,-0.034828128,-0.761746268,0.011337622,0.774221442,0.01475855,1.558514509,0.014505874,2.412959072,0.011201073,3.304259945
2024-11-25,-0.333333333,-1.447930157,0.047539461,-0.115150776,0.059503375,-0.02485447,0.060339385,-0.072414294,0.062449663,-0.055549391,0,-0.2481898,0.05172063,0.093593158,0.052767946,0.069309899,0.057729888,0.129870747,0.058769569,0.299642853,0.025863376,0.565672949,0.014242773,0.972607829,0.015869033,1.675782336,0.015073749,2.507421449,0.011494319,3.390766053
2024-11-26,0.333333333,0.997496317,0.104698235,0.442469699,0.086886371,0.346933934,0.073989083,0.198712591,0.067867337,0.151444829,0.285714286,1.026400827,0.098519361,0.838268874,0.07606258,0.570599774,0.069129108,0.457880696,0.063308463,0.563828193,-0.005283794,-0.115564925,0.01033746,0.705922522,0.01375375,1.452406828,0.014055872,2.338104119,0.011158757,3.291776883
2024-11-27,0.285714286,0.822822998,0.140901445,0.795655214,0.106769162,0.61688947,0.084575343,0.408989761,0.072224276,0.317911339,0,-0.2481898,0.078815489,0.524734835,0.068456322,0.406916579,0.065672653,0.358421981,0.062042294,0.490131091,0.023524102,0.514509325,0.012974788,0.88601991,0.014730785,1.555582506,0.014529283,2.416853083,0.011406064,3.364731172
2024-11-29,0,-0.22521692,0.112721156,0.520738435,0.096092246,0.471925286,0.080346576,0.324992847,0.07077979,0.262721568,0,-0.2481898,0.063052391,0.273907604,0.06161069,0.259601704,0.06238902,0.263936202,0.060801448,0.417907932,-0.015272816,-0.33404066,0.007325267,0.500226481,0.011730425,1.238742115,0.013039178,2.168983678,0.010872486,3.207328473
2024-12-02,0.5,1.608852936,0.190176925,1.276369095,0.136483022,1.020324811,0.101329247,0.741776173,0.079364195,0.590707757,0,-0.2481898,0.050441913,0.073245819,0.055449621,0.127018316,0.059269569,0.174174712,0.059585419,0.347129235,0.071073533,1.554490617,0.02007492,1.370872413,0.017664736,1.865409989,0.015940896,2.651665804,0.012076507,3.562508575
2024-12-03,0.285714286,0.822822998,0.209284397,1.462774731,0.151406148,1.222941259,0.110548499,0.924900164,0.083491196,0.748389009,0.125,0.309443599,0.06535353,0.310524033,0.062404659,0.276687553,0.062556091,0.268743619,0.060893711,0.423278059,-0.014339894,-0.313636177,0.013191957,0.900849926,0.014464273,1.527438581,0.014426857,2.399815043,0.011548179,3.406654474
2024-12-04,0.2,0.508411022,0.207427518,1.444659682,0.156265533,1.288918813,0.115021074,1.013739887,0.085821372,0.83741855,0,-0.2481898,0.052282824,0.102538963,0.056164193,0.14239558,0.059428286,0.178741758,0.059675836,0.35239196,0.040507721,0.885967946,0.01865511,1.273916676,0.017068618,1.802459434,0.0157309,2.616734264,0.01212737,3.57751285
2024-12-05,0.4,1.242038965,0.245942014,1.820393276,0.18063898,1.619845527,0.12927002,1.296769783,0.092104945,1.077496366,0.105263158,0.22139622,0.062878891,0.271146815,0.061074089,0.248054308,0.06172003,0.244686156,0.060587583,0.405459959,0.104592258,2.287598158,0.03584254,2.44760865,0.025820982,2.726715939,0.020173968,3.3558101,0.013976667,4.123046357
2024-12-06,0.416666667,1.303174627,0.280086945,2.153498955,0.204241749,1.94030848,0.143639853,1.582200863,0.098596179,1.325508365,0.181818182,0.562913326,0.086666749,0.649666486,0.073148499,0.507890076,0.067724937,0.417476001,0.063012195,0.546583963,-0.106602181,-2.331558367,0.007353595,0.502160953,0.012578666,1.328316946,0.01383516,2.301390151,0.01156509,3.411643319
2024-12-09,1,3.442922792,0.424069556,3.558141595,0.283817574,3.020736977,0.18645786,2.432704183,0.116624256,2.014310981,0,-0.2481898,0.069333399,0.373852925,0.065833649,0.350477851,0.06433869,0.320037521,0.061751951,0.473231746,0.013751987,0.300777707,0.008633274,0.589547382,0.012695998,1.34070731,0.013831002,2.300698381,0.011608828,3.424545786
2024-12-10,0.2,0.508411022,0.379255645,3.120953174,0.275435816,2.906934959,0.187134967,2.446153706,0.118291771,2.078022083,0,-0.2481898,0.055466719,0.153202076,0.059250284,0.208806848,0.061121756,0.227470965,0.060516912,0.401346573,-0.009317625,-0.203791201,0.005043094,0.344381858,0.010494635,1.108241728,0.01267357,2.108167105,0.011190299,3.301081823
2024-12-11,0.2,0.508411022,0.343404516,2.771202436,0.267892235,2.804513142,0.187778219,2.458930752,0.119925935,2.140458963,0.1,0.197916919,0.064373376,0.294927511,0.063325255,0.296498375,0.063065668,0.283406594,0.061306574,0.447308661,0.016459125,0.359987112,0.0073263,0.500297022,0.011091084,1.17122721,0.012862848,2.139652245,0.011295676,3.332167365
2024-12-12,-0.5,-2.059286776,0.174723613,1.125612129,0.191103011,1.7619193,0.153389308,1.775856393,0.107527417,1.666746076,0.076923077,0.094969215,0.066883316,0.334866447,0.064685038,0.325760265,0.063758539,0.303343783,0.061618904,0.465487763,0.021363447,0.467252392,0.01013373,0.692010236,0.012118321,1.279704168,0.013287878,2.210353252,0.011497031,3.3915662
2024-12-13,0.2,0.508411022,0.17977889,1.174929601,0.19199271,1.773999049,0.155719842,1.822148306,0.109376868,1.737408476,0.047619048,-0.035758029,0.063030462,0.273558662,0.062978439,0.289035035,0.062951564,0.280123275,0.061338907,0.449190593,-0.023714346,-0.518670274,0.003364114,0.229728019,0.008535054,0.901308393,0.011437767,1.902599121,0.010792804,3.183822627
2024-12-16,0,-0.22521692,0.143823112,0.824157944,0.172793439,1.513323907,0.14793385,1.667493464,0.107189331,1.653828763,0,-0.2481898,0.05042437,0.072966666,0.056680595,0.153508314,0.059803986,0.189552431,0.060112129,0.377786243,0.013919273,0.304436512,0.005475146,0.373885751,0.009073476,0.958166164,0.011561842,1.923238249,0.010855333,3.202268477
2024-12-17,0,-0.22521692,0.11505849,0.543540619,0.155514095,1.278716279,0.140537158,1.520571365,0.105045544,1.571920644,0.083333333,0.123565799,0.057006162,0.177698163,0.059345869,0.210863789,0.060980453,0.223405011,0.060576553,0.404817945,-0.004172344,-0.091255769,0.003545648,0.242124548,0.007748894,0.818289265,0.010775133,1.792374202,0.01055478,3.113606698
2024-12-18,0.375,1.150335472,0.167046792,1.050719822,0.177462686,1.576719883,0.1522603,1.753430666,0.110444633,1.77820481,-0.25,-1.363456599,-0.00439507,-0.799337019,0.028411282,-0.45483438,0.045431431,-0.224014565,0.054365022,0.043277155,-0.018245689,-0.399062081,-0.000812619,-0.055491998,0.005149436,0.543784434,0.009324092,1.551002829,0.00997877,2.943686841
2024-12-19,-0.6,-2.426100747,0.013637433,-0.445886779,0.099716417,0.521131908,0.114647285,1.006315233,0.096235741,1.235322573,0,-0.2481898,-0.003516056,-0.785349879,0.025570154,-0.51597416,0.043159859,-0.289378516,0.053277721,-0.020008926,0.110269854,2.411776173,0.021403875,1.461623839,0.015661477,1.653864301,0.01437138,2.390586823,0.011984592,3.535394114
2024-12-20,0.3,0.875224994,0.070909947,0.112843291,0.119744775,0.793063855,0.123914921,1.190400282,0.100311026,1.391027876,-0.111111111,-0.743863933,-0.025035067,-1.127766961,0.011902027,-0.810105993,0.03544631,-0.511334113,0.049989944,-0.211373237,0.005455608,0.119322784,0.018214222,1.243809382,0.01464089,1.546089522,0.013925591,2.316432753,0.011854012,3.49687377
2024-12-23,0,-0.22521692,0.056727957,-0.025511103,0.107770298,0.630482232,0.117719175,1.067332842,0.098304805,1.314375774,0,-0.2481898,-0.020028054,-1.048093833,0.010711824,-0.835718612,0.033673995,-0.562332087,0.048990146,-0.26956631,0.025527283,0.558322078,0.019676834,1.343687978,0.01572953,1.661050686,0.014505676,2.412926106,0.012127478,3.57754469
2024-12-24,0,-0.22521692,0.045382366,-0.136194619,0.096993268,0.484158772,0.111833216,0.950418773,0.096338709,1.239256715,0.076923077,0.094969215,-0.000637828,-0.739550627,0.01733295,-0.693235023,0.035836449,-0.500107965,0.049548804,-0.237049709,-0.020923586,-0.457631931,0.01155675,0.789185196,0.012064218,1.273990907,0.012734213,2.118254586,0.011466456,3.382546751
2024-12-26,0,-0.22521692,0.036305893,-0.224741431,0.087293941,0.352467658,0.106241555,0.839350408,0.094411935,1.165640037,-0.166666667,-0.991700999,-0.033843595,-1.267930956,-0.001067012,-1.089193786,0.025711293,-0.79145701,0.045224495,-0.488745181,-0.053795104,-1.176584032,-0.001513621,-0.103361842,0.005478286,0.5785113,0.009407747,1.564918339,0.010161225,2.997510133
2024-12-27,0,-0.22521692,0.029044714,-0.295578881,0.078564547,0.233945655,0.100929477,0.733835462,0.092523696,1.093495692,0.294117647,1.063888787,0.031748653,-0.224207047,0.028451454,-0.453969893,0.039131611,-0.405290433,0.050202358,-0.199009764,0.007009358,0.15330574,0.000190975,0.013041267,0.005631393,0.594679536,0.009287827,1.544970506,0.010098188,2.978914433
2024-12-30,0,-0.22521692,0.023235771,-0.352248841,0.070708092,0.127275852,0.095883003,0.633596262,0.090673222,1.022794234,0,-0.2481898,0.025398923,-0.325245902,0.025606309,-0.515196121,0.03717503,-0.461590592,0.049198311,-0.257450107,-0.017788152,-0.389055033,-0.00340485,-0.23250979,0.003289439,0.347367299,0.007934028,1.319774731,0.009540461,2.814387841
2024-12-31,0,-0.22521692,0.018588617,-0.397584809,0.063637283,0.03127303,0.091088853,0.538369023,0.088859758,0.953506806,0.125,0.309443599,0.045319138,-0.008269343,0.035545678,-0.301305441,0.041566279,-0.33523342,0.050714344,-0.169209696,-0.01062989,-0.232492505,-0.004849858,-0.331186215,0.001897506,0.2003781,0.007005833,1.165375297,0.009137054,2.695384808
2025-01-02,0,-0.22521692,0.014870894,-0.433853583,0.057273555,-0.05512951,0.086534411,0.447903146,0.087082563,0.885605126,-0.25,-1.363456599,-0.01374469,-0.948111024,0.00699111,-0.915786687,0.026987965,-0.754721074,0.044700058,-0.519269933,0.043772424,0.957372177,0.004874598,0.332875656,0.006084998,0.642580527,0.008844162,1.47116963,0.009829761,2.899729998
2025-01-03,0,-0.22521692,0.011896715,-0.462868603,0.051546199,-0.132891796,0.08220769,0.361960562,0.085340912,0.819061479,0.083333333,0.123565799,0.005670915,-0.639163988,0.014625332,-0.751501711,0.029805233,-0.673654819,0.045472723,-0.474297108,-0.04435132,-0.970033543,-0.004970585,-0.339430408,0.001041366,0.109969053,0.006184388,1.028733271,0.00874614,2.580067086
2025-01-06,-0.333333333,-1.447930157,-0.057149295,-1.136456674,0.013058246,-0.655456048,0.061430639,-0.050738489,0.076967427,0.49913393,0.142857143,0.389105514,0.033108161,-0.202574149,0.027448513,-0.475552717,0.035457829,-0.511002675,0.047420411,-0.360932336,-0.094148863,-2.059184589,-0.022806241,-1.557388317,-0.008477657,-0.895247231,0.001167726,0.194243645,0.00668824,1.972996956
2025-01-07,0,-0.22521692,-0.045719436,-1.024951075,0.011752421,-0.67318568,0.058359107,-0.11174899,0.075428078,0.440319707,0,-0.2481898,0.026486528,-0.307939583,0.024703662,-0.534620663,0.033684937,-0.562017221,0.046472003,-0.416134227,-0.030974758,-0.677466968,-0.024439944,-1.668950352,-0.010727367,-1.132818384,-0.000439399,-0.073091151,0.00593498,1.75078907
2025-01-08,0,-0.22521692,-0.036575549,-0.935746596,0.010577179,-0.689142349,0.055441152,-0.169708967,0.073919517,0.382681769,0,-0.2481898,0.021189223,-0.392231931,0.022233296,-0.587781814,0.032000691,-0.61048104,0.045542563,-0.47023208,-0.026056676,-0.569900724,-0.024763291,-1.691030962,-0.012260298,-1.294697086,-0.001720263,-0.286154635,0.005295147,1.562041532
2025-01-10,-0.4,-1.692472805,-0.109260439,-1.64483428,-0.030480539,-1.246597184,0.032669094,-0.622035261,0.064441126,0.020538859,0.266666667,0.941428119,0.070284712,0.388990495,0.046676633,-0.061772373,0.043733989,-0.272858047,0.049965045,-0.21282249,0.044952549,0.983183359,-0.010820123,-0.738882523,-0.006539013,-0.690524937,0.000613378,0.102031498,0.006088295,1.7960162
2025-01-13,-0.2,-0.958844862,-0.127408351,-1.821878794,-0.047432485,-1.476759619,0.021035639,-0.853113082,0.059152304,-0.181532328,0.142857143,0.389105514,0.084799198,0.619949438,0.056294684,0.145203688,0.048690147,-0.130245741,0.051822887,-0.104687211,0.020393015,0.4460275,-0.004577495,-0.31258714,-0.003845811,-0.406120606,0.00160236,0.266542282,0.006374389,1.880412606
2025-01-14,0,-0.22521692,-0.101926681,-1.573288771,-0.042689236,-1.412358894,0.019983857,-0.874004854,0.057969258,-0.226733225,-0.0625,-0.5270065,0.055339358,0.151175465,0.044415215,-0.110437041,0.04313064,-0.290219296,0.049536429,-0.237769978,0.007731565,0.169101551,-0.002115683,-0.144475384,-0.002688073,-0.283862617,0.00190882,0.317519977,0.006401533,1.888419805
2025-01-15,0,-0.22521692,-0.081541345,-1.374416753,-0.038420313,-1.354398242,0.018984664,-0.893852038,0.056809873,-0.271030105,-0.166666667,-0.991700999,0.010938153,-0.555350082,0.023307027,-0.564675603,0.032640774,-0.592062775,0.045212368,-0.489451045,0.02634626,0.576234392,0.003576705,0.244245389,0.00021536,0.022742219,0.003130692,0.520770544,0.006800427,2.006091684
2025-01-16,0,-0.22521692,-0.065233076,-1.215319139,-0.034578281,-1.302233655,0.018035431,-0.912706862,0.055673675,-0.314441047,-0.090909091,-0.653741363,-0.009431296,-0.879474979,0.011885415,-0.810463469,0.026463281,-0.769818732,0.042489938,-0.647909432,0.033004179,0.721853611,0.0094622,0.646152952,0.003494242,0.368994716,0.004624366,0.769233687,0.007324502,2.160691175
2025-01-17,0,-0.22521692,-0.052186461,-1.088041047,-0.031120453,-1.255285526,0.01713366,-0.930618945,0.054560202,-0.35698377,0,-0.2481898,-0.007545036,-0.849460248,0.010696874,-0.836040339,0.025140117,-0.807892476,0.04164014,-0.697371781,0.017203743,0.376273089,0.011010509,0.751883566,0.004865192,0.513768125,0.005253335,0.87385862,0.007522087,2.218977702
2025-01-21,0,-0.22521692,-0.041749168,-0.986218574,-0.028008408,-1.213032211,0.016276977,-0.947635424,0.053468998,-0.398675638,0.181818182,0.562913326,0.030327607,-0.246819164,0.027809005,-0.467795107,0.03297402,-0.582473699,0.0444437,-0.534191142,0.020671153,0.452110826,0.012942638,0.883824422,0.006445788,0.680680313,0.006024226,1.002091374,0.007785068,2.296555865
2025-01-22,0.25,0.691818008,0.016600665,-0.416978553,-0.000207567,-0.835570581,0.027963128,-0.715510882,0.057399618,-0.248497587,-0.333333333,-1.735212199,-0.042404581,-1.404155976,-0.008305229,-1.24495691,0.014658653,-1.109494221,0.03688816,-0.973959715,0.039584457,0.8657747,0.018271002,1.247686736,0.009759655,1.030627252,0.007702238,1.281217827,0.008421056,2.484169048
2025-01-23,0.25,0.691818008,0.063280532,0.038413463,0.02481319,-0.495855115,0.039064971,-0.494992566,0.061251625,-0.101323098,0.090909091,0.157361763,-0.015741847,-0.979890396,0.001616203,-1.031452229,0.018471175,-0.999789774,0.037968578,-0.911074188,-0.062998143,-1.377869049,0.002017173,0.137748313,0.002483875,0.262299199,0.004167219,0.693190096,0.006992672,2.062802985
2025-01-24,0,-0.22521692,0.050624426,-0.085054966,0.022331871,-0.52954484,0.037111723,-0.533790364,0.060026593,-0.14812818,-0.055555556,-0.496026867,-0.023704588,-1.106595977,-0.004100973,-1.154483239,0.014769838,-1.106294886,0.036098096,-1.019945218,0.019846108,0.434065784,0.00558296,0.381248114,0.004220099,0.445645738,0.004951163,0.823594228,0.007249741,2.13863696
2025-01-27,-0.5,-2.059286776,-0.059500459,-1.159393792,-0.029901316,-1.238732884,0.010256137,-1.067228667,0.048826061,-0.576069324,0,-0.2481898,-0.018963671,-1.031157046,-0.003690876,-1.145658133,0.014031346,-1.127544822,0.035376134,-1.061966852,0.058379613,1.276854506,0.01614229,1.102321714,0.00963605,1.01757446,0.007622586,1.26796822,0.008272338,2.440298046
2025-01-28,-0.25,-1.142251848,-0.097600368,-1.531082812,-0.051911185,-1.537568479,-0.00275667,-1.325704857,0.04284954,-0.804415563,0,-0.2481898,-0.015170937,-0.970805901,-0.003321788,-1.137715537,0.013329779,-1.147732261,0.034668611,-1.103148052,0.000875543,0.01914952,0.013088941,0.89381516,0.00876,0.925062821,0.007285234,1.211851861,0.008124402,2.396657703
2025-01-29,0,-0.22521692,-0.078080294,-1.340651986,-0.046720066,-1.467086868,-0.002618837,-1.322967041,0.041992549,-0.837158796,0,-0.2481898,-0.012136749,-0.922524985,-0.002989609,-1.130567201,0.01266329,-1.166910328,0.033975239,-1.143505629,0.012246981,0.267860845,0.012920549,0.882316035,0.009108698,0.961885616,0.007533321,1.253119601,0.008206854,2.420980499
2025-01-30,-0.5,-2.059286776,-0.162464235,-2.163871408,-0.09204806,-2.082520709,-0.027487895,-1.81694651,0.031152698,-1.251319328,0,-0.2481898,-0.009709399,-0.883900252,-0.002690648,-1.124133699,0.012030125,-1.185129492,0.033295734,-1.183056054,-0.010802469,-0.236267091,0.008175945,0.558317429,0.007117581,0.751622133,0.006616531,1.10061755,0.007826667,2.308827412
2025-01-31,-0.222222222,-1.040359078,-0.174415833,-2.2804669,-0.105065476,-2.259262671,-0.037224611,-2.010349008,0.026085199,-1.444934336,0.151515152,0.427729472,0.022535511,-0.370809384,0.012729932,-0.792289866,0.019004377,-0.984447003,0.035660122,-1.045437354,0.282995358,6.189556219,0.063139828,4.311680764,0.034705359,3.664913103,0.020435473,3.399309773,0.013330041,3.932294912
2025-02-03,0.1,0.141597051,-0.119532666,-1.745046439,-0.084558928,-1.980838183,-0.030363381,-1.874062905,0.027563495,-1.38845276,0.153846154,0.43812823,0.048797639,0.047081635,0.026841554,-0.488614207,0.025746466,-0.790444936,0.038023843,-0.907857518,-0.00992222,-0.217014655,0.048527418,3.313831267,0.030242601,3.193642368,0.018917588,3.146819401,0.012864996,3.795108915
2025-02-04,0.04,-0.078491332,-0.087626133,-1.433777761,-0.072103036,-1.811720219,-0.026845212,-1.804180754,0.027812226,-1.378949476,0.105263158,0.22139622,0.060090743,0.226780953,0.034683714,-0.319854499,0.0297223,-0.676041203,0.039368629,-0.82958453,-0.006779352,-0.148275155,0.037466064,2.558475589,0.026540405,2.802687642,0.017632741,2.933093345,0.012472109,3.679209244
2025-02-05,-1,-3.893356632,-0.270100906,-3.213936112,-0.164892732,-3.071558016,-0.075502951,-2.770679933,0.007255981,-2.164346358,0.041666667,-0.062312,0.056405928,0.168147046,0.035382009,-0.304827505,0.030319518,-0.658856382,0.03941459,-0.826909395,0.104560369,2.286900701,0.050884925,3.474820258,0.034342402,3.626584579,0.021979122,3.656086003,0.014313874,4.222520683
2025-02-06,0.181818182,0.441717573,-0.179717089,-2.33218405,-0.130221641,-2.600816618,-0.062636894,-2.515118673,0.010747225,-2.030955642,0.130434783,0.33368853,0.071211699,0.403741,0.044887287,-0.100278282,0.035325282,-0.514816689,0.041234994,-0.720953192,0.003313587,0.072473386,0.041370657,2.825111726,0.03123952,3.298917858,0.021045846,3.500841398,0.014093869,4.157620097
2025-02-07,0,-0.22521692,-0.143773671,-1.981532976,-0.117199477,-2.424010193,-0.05950505,-2.452910166,0.010532281,-2.039168073,0.075,0.08639024,0.071969359,0.415797121,0.047898558,-0.0354771,0.037309018,-0.457735141,0.041910294,-0.681647498,0.039900038,0.872676961,0.041076534,2.80502665,0.032105572,3.390373605,0.021988555,3.657655095,0.014609992,4.309873893
2025-02-10,-0.166666667,-0.836573539,-0.14835227,-2.026200145,-0.122146196,-2.491173508,-0.06486313,-2.559338882,0.006988302,-2.174573644,-0.052631579,-0.48298281,0.047049171,0.019259478,0.037845544,-0.25181336,0.032811988,-0.587136147,0.040019457,-0.791703273,-0.053304713,-1.165858413,0.022200284,1.516008862,0.023564544,2.488434291,0.018223892,3.031427489,0.013251698,3.909183988
2025-02-11,0.4,1.242038965,-0.038681816,-0.956294585,-0.069931576,-1.782237562,-0.041619974,-2.097655048,0.014848536,-1.874255984,-0.052631579,-0.48298281,0.027113021,-0.297970637,0.028797832,-0.446515993,0.028539809,-0.710067103,0.038166436,-0.899557934,0.063650345,1.392133757,0.030490296,2.082115666,0.027573124,2.911743502,0.020495215,3.409247442,0.014259671,4.206530921
2025-02-12,0,-0.22521692,-0.030945453,-0.880821404,-0.062938418,-1.687289043,-0.039538975,-2.056319722,0.014551565,-1.885602408,-0.1,-0.69429652,0.001690417,-0.702502888,0.015918049,-0.72368304,0.022112819,-0.895002286,0.035403107,-1.06039687,0.005029443,0.11000188,0.025398126,1.734382468,0.025318756,2.673680467,0.019721926,3.28061585,0.014075066,4.15207351
2025-02-13,0,-0.22521692,-0.024756362,-0.82044286,-0.056644577,-1.601835375,-0.037562026,-2.017051162,0.014260534,-1.896721904,0.1,0.197916919,0.021352334,-0.38963646,0.024326244,-0.542742525,0.026007178,-0.782942994,0.036695045,-0.985199913,0.025784571,0.563949355,0.025475415,1.739660362,0.025365337,2.678599509,0.020025058,3.331039952,0.014309256,4.221158404
2025-02-14,0,-0.22521692,-0.01980509,-0.772140024,-0.050980119,-1.524927075,-0.035683925,-1.97974603,0.013975323,-1.90761901,0.064516129,0.039620987,0.029985093,-0.252269359,0.028345232,-0.45625573,0.027932626,-0.72753868,0.037251467,-0.952813512,0.024144188,0.528071594,0.025209169,1.721479051,0.025243222,2.665704079,0.020231015,3.365299493,0.014505955,4.279183508
2025-02-18,0.111111111,0.182354159,0.00637815,-0.516705737,-0.034770996,-1.304850207,-0.028344173,-1.833954956,0.015918039,-1.833393248,-0.25,-1.363456599,-0.026011926,-1.143311036,0.000510709,-1.055241947,0.014035994,-1.127411072,0.031506437,-1.287201673,-0.169142555,-3.699415284,-0.013661175,-0.932891794,0.005804645,0.612975021,0.010762336,1.790245581,0.010832985,3.195675837
2025-02-19,-0.266666667,-1.20338751,-0.048230813,-1.04945117,-0.057960563,-1.619702978,-0.040260298,-2.070647512,0.010266345,-2.049328748,-0.208333333,-1.177578799,-0.062476207,-1.723541831,-0.020373695,-1.50466478,0.002917528,-1.447342402,0.026709642,-1.566398088,0.046351146,1.013772906,-0.001658711,-0.113269751,0.009859295,1.041149261,0.012541777,2.086244092,0.011543348,3.405229405
2025-02-20,-0.333333333,-1.447930157,-0.105251317,-1.605722728,-0.08549784,-1.993586111,-0.05491395,-2.361716159,0.003394351,-2.311888493,-0.05,-0.47124316,-0.059980966,-1.683836786,-0.023336326,-1.568419234,0.000271652,-1.523476891,0.025175449,-1.655695443,-0.10958398,-2.396775032,-0.023243765,-1.587265876,-0.002085033,-0.220181097,0.006435489,1.070502286,0.009120801,2.690590393
2025-02-21,0,-0.22521692,-0.084201054,-1.400363918,-0.076948056,-1.877502737,-0.052168252,-2.307177777,0.003326464,-2.314482267,-0.238095238,-1.310348656,-0.09560382,-2.250678536,-0.044812217,-2.030570597,-0.011646693,-1.866424532,0.019910035,-1.962167684,-0.054547308,-1.193035925,-0.029504474,-2.014795973,-0.00733126,-0.774186838,0.003386349,0.563297438,0.007847439,2.314954974
2025-02-24,-0.111111111,-0.632787999,-0.089583065,-1.45286889,-0.080364362,-1.923887099,-0.055115395,-2.365717513,0.001037713,-2.401929091,0,-0.2481898,-0.076483056,-1.946423093,-0.040330995,-1.934136755,-0.011064358,-1.849667985,0.019511835,-1.985344868,-0.016436821,-0.359499284,-0.026890943,-1.836323693,-0.008241816,-0.870342275,0.002395191,0.398424579,0.007361754,2.171680289
2025-02-25,-0.5,-2.059286776,-0.171666452,-2.253644931,-0.122327925,-2.493640917,-0.077359625,-2.807559459,-0.008983042,-2.784794217,0,-0.2481898,-0.061186445,-1.703018739,-0.036297896,-1.847346297,-0.01051114,-1.833749266,0.019121598,-2.008058509,0.030843426,0.674594532,-0.015344069,-1.047812929,-0.004333292,-0.457599046,0.003817602,0.635033653,0.007831387,2.310219785
2025-02-26,-0.2,-0.958844862,-0.177333162,-2.308927315,-0.130095133,-2.599098979,-0.083491644,-2.92936107,-0.012803381,-2.930758742,-0.181818182,-1.059292927,-0.085312792,-2.086924554,-0.050849924,-2.160499301,-0.019076492,-2.080215316,0.015102802,-2.241971617,-0.12980089,-2.838950836,-0.038235433,-2.61101413,-0.016880052,-1.782546728,-0.002863322,-0.476295293,0.005078742,1.498203237
2025-02-27,0,-0.22521692,-0.141866529,-1.962927588,-0.11708562,-2.422464318,-0.079317062,-2.846440443,-0.012547313,-2.920975111,0,-0.2481898,-0.068250234,-1.815419907,-0.045764932,-2.051072589,-0.018122668,-2.05276923,0.014800746,-2.259552722,0.10715178,2.343578951,-0.009157991,-0.625379164,-0.004476869,-0.472760855,0.002637433,0.438720023,0.007120203,2.100423857
2025-02-28,-0.2,-0.958844862,-0.153493223,-2.07635344,-0.125377058,-2.53504004,-0.085351209,-2.966298005,-0.016296367,-3.064216018,0.1,0.197916919,-0.034600187,-1.279970076,-0.031188439,-1.737393118,-0.012216534,-1.882821591,0.016504731,-2.160372648,-0.094748719,-2.0723044,-0.026276137,-1.794339899,-0.013504054,-1.42603868,-0.002231875,-0.371258055,0.005082824,1.499407499
2025-03-03,0,-0.22521692,-0.122794579,-1.776868488,-0.112839352,-2.364811273,-0.081083648,-2.881530531,-0.01597044,-3.051763242,0,-0.2481898,-0.02768015,-1.169856325,-0.028069595,-1.670277024,-0.011605708,-1.865245191,0.016174637,-2.179585733,0.077220491,1.688934305,-0.005576811,-0.380828233,-0.004431599,-0.467980372,0.001740743,0.289561505,0.006525578,1.92501245
2025-03-04,0,-0.22521692,-0.098235663,-1.537280527,-0.101555417,-2.211605383,-0.077029466,-2.80100143,-0.015651031,-3.039559521,0,-0.2481898,-0.02214412,-1.081765324,-0.025262635,-1.609872539,-0.011025422,-1.848547612,0.015851144,-2.198414556,0.013375782,0.292549521,-0.001786292,-0.121982003,-0.002650861,-0.279933025,0.002322495,0.386332208,0.006662582,1.965427966
2025-03-05,0.142857143,0.298803039,-0.050017102,-1.066877562,-0.077114161,-1.879757998,-0.066035136,-2.582618672,-0.012480867,-2.918436399,0,-0.2481898,-0.017715296,-1.011292523,-0.022736372,-1.555508503,-0.010474151,-1.832684911,0.015534121,-2.216866803,-0.085480784,-1.869599979,-0.018525191,-1.265044756,-0.010933853,-1.154623503,-0.002067669,-0.343943396,0.004819714,1.421791412
2025-03-06,0.2,0.508411022,-1.37E-05,-0.579062152,-0.049402745,-1.503510519,-0.052733379,-2.318403007,-0.00823125,-2.756070349,0.1,0.197916919,0.005827763,-0.636668169,-0.010462735,-1.291385441,-0.004950444,-1.673741488,0.017223439,-2.118540447,0.024679768,0.539785574,-0.009884199,-0.674970327,-0.007372491,-0.778540866,-0.000730297,-0.121480173,0.005216915,1.538963724
2025-03-07,0.142857143,0.298803039,0.028560483,-0.300302863,-0.030176756,-1.242472621,-0.042953853,-2.12415017,-0.005209482,-2.640617011,0.071428571,0.070457857,0.018947925,-0.427896146,-0.002273604,-1.115159094,-0.001131493,-1.563852052,0.018307541,-2.055440492,-0.075792638,-1.657704914,-0.023065887,-1.575118965,-0.014214506,-1.501062986,-0.004483414,-0.745787118,0.003596724,1.061015534
2025-03-10,-0.428571429,-1.797276797,-0.062865899,-1.192225812,-0.070016223,-1.783386846,-0.062234732,-2.507130426,-0.013676721,-2.964126641,0.090909091,0.157361763,0.033340158,-0.198882532,0.007044666,-0.914634194,0.003470536,-1.431429713,0.019759572,-1.97092535,0.101537235,2.220779968,0.001854737,0.126655967,-0.002639332,-0.278715524,0.000817619,0.136005612,0.005555535,1.638854659
2025-03-11,0.166666667,0.386139699,-0.016959386,-0.744378358,-0.046347934,-1.462034301,-0.050789662,-2.279794533,-0.010069853,-2.826318264,0,-0.2481898,0.026672127,-0.30498629,0.006340199,-0.929793992,0.003297009,-1.436422907,0.019364381,-1.993927381,-0.007606638,-0.1663692,-3.75E-05,-0.002563356,-0.003136063,-0.331170662,0.000396406,0.065939563,0.005292291,1.561199171
2025-03-12,0.125,0.233300544,0.011432491,-0.467397402,-0.029213141,-1.229389285,-0.042000179,-2.105207134,-0.007368456,-2.723105402,0.166666667,0.495321399,0.054671035,0.140540894,0.022372846,-0.584778763,0.011465492,-1.201376679,0.022310427,-1.822453442,0.001508842,0.033000757,0.000271738,0.018556416,-0.002671572,-0.282120108,0.000452028,0.075191893,0.005216622,1.538877202
2025-03-13,0.363636364,1.108652066,0.081873266,0.219797494,0.01007181,-0.696003928,-0.021718351,-1.702344825,5.16E-05,-2.439604173,0,-0.2481898,0.043736828,-0.033447549,0.020135561,-0.632924104,0.010892218,-1.217872525,0.021864218,-1.848424911,0.001508842,0.033000757,0.000271738,0.018556416,-0.002671572,-0.282120108,0.000452028,0.075191893,0.005216622,1.538877202
2025-03-14,0,-0.22521692,0.065498613,0.060052259,0.009064629,-0.709678772,-0.020632434,-1.68077501,5.06E-05,-2.439643633,-0.25,-1.363456599,-0.015010538,-0.968253589,-0.006877995,-1.214243483,-0.002152393,-1.593228224,0.016426934,-2.164900844,0.001508842,0.033000757,0.000271738,0.018556416,-0.002671572,-0.282120108,0.000452028,0.075191893,0.005216622,1.538877202
