date,news_spy_SMA1,news_spy_SMA1_scaled,news_spy_EMA0.2,news_spy_EMA0.2_scaled,news_spy_EMA0.1,news_spy_EMA0.1_scaled,news_spy_EMA0.05,news_spy_EMA0.05_scaled,news_spy_EMA0.02,news_spy_EMA0.02_scaled,reddit_spy_SMA1,reddit_spy_SMA1_scaled,reddit_spy_EMA0.2,reddit_spy_EMA0.2_scaled,reddit_spy_EMA0.1,reddit_spy_EMA0.1_scaled,reddit_spy_EMA0.05,reddit_spy_EMA0.05_scaled,reddit_spy_EMA0.02,reddit_spy_EMA0.02_scaled,stock_spy_SMA1,stock_spy_SMA1_scaled,stock_spy_EMA0.2,stock_spy_EMA0.2_scaled,stock_spy_EMA0.1,stock_spy_EMA0.1_scaled,stock_spy_EMA0.05,stock_spy_EMA0.05_scaled,stock_spy_EMA0.02,stock_spy_EMA0.02_scaled
2024-03-01,0.15,1.714859122,0.026149983,1.394540376,0.001571255,1.13868403,-0.006546811,1.100749992,0.003200749,1.479676841,0,0.226542634,-0.028124472,0.302228031,0.010631882,1.000957354,0.112801675,1.651680267,0.419381348,1.918333214,-0.003495953,-0.428993619,0.00143916,0.525340746,0.001718463,0.945550025,0.001796939,1.389571479,0.001108527,0.900941714
2024-03-04,0.066666667,0.955166079,0.03425332,1.569818847,0.008080796,1.332567194,-0.002886137,1.247348218,0.004470068,1.541046446,0,0.226542634,-0.022499578,0.370753528,0.009568694,0.982735516,0.107161591,1.583425143,0.410993721,1.871439595,0.000607525,0.074550353,0.001272833,0.464625966,0.001607369,0.884422896,0.001737469,1.343582847,0.001098507,0.892798057
2024-03-05,-0.027777778,0.094180631,0.0218471,1.301467267,0.004494938,1.225764372,-0.004130719,1.197506707,0.003825111,1.509863764,0.333333333,1.660622487,0.048667005,1.237743202,0.041945158,1.537631316,0.118470178,1.720279319,0.409440513,1.862755907,0.005073068,0.622523746,0.00203288,0.742068238,0.001953939,1.075116046,0.001904249,1.472553639,0.001177998,0.95740358
2024-03-06,0.035087719,0.6672824,0.024495224,1.358747262,0.007554217,1.316883315,-0.002169797,1.276035329,0.004450363,1.540093752,0.5,2.377662414,0.138933604,2.33741958,0.087750642,2.322685262,0.137546669,1.951139056,0.411251703,1.872881923,0.004521116,0.554792858,0.002530527,0.923725896,0.002210657,1.216369808,0.002035092,1.573734682,0.00124486,1.011745142
2024-03-07,0.04,0.712064306,0.027596179,1.425822184,0.010798795,1.413521326,-6.13E-05,1.360473572,0.005161356,1.574469166,-0.25,-0.849017256,0.061146883,1.389779809,0.053975578,1.743819044,0.118169336,1.716638587,0.398026669,1.798943285,-0.009661211,-1.185541587,9.22E-05,0.033648532,0.00102347,0.563143995,0.001450277,1.121497693,0.001026739,0.834469614
2024-03-08,-0.105263158,-0.612200619,0.001024312,0.851061873,-0.0008074,1.067837078,-0.0053214,1.14982377,0.002952865,1.467692032,0,0.226542634,0.048917506,1.24079495,0.04857802,1.651311037,0.112260869,1.645135547,0.390066136,1.754437465,0.005818087,0.713946094,0.001237361,0.451677572,0.001502932,0.826958197,0.001668667,1.290378852,0.001122566,0.912351801
2024-03-11,-0.125,-0.792127918,-0.02418055,0.305870439,-0.01322666,0.697936137,-0.01130533,0.910186603,0.000393808,1.343965518,0,0.226542634,0.039134005,1.121607063,0.043720218,1.568053832,0.106647826,1.57720766,0.382264813,1.710821761,0.007128187,0.874710492,0.002415526,0.881746798,0.002065457,1.136476649,0.001941643,1.501470931,0.001242678,1.00997171
2024-03-12,-0.043478261,-0.048949942,-0.028040093,0.222386972,-0.01625182,0.607833382,-0.012913977,0.845765478,-0.000483633,1.301542566,0,0.226542634,0.031307204,1.026256753,0.039348196,1.493122346,0.101315434,1.512676166,0.374619517,1.668078371,-0.000270781,-0.033227901,0.001878265,0.685628661,0.001831833,1.007929818,0.001831022,1.415927662,0.001212409,0.985370802
2024-03-13,-0.090909091,-0.481344401,-0.040613892,-0.049589434,-0.023717547,0.38547074,-0.016813732,0.689592793,-0.002292143,1.214103909,0,0.226542634,0.025045763,0.949976505,0.035413377,1.42568401,0.096249663,1.451371248,0.367127126,1.626189849,-0.010009801,-1.228317616,-0.000499348,-0.182278645,0.00064767,0.356367521,0.001238981,0.958102799,0.000987965,0.802956513
2024-03-14,-0.2,-1.475851657,-0.072491114,-0.739106714,-0.041345793,-0.13957701,-0.025973046,0.322791725,-0.0062463,1.022926447,-0.25,-0.849017256,-0.029963389,0.279825349,0.006872039,0.936517917,0.07893718,1.241859169,0.354784584,1.557185053,0.007428323,0.911540605,0.001086186,0.396493721,0.001325735,0.729459414,0.001548448,1.197413417,0.001116772,0.907642962
2024-03-15,0.133333333,1.562920513,-0.031326224,0.151306603,-0.02387788,0.380695319,-0.018007727,0.641777152,-0.003454707,1.157895691,-0.4,-1.49435319,-0.103970712,-0.621771751,-0.033815165,0.239185479,0.054990321,0.952059249,0.339688892,1.472787927,-0.003599158,-0.44165802,0.000149117,0.054432692,0.000833246,0.458477002,0.001291068,0.998381482,0.001022454,0.830986671
2024-03-18,-0.210526316,-1.571812883,-0.067166243,-0.623927584,-0.042542724,-0.175226951,-0.027633656,0.25628961,-0.007596139,0.957663767,0,0.226542634,-0.083176569,-0.368446298,-0.030433649,0.29714083,0.052240805,0.918785176,0.332895114,1.434805214,0.007068235,0.867353669,0.001532941,0.559573988,0.001456745,0.801544824,0.001579926,1.221755381,0.001143369,0.929259374
2024-03-19,0,0.347411645,-0.053732994,-0.333360949,-0.038288451,-0.04851575,-0.026251973,0.311621567,-0.007444216,0.965009002,0,0.226542634,-0.066541255,-0.165785936,-0.027390284,0.349300645,0.049628764,0.887174807,0.326237212,1.397582155,0.014773952,1.812933731,0.004181143,1.52625527,0.002788466,1.53429757,0.002239627,1.731901776,0.001415981,1.150821178
2024-03-20,0.130434783,1.536496408,-0.016899439,0.463363849,-0.021416128,0.454017276,-0.018417636,0.62536162,-0.004686636,1.098333784,0,0.226542634,-0.053233004,-0.003657646,-0.024651255,0.396244478,0.047147326,0.857144957,0.319712468,1.361103557,-0.002445612,-0.300104658,0.002855792,1.042458414,0.002265058,1.246302913,0.002005365,1.550747228,0.001338749,1.088051933
2024-03-21,0.2,2.170674947,0.026480449,1.401688481,0.000725485,1.113493236,-0.007496754,1.062707841,-0.000592904,1.296259513,0,0.226542634,-0.042586403,0.126044986,-0.02218613,0.438493928,0.04478996,0.828616599,0.313318218,1.325354531,-0.004424401,-0.542924822,0.001399754,0.510956257,0.001596112,0.878228802,0.001683877,1.30214062,0.001223486,0.994373339
2024-03-22,-0.166666667,-1.17197444,-0.012148974,0.566118332,-0.01601373,0.614924767,-0.015455249,0.743995665,-0.003914379,1.135671254,0,0.226542634,-0.034069123,0.229807092,-0.019967517,0.476518433,0.042550462,0.801514659,0.307051854,1.290320486,0.002751049,0.337585392,0.001670013,0.609609788,0.001711606,0.941776929,0.001737236,1.343402788,0.001254037,1.019203511
2024-03-25,-0.033333333,0.043534428,-0.016385846,0.47447307,-0.017745691,0.563339266,-0.016349154,0.708197674,-0.004502758,1.107224023,-0.333333333,-1.20753722,-0.093921965,-0.499352501,-0.051304098,-0.060554965,0.023756272,0.574071273,0.29424415,1.218715063,0.000921045,0.113022823,0.001520219,0.554930207,0.00163255,0.898277906,0.001696426,1.311844815,0.001247377,1.013790805
2024-03-26,0,0.347411645,-0.013108677,0.545359573,-0.015971122,0.616193846,-0.015531696,0.740934228,-0.004412703,1.111578053,0,0.226542634,-0.075137572,-0.270510898,-0.046173689,0.027374429,0.022568458,0.559696599,0.288359267,1.185813807,0.002875193,0.352819286,0.001791214,0.653852279,0.001756814,0.966651898,0.001755365,1.357421795,0.001279934,1.040250558
2024-03-27,0.038461538,0.698039203,-0.002794634,0.768456524,-0.010527856,0.778318579,-0.012832034,0.849047004,-0.003555218,1.153036135,0,0.226542634,-0.060110058,-0.087437616,-0.04155632,0.106510884,0.021440036,0.546040659,0.282592082,1.153570576,0.001184854,0.145395219,0.001669942,0.609584,0.001699618,0.935180942,0.001726839,1.335363035,0.001278032,1.038705062
2024-03-28,-0.125,-0.792127918,-0.027235707,0.239786159,-0.02197507,0.437369489,-0.018440432,0.624448675,-0.005984114,1.035602739,0,0.226542634,-0.048088046,0.05902101,-0.037400688,0.177733694,0.020368034,0.533067516,0.27694024,1.12197221,-0.010671338,-1.309495848,-0.000798314,-0.291410967,0.000462522,0.254493762,0.00110693,0.855988093,0.001039045,0.844470959
2024-04-01,0,0.347411645,-0.021788566,0.357610045,-0.019777563,0.502821046,-0.017518411,0.661372678,-0.005864431,1.041389194,,,,,,,,0.526905273,0.274170838,1.10648901,-0.001003479,-0.12313842,-0.000839347,-0.306389376,0.000315922,0.173829951,0.00100141,0.774389216,0.000998194,0.811270232
2024-04-02,-0.086956522,-0.44531153,-0.034822157,0.07568816,-0.026495459,0.302732151,-0.020990316,0.522334018,-0.007486273,0.962975618,0,0.226542634,-0.038470437,0.176187911,-0.033660619,0.241834223,0.019349632,0.52074303,0.271401436,1.091005811,0.011203074,1.374745998,0.001569137,0.572786925,0.001404638,0.772873768,0.001511493,1.168836102,0.001202292,0.977148072
2024-04-03,-0.029411765,0.079284689,-0.033740078,0.099093957,-0.026787089,0.294046092,-0.021411389,0.505471421,-0.007924783,0.941774338,-0.375,-1.386797201,-0.105776349,-0.643769006,-0.067794557,-0.343182686,-0.00036785,0.282126158,0.258473407,1.018727674,-0.017305947,-2.123638584,-0.00220588,-0.805218877,-0.000466421,-0.256638793,0.000570621,0.441260676,0.000832127,0.676301162
2024-04-04,-0.078947368,-0.372297553,-0.042781536,-0.09647646,-0.032003117,0.138689523,-0.024288188,0.390264866,-0.009345235,0.873097666,0,0.226542634,-0.08462108,-0.386044102,-0.061015101,-0.22699052,-0.000349457,0.28234874,0.253303939,0.989826165,0.009116311,1.118676134,5.86E-05,0.021375808,0.000491852,0.270631902,0.000997905,0.771679377,0.000997811,0.810958552
2024-04-05,0.027027027,0.593798578,-0.028819824,0.205521069,-0.026100103,0.314507614,-0.021722427,0.493015339,-0.00861779,0.908268532,0,0.226542634,-0.067696864,-0.179864179,-0.054913591,-0.12241757,-0.000331984,0.282560193,0.24823786,0.961502688,0.002600399,0.31909885,0.000566927,0.20694695,0.000702707,0.386650478,0.00107803,0.833639715,0.001029863,0.837008233
2024-04-08,0.047619048,0.781521955,-0.013532049,0.53620185,-0.018728188,0.534076117,-0.018255353,0.631860501,-0.007493053,0.962647837,0.166666667,0.94358256,-0.020824158,0.391164398,-0.032755565,0.257345812,0.008017948,0.383609344,0.246606436,0.952381709,-0.013487087,-1.655020602,-0.002243876,-0.819088874,-0.000716272,-0.394114619,0.000349774,0.27048014,0.000739524,0.601038755
2024-04-09,-0.125,-0.792127918,-0.03582564,0.05398242,-0.029355369,0.217551273,-0.023592586,0.418121497,-0.009843192,0.849022206,0,0.226542634,-0.016659326,0.441902621,-0.029480009,0.313485129,0.007617051,0.378757767,0.241674307,0.92480712,0.004284585,0.525767832,-0.000938184,-0.342468093,-0.000216187,-0.118952416,0.000546515,0.422619413,0.000810425,0.658662866
2024-04-10,-0.125,-0.792127918,-0.053660512,-0.331793124,-0.038919832,-0.067321087,-0.028662956,0.215069443,-0.012146328,0.737669088,0,0.226542634,-0.013327461,0.4824932,-0.026532008,0.364010514,0.007236198,0.374148769,0.236840821,0.897784023,-0.002540362,-0.311731585,-0.001258619,-0.45943766,-0.000448604,-0.246835509,0.000392171,0.303265475,0.000743409,0.604196647
2024-04-11,-0.105263158,-0.612200619,-0.063981041,-0.555030373,-0.045554165,-0.264921094,-0.032492966,0.061689847,-0.014008664,0.647627957,-0.4,-1.49435319,-0.090661969,-0.45963747,-0.063878807,-0.276071183,-0.013125612,0.127734369,0.224104005,0.826574917,0.001477575,0.181315422,-0.000711381,-0.259677402,-0.000255986,-0.140851349,0.000446441,0.345232565,0.000758092,0.616130334
2024-04-12,-0.125,-0.792127918,-0.076184833,-0.819003359,-0.053498748,-0.501546217,-0.037118318,-0.123540624,-0.016228491,0.540302724,-0.25,-0.849017256,-0.122529575,-0.847865831,-0.082490926,-0.595061757,-0.024969331,-0.015595866,0.214621925,0.77356242,-0.019781438,-2.427409858,-0.004525392,-1.651917576,-0.002208532,-1.215200384,-0.000564953,-0.436877452,0.000347302,0.282265266
2024-04-15,-0.181818182,-1.310100448,-0.097311503,-1.275981828,-0.066330692,-0.883738709,-0.044353311,-0.413278852,-0.019540285,0.380182548,0,0.226542634,-0.09802366,-0.549321562,-0.074241834,-0.453681683,-0.023720864,-0.000487183,0.210329486,0.749564217,0.002198243,0.269749622,-0.003180665,-1.161047839,-0.001767854,-0.972726439,-0.000426793,-0.330038636,0.000384321,0.312351857
2024-04-16,-0.125,-0.792127918,-0.102849202,-1.395764522,-0.072197622,-1.05848207,-0.048385646,-0.574760888,-0.021649479,0.278206223,0,0.226542634,-0.078418928,-0.310486147,-0.06681765,-0.326439617,-0.022534821,0.013866066,0.206122896,0.726045978,-0.008042571,-0.986915955,-0.004153046,-1.515999104,-0.002395326,-1.317980237,-0.000807582,-0.624502351,0.000215783,0.175374781
2024-04-17,-0.12244898,-0.768872009,-0.106769158,-1.480554756,-0.077222758,-1.208153019,-0.052088812,-0.723060815,-0.023665469,0.180736184,-0.333333333,-1.20753722,-0.129401809,-0.931587092,-0.093469219,-0.78321721,-0.038074747,-0.17419489,0.195333772,0.665726044,-0.005060049,-0.620926139,-0.004334447,-1.582216261,-0.002661798,-1.464601297,-0.001020205,-0.78892378,0.000110266,0.089617426
2024-04-18,-0.133333333,-0.868097223,-0.112081993,-1.595473543,-0.082833816,-1.375275332,-0.056151038,-0.885739914,-0.025858827,0.074690707,-0.428571429,-1.617274321,-0.189235733,-1.660516213,-0.12697944,-1.357544317,-0.057599581,-0.410480382,0.182855668,0.59596335,-0.00322364,-0.395577732,-0.004112286,-1.501120051,-0.002717982,-1.495515548,-0.001130377,-0.874119497,4.36E-05,0.035425588
2024-04-19,-0.102564103,-0.587595176,-0.110178415,-1.554298376,-0.084806844,-1.434040924,-0.058471692,-0.978674617,-0.027392932,0.000519047,0,0.226542634,-0.151388586,-1.199441868,-0.114281496,-1.139915987,-0.054719602,-0.375627473,0.179198554,0.575517129,0.007934452,0.973648441,-0.001702938,-0.621628651,-0.001652739,-0.909386614,-0.000677136,-0.523628313,0.000201405,0.163689658
2024-04-22,-0.052631579,-0.132394487,-0.098669048,-1.305346079,-0.081589318,-1.338208637,-0.058179686,-0.96698073,-0.027897705,-0.023885954,-0.142857143,-0.388063018,-0.149682298,-1.178654939,-0.11713906,-1.188891399,-0.059126479,-0.428958585,0.172757441,0.539506092,0.009526056,1.168956518,0.000542861,0.198162058,-0.000534859,-0.294295753,-0.000166976,-0.129122403,0.000387898,0.315259578
2024-04-23,0.125,1.486951209,-0.053935238,-0.337735567,-0.060930386,-0.722893529,-0.049020702,-0.600192841,-0.024839751,0.123961459,,,,,,,,-0.411070175,0.171029866,0.529847554,-0.014568794,-1.787758527,-0.00247947,-0.905088569,-0.001938253,-1.066485015,-0.000887067,-0.685968036,8.88E-05,0.072142183
2024-04-24,-0.058823529,-0.188842267,-0.054912896,-0.358882714,-0.0607197,-0.71661837,-0.049510843,-0.619821428,-0.025519427,0.091100183,0,0.226542634,-0.119745838,-0.813952848,-0.105425154,-0.988128361,-0.056170155,-0.393181766,0.169302292,0.520189015,0.014363588,1.762577299,0.000889141,0.324565912,-0.000308069,-0.169508768,-0.000124534,-0.096302191,0.000374261,0.304175957
2024-04-25,-0.19047619,-1.389029595,-0.082025555,-0.945340562,-0.073695349,-1.103091057,-0.05655911,-0.902081887,-0.028818562,-0.068407972,0,0.226542634,-0.095796671,-0.522191176,-0.094882639,-0.807441627,-0.053361647,-0.359193788,0.165916246,0.50125828,0.007386179,0.906369115,0.002188549,0.798892614,0.000461356,0.253851893,0.000251001,0.194099201,0.000514499,0.418152985
2024-04-26,-0.05,-0.10840418,-0.075620444,-0.806795403,-0.071325814,-1.032515741,-0.056231155,-0.888948322,-0.029242191,-0.088889776,0,0.226542634,-0.076637336,-0.288781838,-0.085394375,-0.644823566,-0.050693565,-0.326905208,0.162597921,0.48270616,-0.002999529,-0.368076623,0.001150933,0.420128699,0.000115267,0.063423634,8.85E-05,0.068417612,0.000444219,0.361033321
2024-04-29,0.066666667,0.955166079,-0.047163022,-0.191249777,-0.057526566,-0.6215126,-0.050086264,-0.64286518,-0.027324013,0.003851161,0.333333333,1.660622487,0.005356798,0.710114909,-0.043521604,0.072828141,-0.03149222,-0.094534516,0.166012629,0.501797141,-0.014118256,-1.73247234,-0.001902905,-0.694623008,-0.001308085,-0.719747614,-0.000621862,-0.480884992,0.000152969,0.124323836
2024-04-30,-0.178571429,-1.280502017,-0.073444703,-0.759733243,-0.069631053,-0.982038174,-0.056510522,-0.900136078,-0.030348962,-0.142400472,-0.142857143,-0.388063018,-0.024285991,0.348990483,-0.053455158,-0.097421683,-0.037060466,-0.161920275,0.159835234,0.467260504,0.005524715,0.677946055,-0.000417381,-0.152357708,-0.000624805,-0.343786425,-0.000314533,-0.243227888,0.000260404,0.211640258
2024-05-01,0,0.347411645,-0.058755763,-0.442005477,-0.062667947,-0.774645851,-0.053684996,-0.786982838,-0.029741982,-0.113053953,-0.2,-0.633905278,-0.059428792,-0.079138077,-0.068109642,-0.348582889,-0.045207443,-0.260513297,0.152638529,0.427025104,0.013904651,1.70626051,0.002447026,0.893245201,0.000828141,0.455667895,0.000396426,0.306556189,0.000533289,0.433424169
2024-05-02,0.107142857,1.324159843,-0.025576039,0.27568546,-0.045686867,-0.268873555,-0.045643603,-0.464950902,-0.027004286,0.019309508,0,0.226542634,-0.047543034,0.065660641,-0.061298678,-0.231850702,-0.042947071,-0.233158742,0.149585759,0.409957647,0.005066926,0.621770102,0.002971006,1.08451525,0.001252019,0.688898616,0.000629951,0.487140849,0.000623962,0.507117339
2024-05-03,0.045454545,0.761789669,-0.011369922,0.582969551,-0.036572726,0.002586211,-0.041088696,-0.282541496,-0.025555109,0.089374986,-0.166666667,-0.490497293,-0.07136776,-0.224585023,-0.071835477,-0.41243946,-0.04913305,-0.308020187,0.14326071,0.37459551,0.007416009,0.910029531,0.003860006,1.40902983,0.001868418,1.028059844,0.000969254,0.749523443,0.000759803,0.61752041
2024-05-06,0.020833333,0.537334906,-0.004929271,0.722283455,-0.03083212,0.173567053,-0.037992594,-0.158552582,-0.02462734,0.134231193,-0.5,-1.924577146,-0.157094208,-1.268950832,-0.114651929,-1.146264796,-0.071676398,-0.580835101,0.130395496,0.302668557,-0.004443922,-0.545320336,0.002199221,0.802788191,0.001237184,0.680735907,0.000698595,0.540223226,0.000655728,0.532935128
2024-05-07,-0.076923077,-0.353843471,-0.019328032,0.410832387,-0.035441215,0.03628763,-0.039939119,-0.236504618,-0.025673255,0.083662813,0,0.226542634,-0.125675367,-0.886189563,-0.103186736,-0.949764418,-0.068092578,-0.537464456,0.127787586,0.288088231,0.004114486,0.504894748,0.002582274,0.94261522,0.001524914,0.839053708,0.00086939,0.672298481,0.000724903,0.589156396
2024-05-08,-0.107142857,-0.629336552,-0.036890997,0.030938304,-0.04261138,-0.177271831,-0.043299306,-0.371069307,-0.027302647,0.004884194,-0.25,-0.849017256,-0.150540293,-1.189107505,-0.117868063,-1.201385668,-0.077187949,-0.647534751,0.120231834,0.245845468,0.008562281,1.050690289,0.003778275,1.379195238,0.002228651,1.22627076,0.001254035,0.969743749,0.000881651,0.716551059
2024-05-09,-0.071428571,-0.30375382,-0.043798512,-0.118474055,-0.045493099,-0.263102278,-0.044705769,-0.427393642,-0.028185165,-0.037784227,0,0.226542634,-0.120432235,-0.822314901,-0.106081256,-0.999373204,-0.073328552,-0.600829123,0.117827197,0.232401604,0.001437305,0.176373792,0.003310081,1.208288917,0.002149516,1.1827285,0.001263198,0.976829875,0.000892764,0.725583074
2024-05-10,-0.069767442,-0.288610437,-0.048992298,-0.23081776,-0.047920533,-0.335402096,-0.045958852,-0.477575616,-0.029016811,-0.077993019,-0.166666667,-0.490497293,-0.129679121,-0.934965457,-0.112139797,-1.103209712,-0.077995457,-0.657307048,0.11213732,0.200590587,-0.002774847,-0.34050563,0.002093095,0.76404897,0.00165708,0.911775227,0.001061296,0.820699049,0.000819412,0.665966949
2024-05-13,-0.107142857,-0.629336552,-0.06062241,-0.482381814,-0.053842766,-0.511792585,-0.049018053,-0.600086754,-0.030579332,-0.153538521,-0.111111111,-0.251483984,-0.125965519,-0.889724355,-0.112036929,-1.10144666,-0.07965124,-0.677344987,0.107672352,0.175627801,0.009057641,1.11147666,0.003486005,1.272506793,0.002397136,1.318976324,0.001461113,1.129877362,0.000984176,0.799877358
2024-05-14,-0.023809524,0.13035649,-0.053259833,-0.323126272,-0.050839441,-0.422340199,-0.047757626,-0.549610726,-0.030443936,-0.146992323,-0.5,-1.924577146,-0.200772415,-1.801062297,-0.150833236,-1.766371276,-0.100668678,-0.931693662,0.095518905,0.107680202,0.007702039,0.945128709,0.004329211,1.58030515,0.002927626,1.610868016,0.001773159,1.37118247,0.001118534,0.909074577
2024-05-15,0.023809524,0.5644668,-0.037845961,0.010282039,-0.043374545,-0.200002294,-0.044179269,-0.406309007,-0.029358867,-0.094530884,0,0.226542634,-0.160617932,-1.311878735,-0.135749912,-1.50786025,-0.095635244,-0.870780089,0.093608526,0.096999644,-0.00201928,-0.247788897,0.003059513,1.116823324,0.002432936,1.338674348,0.001583537,1.224547969,0.001055777,0.858070177
2024-05-16,-0.071428571,-0.30375382,-0.044562483,-0.134999067,-0.046179947,-0.283559695,-0.045541734,-0.460871357,-0.030200261,-0.135211004,0,0.226542634,-0.128494346,-0.920531885,-0.122174921,-1.275200327,-0.090853482,-0.812912194,0.091736356,0.086532696,0.001437314,0.17637496,0.002735073,0.998392081,0.002333374,1.283892253,0.001576226,1.218894253,0.001063408,0.864271964
2024-05-17,-0.071428571,-0.30375382,-0.049935701,-0.251223952,-0.04870481,-0.358761356,-0.046836076,-0.51270559,-0.031024827,-0.175077522,0,0.226542634,-0.102795477,-0.607454406,-0.109957429,-1.065806397,-0.086310808,-0.757937695,0.089901629,0.076275087,-0.000547525,-0.067187641,0.002078554,0.758740706,0.002045284,1.125376543,0.001470039,1.136779503,0.001031189,0.838086635
2024-05-20,-0.027027027,0.101024713,-0.045353966,-0.152119163,-0.046537032,-0.294195252,-0.045845623,-0.473041152,-0.030944871,-0.171211771,0.333333333,1.660622487,-0.015569715,0.455176855,-0.065628353,-0.306056406,-0.065328601,-0.504015378,0.094770263,0.10349469,0.002588346,0.317619836,0.002180512,0.795958937,0.00209959,1.155257476,0.001525954,1.180018814,0.001062333,0.86339784
2024-05-21,-0.173913043,-1.238034704,-0.071065782,-0.708276199,-0.059274633,-0.673577813,-0.052248994,-0.729475584,-0.033804234,-0.30945763,-0.166666667,-0.490497293,-0.045789105,0.087027948,-0.075732184,-0.479224594,-0.070395504,-0.56533399,0.089541524,0.074261812,0.004353086,0.534173739,0.002615027,0.954571209,0.00232494,1.279251622,0.001667311,1.289329756,0.001128148,0.916888243
2024-05-22,-0.042553191,-0.040516717,-0.065363264,-0.584928413,-0.057602489,-0.623773905,-0.051764204,-0.710061297,-0.033979213,-0.317917604,-0.5,-1.924577146,-0.136631284,-1.019660454,-0.118158966,-1.206371416,-0.091875729,-0.825283215,0.077750694,0.008341533,-0.009588026,-1.176560995,0.000174416,0.063667743,0.001133643,0.623764463,0.001104544,0.854142692,0.000913824,0.742699451
2024-05-23,-0.071428571,-0.30375382,-0.066576325,-0.611167429,-0.058985097,-0.664954145,-0.052747423,-0.749436033,-0.034728201,-0.35412999,0,0.226542634,-0.109305027,-0.686757261,-0.106343069,-1.003860377,-0.087281942,-0.769690164,0.07619568,-0.000352253,0.00458474,0.562600299,0.001056481,0.385650498,0.001478753,0.813654187,0.001278554,0.988704316,0.000987242,0.802369295
2024-05-24,0.173913043,1.932857995,-0.018478451,0.429209162,-0.035695283,0.028720369,-0.041414399,-0.295584868,-0.030555376,-0.152380276,0,0.226542634,-0.087444022,-0.420434706,-0.095708762,-0.821600441,-0.082917845,-0.716876766,0.074671766,-0.008872162,-0.00865606,-1.062198055,-0.000886027,-0.323429154,0.000465271,0.256006342,0.000781823,0.604582946,0.000794376,0.645619762
2024-05-28,-0.2,-1.475851657,-0.054782761,-0.356067838,-0.052125755,-0.460652344,-0.049343679,-0.613127053,-0.033944268,-0.316228055,0,0.226542634,-0.069955217,-0.207376662,-0.086137886,-0.657566499,-0.078771953,-0.666704038,0.073178331,-0.017221674,-0.002206587,-0.270773599,-0.001150139,-0.419838755,0.000198086,0.108992656,0.000632402,0.489036212,0.000734357,0.596839831
2024-05-29,-0.25,-1.931667482,-0.093826209,-1.200593508,-0.071913179,-1.05001008,-0.059376495,-1.014909095,-0.038265383,-0.525147352,-0.333333333,-1.20753722,-0.122630841,-0.849099504,-0.110857431,-1.081231404,-0.091500022,-0.820736489,0.065048098,-0.062676254,-0.001773098,-0.217579547,-0.001274731,-0.465318894,9.67E-07,0.000532193,0.000512127,0.396027637,0.000684208,0.556081753
2024-05-30,-0.079365079,-0.376105538,-0.090933983,-1.138033484,-0.072658369,-1.072205162,-0.060375925,-1.054933023,-0.039087377,-0.564889504,0,0.226542634,-0.098104672,-0.550308501,-0.099771688,-0.891234366,-0.086925021,-0.765370774,0.063747136,-0.069949683,0.010370768,1.272612385,0.001054369,0.384879416,0.001037947,0.571109763,0.001005059,0.777211498,0.000877939,0.713534419
2024-05-31,0,0.347411645,-0.072747186,-0.744645669,-0.065392532,-0.855796139,-0.057357128,-0.934039935,-0.038305629,-0.527093204,0,0.226542634,-0.078483738,-0.311275698,-0.089794519,-0.720237031,-0.08257877,-0.712773346,0.062472193,-0.077077644,-0.004839158,-0.593820279,-0.000124337,-0.045386946,0.000450237,0.247733789,0.000712849,0.551245115,0.000763597,0.6206044
2024-06-03,-0.037037037,0.009770293,-0.065605157,-0.590160656,-0.062556983,-0.771340831,-0.056341124,-0.893352217,-0.038280257,-0.525866514,0,0.226542634,-0.06278699,-0.120049455,-0.080815067,-0.56633943,-0.078449831,-0.662805789,0.061222749,-0.084063046,0.008186689,1.004600871,0.001537869,0.561372831,0.001223882,0.673416649,0.001086541,0.840220816,0.000912059,0.741264951
2024-06-04,0.025641026,0.581163351,-0.04735592,-0.195422242,-0.053737182,-0.508647834,-0.052242016,-0.729196135,-0.037001832,-0.464056584,-0.25,-0.849017256,-0.100229592,-0.57619542,-0.09773356,-0.856303179,-0.08702734,-0.766609016,0.054998294,-0.118862784,0.007931848,0.973328936,0.002816665,1.028175568,0.001894679,1.042509099,0.001428806,1.104894312,0.001052455,0.855369911
2024-06-05,-0.032258065,0.053336919,-0.044336349,-0.130107689,-0.05158927,-0.444673445,-0.051242819,-0.689181483,-0.036906956,-0.459469506,-0.222222222,-0.729510602,-0.124628118,-0.873431418,-0.110182427,-1.069662598,-0.093787084,-0.848414037,0.049453884,-0.149860522,-0.002467304,-0.30276652,0.001759871,0.64241099,0.00145848,0.802499728,0.001234,0.954251415,0.00098206,0.798157093
2024-06-06,0,0.347411645,-0.035469079,0.061694966,-0.046430343,-0.291017594,-0.048680678,-0.586575972,-0.036168817,-0.423781606,-0.272727273,-0.946795428,-0.154247949,-1.234276167,-0.126436911,-1.348245993,-0.102734093,-0.956688889,0.043010261,-0.185885587,-0.000899477,-0.110376183,0.001228001,0.448261021,0.001222685,0.672757821,0.001127327,0.871760604,0.000944429,0.767573169
2024-06-07,0.1,1.259043296,-0.008375263,0.647745233,-0.031787309,0.145117262,-0.041246644,-0.288866804,-0.033445441,-0.292110517,0.1,0.65676659,-0.103398359,-0.614799048,-0.10379322,-0.96015886,-0.092597389,-0.834016592,0.044150056,-0.179513213,0.00166924,0.204834887,0.001316249,0.480474333,0.00126734,0.697328618,0.001154422,0.892713645,0.000958925,0.779354789
2024-06-10,-0.263157895,-2.051619015,-0.05933179,-0.454465175,-0.054924367,-0.544007512,-0.052342206,-0.733208428,-0.03803969,-0.514235447,0,0.226542634,-0.082718687,-0.362868136,-0.093413898,-0.782269076,-0.087967519,-0.777986873,0.043267054,-0.184449903,0.014155492,1.737041563,0.003884098,1.417823872,0.002556155,1.40647345,0.001804476,1.395399395,0.001222857,0.993861766
2024-06-11,-0.033333333,0.043534428,-0.054132098,-0.341993737,-0.052765264,-0.479699785,-0.051391763,-0.695146214,-0.037945563,-0.509684543,0.333333333,1.660622487,0.000491717,0.650845871,-0.050739175,-0.050872817,-0.066902477,-0.523062097,0.04906838,-0.152015801,0.002806311,0.344366604,0.00366854,1.339138328,0.002581171,1.420237762,0.001854567,1.434135304,0.001254526,1.019600431
2024-06-12,-0.02739726,0.097649549,-0.048785131,-0.22633665,-0.050228464,-0.404142558,-0.050192038,-0.647101078,-0.037734597,-0.499484657,0,0.226542634,0.000393373,0.6496478,-0.045665257,0.036088362,-0.063557353,-0.482580102,0.048087012,-0.157502439,-0.004179372,-0.512857017,0.002098958,0.766188882,0.001905117,1.048252366,0.001552871,1.200833306,0.001145848,0.931273744
2024-06-13,-0.08,-0.381893676,-0.055028105,-0.361374716,-0.053205617,-0.492815469,-0.051682436,-0.706786734,-0.038579905,-0.540354011,0,0.226542634,0.000314699,0.648689343,-0.041098732,0.114353424,-0.060379485,-0.444122207,0.047125272,-0.162879345,0.00221866,0.272255058,0.002122898,0.774927924,0.001936471,1.065504457,0.00158616,1.226576017,0.001167304,0.948712043
2024-06-14,0.051282051,0.814915056,-0.033766073,0.098531674,-0.04275685,-0.1816046,-0.046534211,-0.500616892,-0.036782666,-0.453460243,0.3,1.517214502,0.060251759,1.378874926,-0.006988858,0.698957888,-0.042360511,-0.226060319,0.052182767,-0.13460386,0.00937118,1.149951484,0.003572554,1.304100366,0.002679942,1.474584483,0.001975411,1.527583448,0.001331381,1.082064048
2024-06-17,-0.064516129,-0.240737807,-0.039916085,-0.03449557,-0.044932778,-0.246413435,-0.047433307,-0.536622793,-0.037337335,-0.480277655,0,0.226542634,0.048201407,1.232071044,-0.006289973,0.710935997,-0.040242485,-0.200428413,0.051139111,-0.140438738,0.004167106,0.511351759,0.003691465,1.347506527,0.002828658,1.556412706,0.002084996,1.612325219,0.001388096,1.128158054
2024-06-18,-0.09375,-0.507243028,-0.050682868,-0.267385472,-0.0498145,-0.391812889,-0.049749142,-0.629364528,-0.038465588,-0.53482698,0.1,0.65676659,0.058561126,1.358278721,0.004339025,0.893104931,-0.033230361,-0.11556914,0.052116329,-0.1349753,-0.005976447,-0.733378747,0.001757882,0.641685113,0.001948148,1.071929363,0.001681924,1.300629913,0.001240805,1.008449202
2024-06-20,-0.142857143,-0.954919285,-0.069117723,-0.666138891,-0.059118765,-0.668935366,-0.054404542,-0.81579834,-0.040553419,-0.635770427,0,0.226542634,0.046848901,1.215594079,0.003905122,0.885668336,-0.031568843,-0.095461793,0.051074003,-0.140802748,-0.00012867,-0.015789274,0.001380572,0.503954339,0.001740466,0.957656623,0.001591394,1.230623402,0.001213416,0.98618872
2024-06-21,-0.05,-0.10840418,-0.065294178,-0.583434067,-0.058206888,-0.641775619,-0.054184315,-0.806978953,-0.040742351,-0.644904982,0,0.226542634,0.03747912,1.101446366,0.00351461,0.8789754,-0.029990401,-0.076359813,0.050052523,-0.146513648,-0.000624532,-0.076637277,0.000979551,0.357568497,0.001503966,0.827527324,0.001480598,1.144944725,0.001176657,0.956313328
2024-06-24,-0.066666667,-0.260342789,-0.065568676,-0.589371564,-0.059052866,-0.666972612,-0.054808432,-0.831972857,-0.041260837,-0.669973003,0.333333333,1.660622487,0.096649963,1.822297473,0.036496482,1.444247211,-0.011824214,0.14348361,0.055718139,-0.114838271,-0.000551422,-0.067665794,0.000673357,0.245797363,0.001298427,0.714433707,0.001378997,1.06637679,0.001142095,0.928223834
2024-06-25,-0.097560976,-0.541985087,-0.071967136,-0.727772857,-0.062903677,-0.781666933,-0.05694606,-0.917577955,-0.04238684,-0.724413518,0,0.226542634,0.07731997,1.586809081,0.032846834,1.381696388,-0.011233003,0.150638319,0.054603776,-0.12106846,0.003089893,0.379165357,0.001156664,0.42222047,0.001477574,0.813005519,0.001464541,1.132528509,0.001181051,0.959884811
2024-06-26,-0.181818182,-1.310100448,-0.093937345,-1.202997427,-0.074795127,-1.135847353,-0.063189666,-1.167614316,-0.045175467,-0.859239369,0,0.226542634,0.061855976,1.398418368,0.029562151,1.325400647,-0.010671353,0.157435293,0.0535117,-0.127174046,0.003282077,0.402748521,0.001581746,0.577389644,0.001658024,0.912294681,0.001555418,1.202803421,0.001223072,0.99403647
2024-06-27,-0.027027027,0.101024713,-0.080555281,-0.913537943,-0.070018317,-0.99357265,-0.061381534,-1.095204443,-0.044812498,-0.841690382,0.25,1.302102524,0.099484781,1.856832755,0.051605936,1.70320607,0.002362214,0.315164825,0.057441466,-0.105203475,-0.002796145,-0.343119101,0.000706168,0.25777468,0.001212607,0.667212927,0.00133784,1.034550444,0.001142687,0.928705089
2024-06-28,-0.103448276,-0.59565558,-0.08513388,-1.012574901,-0.073361313,-1.093141972,-0.063484871,-1.179436335,-0.045985214,-0.898389389,0,0.226542634,0.079587825,1.614437306,0.046445342,1.614759361,0.002244104,0.313735474,0.056292637,-0.11162636,-0.003537188,-0.434053629,-0.000142503,-0.052018346,0.000737628,0.405864922,0.001094089,0.846057712,0.00104909,0.852634857
2024-07-01,-0.103448276,-0.59565558,-0.088796759,-1.091804468,-0.07637001,-1.182754363,-0.065483041,-1.259456632,-0.047134475,-0.953954415,0,0.226542634,0.06367026,1.420520948,0.041800808,1.535157323,0.002131898,0.31237759,0.055166784,-0.117920788,0.009177948,1.126239684,0.001721587,0.628436129,0.00158166,0.87027669,0.001498282,1.158619747,0.001211667,0.984767465
2024-07-02,-0.023809524,0.13035649,-0.075799312,-0.810664395,-0.071113961,-1.026205799,-0.063399365,-1.176012109,-0.046667976,-0.9313999,,,,,,,,0.311732595,0.054615117,-0.121005057,0.005613239,0.688808964,0.002499917,0.912552437,0.001984818,1.092106303,0.001704029,1.317724388,0.001299698,1.056313951
2024-07-03,0,0.347411645,-0.06063945,-0.482750398,-0.064002565,-0.814396713,-0.060229397,-1.049065067,-0.045734616,-0.886273392,0,0.226542634,0.050936208,1.265387861,0.037620727,1.463515489,0.002025304,0.3110876,0.054063449,-0.124089327,0.006651306,0.816191646,0.003330195,1.215631188,0.002451466,1.348870489,0.001951393,1.509010588,0.00140673,1.143303023
2024-07-05,0.125,1.486951209,-0.02351156,0.320340977,-0.045102308,-0.251462797,-0.050967927,-0.678172961,-0.042319924,-0.72117823,0.25,1.302102524,0.090748966,1.750408349,0.058858654,1.827509428,0.014424038,0.461134517,0.05798218,-0.102180451,0.001476391,0.181170141,0.002959434,1.080291242,0.002353959,1.295218907,0.001927643,1.490644646,0.001408124,1.144435338
2024-07-08,0,0.347411645,-0.018809248,0.4220539,-0.040592078,-0.117128012,-0.048419531,-0.576117876,-0.041473526,-0.680256155,-0.5,-1.924577146,-0.027400827,0.311043866,0.002972789,0.869689203,-0.011297164,0.149861867,0.046822536,-0.164571885,0.001456138,0.178684834,0.002658775,0.970540664,0.002264177,1.245818088,0.001904068,1.47241391,0.001409084,1.145215795
2024-07-09,0.037735849,0.691423589,-0.007500229,0.666672593,-0.032759285,0.116167481,-0.044111762,-0.40360557,-0.039889338,-0.603663108,0,0.226542634,-0.021920662,0.377806196,0.00267551,0.864594181,-0.010732305,0.156697664,0.045886085,-0.169807402,0.007844532,0.962614237,0.003695926,1.349135176,0.002822212,1.552865995,0.002201091,1.702101675,0.001537793,1.249822435
2024-07-10,0.030769231,0.627913692,0.000153663,0.83222939,-0.026406433,0.305383728,-0.040367712,-0.253668414,-0.038476167,-0.535338429,-0.25,-0.849017256,-0.067536529,-0.177910898,-0.022592041,0.431537071,-0.02269569,0.011919263,0.039968364,-0.202892253,-0.006786098,-0.832732282,0.001599521,0.583878131,0.001861381,1.02418787,0.001751732,1.354612412,0.001371315,1.114519609
2024-07-11,-0.057142857,-0.173520727,-0.011305641,0.584359977,-0.029480076,0.213836953,-0.041206469,-0.287257947,-0.038849501,-0.553388549,0.333333333,1.660622487,0.012637443,0.798811661,0.013000496,1.041552715,-0.004894239,0.227348733,0.045835663,-0.170089303,0.00789064,0.968272171,0.002857745,1.04317131,0.002464307,1.355935779,0.002058677,1.591973001,0.001501702,1.220489641
2024-07-12,0.111111111,1.360335702,0.01317771,1.113944813,-0.015420957,0.632580198,-0.03359059,0.017733535,-0.035850288,-0.408381215,0,0.226542634,0.010109955,0.768020432,0.011700447,1.019271342,-0.004649527,0.230310186,0.04491895,-0.175214472,0.001494443,0.183385309,0.002585085,0.943641243,0.002367321,1.302570933,0.002030465,1.570156911,0.001501556,1.220371652
2024-07-15,0.038461538,0.698039203,0.018234475,1.223324715,-0.010032707,0.793066296,-0.029987984,0.162006346,-0.034364052,-0.336523948,0,0.226542634,0.008087964,0.743387448,0.010530402,0.999218105,-0.004417051,0.233123566,0.044020571,-0.180237137,-0.007230784,-0.887300276,0.000621911,0.227018024,0.00140751,0.774454395,0.001567403,1.212071151,0.00132691,1.078429591
2024-07-16,0.019230769,0.522725424,0.018433734,1.227634764,-0.00710636,0.880225978,-0.027527046,0.260558991,-0.033292155,-0.284699392,-0.6,-2.354801102,-0.113529629,-0.738223638,-0.050522638,-0.047161623,-0.034196198,-0.127257499,0.031140159,-0.252249055,-0.000518923,-0.0636778,0.000393744,0.143729622,0.001214867,0.66845626,0.001463087,1.131403466,0.001289993,1.048426034
2024-07-17,-0.16,-1.111198996,-0.017253013,0.455715901,-0.022395724,0.424840541,-0.034150694,-0.004696814,-0.035826312,-0.407222009,-0.2,-0.633905278,-0.130823703,-0.948909374,-0.065470374,-0.303348834,-0.042486388,-0.227583659,0.026517356,-0.278094264,-0.010904055,-1.338052824,-0.001865816,-0.681084303,2.97E-06,0.001636794,0.00084473,0.653228535,0.001046112,0.850214764
2024-07-18,-0.178571429,-1.280502017,-0.049516696,-0.242160701,-0.038013294,-0.040320347,-0.041371731,-0.29387613,-0.038681215,-0.545252179,-0.333333333,-1.20753722,-0.171325629,-1.442325674,-0.09225667,-0.762435506,-0.057028735,-0.403572129,0.019320342,-0.318331392,0.001050033,0.128851087,-0.001282646,-0.468208116,0.000107681,0.059249071,0.000854995,0.661166575,0.00104619,0.850278495
2024-07-19,-0.076923077,-0.353843471,-0.054997972,-0.360722937,-0.041904273,-0.15621103,-0.043149298,-0.365061989,-0.039446052,-0.582230893,-0.125,-0.311237311,-0.162060503,-1.329452915,-0.095531003,-0.818553852,-0.060427299,-0.444700836,0.016433936,-0.334468741,0.002784631,0.341706226,-0.000469191,-0.171270041,0.000375376,0.206542925,0.000951476,0.735775872,0.001080959,0.878536423
2024-07-22,-0.136363636,-0.895722424,-0.071271105,-0.712717426,-0.051350209,-0.437553136,-0.047810015,-0.551708724,-0.041384404,-0.675947238,0.5,2.377662414,-0.029648403,0.283662686,-0.035977903,0.202118611,-0.032405934,-0.105592091,0.026105257,-0.280398233,-0.010242643,-1.256890049,-0.002423881,-0.884796636,-0.000686426,-0.377692368,0.00039177,0.302955759,0.000854487,0.694474025
2024-07-23,-0.074074074,-0.327871059,-0.071831699,-0.724843299,-0.053622595,-0.505234939,-0.049123218,-0.604298283,-0.042038197,-0.707557151,-0.333333333,-1.20753722,-0.090385389,-0.456268025,-0.065713446,-0.307514806,-0.047452304,-0.287680139,0.018916485,-0.320589282,-0.013682901,-1.679049244,-0.004675685,-1.706779467,-0.001986074,-1.092797461,-0.000311963,-0.241240761,0.000563739,0.45817232
2024-07-24,-0.181818182,-1.310100448,-0.093828995,-1.20065378,-0.066442154,-0.887058558,-0.055757966,-0.869998628,-0.044833797,-0.84272013,0,0.226542634,-0.072308311,-0.236043318,-0.059142101,-0.194889427,-0.045079689,-0.258967242,0.018538155,-0.322704451,0.001717969,0.210814573,-0.003396954,-1.240000471,-0.001615669,-0.888989885,-0.000210466,-0.162753522,0.000586824,0.476934045
2024-07-25,0.037037037,0.685052998,-0.067655789,-0.634516668,-0.056094235,-0.578851385,-0.051118216,-0.684191543,-0.04319638,-0.763553533,0,0.226542634,-0.057846649,-0.059863551,-0.053227891,-0.093526586,-0.042825704,-0.23168999,0.018167392,-0.324777316,0.006896852,0.846323005,-0.001338193,-0.488484633,-0.000764417,-0.420605383,0.000144899,0.112050611,0.000713025,0.579502012
2024-07-26,0.235294118,2.492427295,-0.007065808,0.676069294,-0.0269554,0.289033061,-0.036797599,-0.110696864,-0.03762657,-0.494261724,0,0.226542634,-0.046277319,0.081080262,-0.047905102,-0.00230003,-0.040684419,-0.205776601,0.017804044,-0.326808725,0.00043947,0.053928016,-0.00098266,-0.358703497,-0.000644029,-0.354363887,0.000159628,0.123440166,0.000707553,0.575055449
2024-07-29,-0.2,-1.475851657,-0.045652646,-0.158579731,-0.04425986,-0.22637092,-0.044957719,-0.437483449,-0.040874039,-0.651271873,-0.5,-1.924577146,-0.137021855,-1.024418604,-0.093114592,-0.777139308,-0.063650198,-0.483703695,0.007447964,-0.384707593,0.00497927,0.611013699,0.000209726,0.076556823,-8.17E-05,-0.044953086,0.00040061,0.309791411,0.000792988,0.644491165
2024-07-30,0,0.347411645,-0.036522117,0.038917333,-0.039833874,-0.094545322,-0.042709833,-0.34746284,-0.040056558,-0.611747926,-0.125,-0.311237311,-0.134617484,-0.995127259,-0.096303133,-0.831787275,-0.066717688,-0.520825823,0.004799004,-0.399517418,0.006539546,0.802477515,0.00147569,0.538675541,0.000580426,0.319367715,0.000707557,0.547153097,0.000907919,0.737900076
2024-07-31,-0.104477612,-0.605039333,-0.050113216,-0.255063672,-0.046298248,-0.287083199,-0.045798222,-0.471142892,-0.041344979,-0.674041119,-0.25,-0.849017256,-0.157693987,-1.276257663,-0.111672819,-1.095206239,-0.075881804,-0.631728049,-0.000296976,-0.428008069,-0.030439755,-3.735307806,-0.004907399,-1.791362726,-0.002521592,-1.387455825,-0.000849809,-0.657156256,0.000280965,0.228351275
2024-08-01,-0.214285714,-1.60608475,-0.082947716,-0.965287268,-0.063096994,-0.787424782,-0.054222597,-0.808512024,-0.044803794,-0.84126953,-0.5,-1.924577146,-0.22615519,-2.110288943,-0.150505537,-1.760754897,-0.097087713,-0.888357571,-0.010291036,-0.48388295,-0.045002184,-5.522285241,-0.012926356,-4.718546848,-0.006769651,-3.724865611,-0.003057427,-2.364305781,-0.000624698,-0.507715288
2024-08-02,-0.230769231,-1.756353703,-0.112512019,-1.604775179,-0.079864218,-1.286827469,-0.063049929,-1.162018292,-0.048523102,-1.02109243,-0.173913043,-0.521672942,-0.215706761,-1.983000544,-0.152846288,-1.800872702,-0.10092898,-0.934843781,-0.013563476,-0.502178538,0.014814938,1.817963141,-0.007378097,-2.693249176,-0.004611193,-2.537216668,-0.002163809,-1.67327162,-0.000315905,-0.256747779
2024-08-05,-0.166666667,-1.17197444,-0.123342948,-1.839052596,-0.088544463,-1.545363867,-0.068230765,-1.369494162,-0.050885974,-1.13533365,-0.181818182,-0.555682741,-0.208929045,-1.900430757,-0.155743477,-1.850527235,-0.10497344,-0.983788998,-0.016928571,-0.520992135,0.017815297,2.186141667,-0.002339419,-0.853965019,-0.002368544,-1.303243857,-0.001164854,-0.900780429,4.67E-05,0.037970482
2024-08-06,0.2,2.170674947,-0.058674359,-0.440244674,-0.059690017,-0.685949793,-0.054819227,-0.832405151,-0.045868254,-0.892734573,-0.222222222,-0.729510602,-0.21158768,-1.932819687,-0.162391352,-1.964464249,-0.110835879,-1.05473502,-0.021034444,-0.543947287,-0.008628721,-1.058843245,-0.003597279,-1.313125639,-0.002994561,-1.647697624,-0.001538047,-1.189370501,-0.00012679,-0.103046685
2024-08-07,-0.1,-0.564220006,-0.066939487,-0.619022764,-0.063721015,-0.806010898,-0.057078266,-0.922872389,-0.046950889,-0.945078319,0.25,1.302102524,-0.119270144,-0.808157689,-0.121152217,-1.257672337,-0.092794085,-0.836396972,-0.015613755,-0.513641251,0.011261575,1.381924641,-0.000625508,-0.228331187,-0.001568948,-0.863282195,-0.000898066,-0.694473722,0.000100978,0.0820684
2024-08-08,0.115384615,1.39929432,-0.030474666,0.169726148,-0.045810452,-0.272554467,-0.048455122,-0.57754318,-0.043704179,-0.788104842,0.333333333,1.660622487,-0.028749449,0.294614228,-0.075703662,-0.478735752,-0.071487714,-0.578551691,-0.008634813,-0.474623322,0.008304837,1.019098977,0.001160561,0.423643016,-0.000581569,-0.319996884,-0.000437921,-0.338643896,0.000265055,0.215420137
2024-08-09,-0.047619048,-0.086698665,-0.033903543,0.095558159,-0.045991311,-0.277941271,-0.048413318,-0.575869076,-0.043782476,-0.7918904,-0.076923077,-0.104398871,-0.038384174,0.177238806,-0.075825603,-0.480825691,-0.071759482,-0.581840573,-0.010000578,-0.482259055,0.004342862,0.53291908,0.001797021,0.65597202,-8.91E-05,-0.049039883,-0.000198882,-0.153795147,0.000346611,0.281703897
2024-08-12,-0.032258065,0.053336919,-0.033574447,0.102676631,-0.044617987,-0.237037538,-0.047605555,-0.543520776,-0.043551988,-0.780746646,0,0.226542634,-0.03070734,0.270762148,-0.068243043,-0.350869224,-0.068171508,-0.538419654,-0.009800567,-0.481140828,0.011779338,1.445460193,0.003793484,1.384747107,0.00109772,0.603998684,0.000400029,0.309342171,0.000575266,0.467540092
2024-08-13,0,0.347411645,-0.026859558,0.247922423,-0.040156188,-0.104145278,-0.045225278,-0.4481983,-0.042680948,-0.738633203,-0.333333333,-1.20753722,-0.091232538,-0.466588456,-0.094752072,-0.805203857,-0.0814296,-0.698866324,-0.016271222,-0.517317025,0.012250159,1.503235322,0.005484819,2.002140208,0.002212964,1.217639372,0.000992536,0.767526889,0.000808763,0.657312641
2024-08-14,0,0.347411645,-0.021487646,0.364119056,-0.036140569,0.015457755,-0.042964014,-0.357641948,-0.041827329,-0.697362029,0,0.226542634,-0.072986031,-0.244299662,-0.085276865,-0.642809573,-0.07735812,-0.649594118,-0.015945798,-0.515497639,0.003494062,0.428761507,0.005086668,1.856801733,0.002341074,1.288129196,0.001117612,0.864248269,0.000862469,0.700961507
2024-08-15,0.033333333,0.651288862,-0.01052345,0.601279077,-0.029193179,0.222382016,-0.039149146,-0.20486877,-0.040324116,-0.624683962,-0.166666667,-0.490497293,-0.091722158,-0.472553266,-0.093415845,-0.782302444,-0.081823547,-0.703633794,-0.018960215,-0.532350671,0.006002671,0.736596709,0.005269868,1.923676006,0.002707234,1.489601261,0.001361865,1.053128843,0.000965273,0.784514229
2024-08-16,0.034482759,0.661767387,-0.001522208,0.795979601,-0.022825585,0.412037352,-0.035467551,-0.057432711,-0.038827979,-0.552347998,0,0.226542634,-0.073377726,-0.24907151,-0.08407426,-0.622198302,-0.07773237,-0.654123214,-0.018581011,-0.530230612,0.007967981,0.977762837,0.005809491,2.120656035,0.003233308,1.779063381,0.001692171,1.308554008,0.001105328,0.898341532
2024-08-19,-0.052631579,-0.132394487,-0.011744083,0.574876302,-0.025806185,0.323261812,-0.036325753,-0.091800919,-0.039104051,-0.565695658,-0.25,-0.849017256,-0.108702181,-0.679413063,-0.100666834,-0.906576163,-0.086345751,-0.75836057,-0.02320939,-0.556106999,0.00110886,0.136069812,0.004869365,1.777478899,0.003020863,1.662169826,0.001663005,1.28600031,0.001105398,0.898398943
2024-08-20,-0.117647059,-0.725096179,-0.032924678,0.116731404,-0.034990272,0.049718736,-0.040391818,-0.254633768,-0.040674911,-0.641644349,-0.2,-0.633905278,-0.126961745,-0.901860914,-0.110600151,-1.076821921,-0.092028464,-0.827131578,-0.026745203,-0.575875049,0.004984093,0.611605537,0.00489231,1.78585485,0.003217186,1.770192632,0.00182906,1.414410028,0.001182972,0.961446187
2024-08-21,-0.078431373,-0.367593571,-0.042026017,-0.080134263,-0.039334382,-0.079668232,-0.042293796,-0.330801865,-0.04143004,-0.678153695,0.5,2.377662414,-0.001569396,0.625736287,-0.049540136,-0.030322651,-0.06242704,-0.468901295,-0.016210299,-0.516976414,-0.005386046,-0.660929767,0.002836639,1.035466939,0.002356863,1.296816929,0.001468304,1.135438306,0.001051592,0.854668396
2024-08-22,0.032258065,0.641486371,-0.0271692,0.241224721,-0.032175137,0.133565998,-0.038566203,-0.181523743,-0.039956278,-0.606899548,0.142857143,0.841148285,0.027315912,0.97763268,-0.030300408,0.29942442,-0.052162831,-0.344685965,-0.01302895,-0.499190101,0.006523205,0.80047223,0.003573952,1.304610599,0.002773497,1.526061572,0.001721049,1.330885806,0.001161024,0.943608135
2024-08-23,0.024390244,0.569760829,-0.016857312,0.464275076,-0.026518599,0.302042926,-0.03541838,-0.055463575,-0.038669348,-0.544678425,0,0.226542634,0.02185273,0.911077247,-0.027270367,0.351355876,-0.04955469,-0.313122777,-0.012768371,-0.497733254,-0.006552,-0.804005729,0.001548762,0.565349193,0.001840948,1.012944682,0.001307397,1.011008736,0.001006764,0.818234806
2024-08-26,-0.068965517,-0.281299838,-0.027278953,0.238850736,-0.030763291,0.175617077,-0.037095737,-0.122636326,-0.039275271,-0.573973897,1,4.528782193,0.217482184,3.294340732,0.07545667,2.111980546,0.002923045,0.321951879,0.007486997,-0.384489366,0.003074291,0.377250898,0.001853868,0.676722936,0.001964282,1.080806966,0.001395742,1.079325634,0.001048114,0.851841969
2024-08-27,0,0.347411645,-0.021823162,0.356861706,-0.027686962,0.267243875,-0.03524095,-0.048358073,-0.038489766,-0.535995909,-0.2,-0.633905278,0.133985747,2.277142122,0.047911003,1.639879117,-0.007223107,0.19916525,0.003337257,-0.407689769,-0.001603804,-0.196805225,0.001162333,0.42429004,0.001607473,0.884480137,0.001245764,0.963348334,0.000995076,0.808735681
2024-08-28,-0.04,-0.017241015,-0.02545853,0.278227226,-0.028918266,0.230570158,-0.035478903,-0.057887306,-0.03851997,-0.537456259,-0.25,-0.849017256,0.057188598,1.341557842,0.018119902,1.129293514,-0.019361952,0.05226347,-0.001729488,-0.436016973,0.000821021,0.100748733,0.001094071,0.399371999,0.001528828,0.841207174,0.001224527,0.946925662,0.000991595,0.805906466
2024-08-29,0.08,1.076716966,-0.004366824,0.734449412,-0.018026439,0.554977321,-0.029704958,0.173340643,-0.036149571,-0.422851066,0.5,2.377662414,0.145750878,2.420471292,0.066307912,1.95518124,0.006606146,0.366524,0.008305101,-0.379915499,-0.000535036,-0.065655085,0.000768249,0.280436427,0.001322442,0.72764716,0.001136549,0.878892231,0.000961062,0.781091455
2024-08-30,-0.181818182,-1.310100448,-0.039857095,-0.033219611,-0.034405613,0.067132475,-0.037310619,-0.131241648,-0.039062943,-0.563708166,0,0.226542634,0.116600702,2.065348136,0.059677121,1.841537014,0.006275838,0.36252669,0.008138999,-0.380844144,-0.018323891,-2.24855207,-0.003050179,-1.113415945,-0.000642192,-0.353353103,0.000163527,0.126455223,0.000575363,0.467619238
2024-09-03,-0.185185185,-1.340795116,-0.068922713,-0.661920761,-0.049483571,-0.381956323,-0.044704347,-0.427336708,-0.041985388,-0.705003914,-0.4,-1.49435319,0.013280562,0.806646479,0.013709409,1.053702667,-0.014037954,0.116693394,-2.38E-05,-0.426480687,0.001254143,0.153897804,-0.002189314,-0.799172008,-0.000452558,-0.249011058,0.000218058,0.168623856,0.000588939,0.478652648
2024-09-04,-0.108108108,-0.638136086,-0.076759792,-0.831439969,-0.055346024,-0.556566337,-0.047874535,-0.554292552,-0.043307842,-0.768942565,0,0.226542634,0.01062445,0.774288286,0.012338468,1.030206298,-0.013336056,0.125187615,-2.33E-05,-0.426478027,-0.001724418,-0.211605908,-0.002096335,-0.765231509,-0.000579744,-0.318992611,0.000120934,0.093518122,0.000542671,0.441049601
2024-09-05,-0.152173913,-1.039853911,-0.091842616,-1.157687596,-0.065028813,-0.844962966,-0.053089504,-0.763135298,-0.045485164,-0.874212732,-0.5,-1.924577146,-0.09150044,-0.469852184,-0.038895379,0.152116387,-0.037669253,-0.16928769,-0.010022839,-0.48238351,-0.009619238,-1.180391068,-0.003600916,-1.314453115,-0.001483693,-0.816372724,-0.000366075,-0.283085171,0.000339433,0.275870238
2024-09-06,-0.115384615,-0.704471029,-0.096551016,-1.2595322,-0.070064393,-0.994944999,-0.05620426,-0.88787125,-0.046883153,-0.941803368,0,0.226542634,-0.073200352,-0.246910645,-0.035005841,0.218778646,-0.03578579,-0.146494416,-0.009822382,-0.481262794,0.006811601,0.835861761,-0.001518412,-0.554270615,-0.000654164,-0.359940689,-7.19E-06,-0.005560671,0.000468877,0.381073752
2024-09-09,0.047619048,0.781521955,-0.067717003,-0.635840765,-0.058296049,-0.644431235,-0.051013094,-0.679981758,-0.044993109,-0.850422625,0,0.226542634,-0.058560282,-0.068557413,-0.031505257,0.278774679,-0.033996501,-0.124840805,-0.009625935,-0.480164493,0.000620028,0.076084578,-0.001090724,-0.398150343,-0.000526745,-0.28983081,2.42E-05,0.018690722,0.0004719,0.383530683
2024-09-10,-0.2,-1.475851657,-0.094173603,-1.208107779,-0.072466444,-1.066488787,-0.05846244,-0.978304099,-0.048093247,-1.000309557,-0.285714286,-1.002668669,-0.103991083,-0.622019922,-0.05692616,-0.156910707,-0.04658239,-0.277152626,-0.015147702,-0.511035637,0.011499887,1.41116835,0.001427398,0.521047452,0.000675918,0.371910619,0.000597956,0.462398788,0.000692459,0.562787935
2024-09-11,-0.075,-0.336312093,-0.090338882,-1.125161212,-0.0727198,-1.074034845,-0.059289318,-1.011417907,-0.048631382,-1.026327566,-0.25,-0.849017256,-0.133192866,-0.977771793,-0.076233544,-0.487817329,-0.056753271,-0.400238511,-0.019844748,-0.537295923,0.008468369,1.039166192,0.002835592,1.035084819,0.001455163,0.800674653,0.000991477,0.766707933,0.000847978,0.689183449
2024-09-12,-0.125,-0.792127918,-0.097271106,-1.27510803,-0.07794782,-1.229748593,-0.062574852,-1.14299299,-0.050158754,-1.100173689,0.2,1.086990546,-0.066554293,-0.165944765,-0.048610189,-0.014384426,-0.043915607,-0.244879771,-0.015447853,-0.512713724,0.003626828,0.445053494,0.002993839,1.09285026,0.00167233,0.920166166,0.001123244,0.868603675,0.000903555,0.734352987
2024-09-13,0.0625,0.917181427,-0.065316885,-0.583925217,-0.063903038,-0.811432358,-0.056321109,-0.892550696,-0.047905579,-0.991236113,-0.125,-0.311237311,-0.078243434,-0.308348189,-0.05624917,-0.14530788,-0.047969827,-0.293943096,-0.017638896,-0.524963426,0.005981402,0.733986824,0.003591352,1.310962089,0.002103237,1.157264279,0.001366152,1.056444134,0.001005112,0.816892165
2024-09-16,0,0.347411645,-0.052253508,-0.301359056,-0.057512734,-0.621100616,-0.053505054,-0.779776724,-0.046947467,-0.944912881,0,0.226542634,-0.062594747,-0.117707448,-0.050624253,-0.048903194,-0.045571335,-0.264917051,-0.017286118,-0.522991112,-0.002406537,-0.295309733,0.002391774,0.873076586,0.00165226,0.909122963,0.001177518,0.910573293,0.000936879,0.761436652
2024-09-17,-0.076923077,-0.353843471,-0.057187422,-0.408081621,-0.059453768,-0.678913272,-0.054675955,-0.826667553,-0.04754698,-0.97389838,-0.1,-0.203681322,-0.070075798,-0.208845639,-0.055561828,-0.133527613,-0.048292769,-0.297851271,-0.018940395,-0.532239863,0.012896033,1.582491476,0.004492626,1.639956853,0.002776637,1.527789146,0.001763443,1.36366914,0.001176062,0.955829793
2024-09-18,0,0.347411645,-0.045749937,-0.160684179,-0.053508392,-0.501833439,-0.051942157,-0.717187739,-0.04659604,-0.927921903,0.125,0.764322579,-0.031060638,0.26645807,-0.037505645,0.175934841,-0.03962813,-0.192993614,-0.016061587,-0.516144998,-0.002501343,-0.306943507,0.003093832,1.129350941,0.002248839,1.237378838,0.001550204,1.198771382,0.001102514,0.89605448
2024-09-19,-0.153846154,-1.055098587,-0.067369181,-0.628317213,-0.063542168,-0.800684036,-0.057037357,-0.921234119,-0.048741042,-1.031629489,0,0.226542634,-0.024848511,0.342137559,-0.033755081,0.240215255,-0.037646724,-0.169015044,-0.015740356,-0.514349053,0.002641593,0.324153864,0.003003384,1.096334512,0.002288115,1.258989356,0.001604774,1.240969895,0.001133295,0.921071847
2024-09-20,0,0.347411645,-0.053895344,-0.336872653,-0.057187951,-0.611427127,-0.054185489,-0.807025976,-0.047766221,-0.984498389,0,0.226542634,-0.019878809,0.40268115,-0.030379573,0.298067628,-0.035764388,-0.146235402,-0.015425548,-0.512589026,0.002002192,0.245691972,0.002803146,1.02324085,0.002259522,1.243257039,0.001624644,1.256336061,0.001150673,0.935195553
2024-09-23,-0.131578947,-0.852103685,-0.069432065,-0.672938244,-0.064627051,-0.832996685,-0.058055162,-0.961993941,-0.049442476,-1.065542736,-0.5,-1.924577146,-0.115903047,-0.767137893,-0.077341615,-0.506808417,-0.058976168,-0.427139556,-0.025117038,-0.566772289,0.001157061,0.141984714,0.002473929,0.903065793,0.002149276,1.182596321,0.001601265,1.238256976,0.001150801,0.93529939
2024-09-24,-0.090909091,-0.481344401,-0.07372747,-0.765849607,-0.067255255,-0.91127632,-0.059697858,-1.027778655,-0.050271808,-1.105639687,0,0.226542634,-0.092722437,-0.484739212,-0.069607454,-0.374253677,-0.05602736,-0.391453688,-0.024614697,-0.563963798,0.00567287,0.696126298,0.003113717,1.13660958,0.002501636,1.376475015,0.001804846,1.395685363,0.001241242,1.008804515
2024-09-25,0,0.347411645,-0.058981976,-0.446898568,-0.060529729,-0.710960182,-0.056712966,-0.908243286,-0.049266372,-1.057028383,-0.333333333,-1.20753722,-0.140844617,-1.070989544,-0.095980042,-0.826249864,-0.069892658,-0.559248656,-0.03078907,-0.598483535,-0.001723646,-0.211511229,0.002146244,0.78345009,0.002079107,1.143987309,0.001628421,1.259256386,0.001181944,0.960610972
2024-09-26,-0.03125,0.062526754,-0.053435581,-0.326927781,-0.057601756,-0.623752092,-0.055439817,-0.857257788,-0.048906045,-1.039607102,0,0.226542634,-0.112675693,-0.727820532,-0.086382038,-0.66175098,-0.066398026,-0.516957334,-0.030173288,-0.595040819,-0.005179791,-0.635619897,0.000681037,0.248601115,0.001353217,0.744580913,0.00128801,0.996017189,0.00105471,0.857202511
2024-09-27,-0.163265306,-1.14096656,-0.075401526,-0.802060115,-0.068168111,-0.93846526,-0.060831092,-1.073161005,-0.05119323,-1.150189016,-0.111111111,-0.251483984,-0.112362777,-0.724008416,-0.088854945,-0.704133802,-0.06863368,-0.544012758,-0.031792045,-0.604090977,0.005224349,0.641087686,0.0015897,0.580292884,0.001740331,0.957582206,0.001484827,1.148215544,0.001138103,0.924978983
2024-09-30,-0.090909091,-0.481344401,-0.078503039,-0.869147103,-0.070442209,-1.006198038,-0.062334992,-1.133387366,-0.051987547,-1.188593042,0,0.226542634,-0.089890221,-0.45023563,-0.07996945,-0.551846524,-0.065201996,-0.50248323,-0.031156204,-0.600536112,-0.009923248,-1.217696632,-0.00071289,-0.260228365,0.000573973,0.315817048,0.000914424,0.707122834,0.000916876,0.745179419
2024-10-01,-0.246753247,-1.902069052,-0.112153081,-1.597011202,-0.088073313,-1.531330926,-0.071555904,-1.502655291,-0.055882861,-1.376925527,0,0.226542634,-0.071912177,-0.231217401,-0.071972505,-0.414787973,-0.061941896,-0.463030179,-0.03053308,-0.597052345,-0.000616593,-0.075663057,-0.000693631,-0.253198058,0.000454916,0.25030854,0.000837873,0.64792615,0.000886206,0.72025326
2024-10-02,-0.2,-1.475851657,-0.129722464,-1.977044128,-0.099265982,-1.864698509,-0.077978109,-1.759843955,-0.058765204,-1.516282401,-0.2,-0.633905278,-0.097529742,-0.543304384,-0.084775255,-0.63421255,-0.068844801,-0.546567706,-0.033922418,-0.616001488,0.008795059,1.079254819,0.001204107,0.439538943,0.00128893,0.70920825,0.001235732,0.955590383,0.001044383,0.848809735
2024-10-03,-0.145833333,-0.982051179,-0.132944638,-2.046741059,-0.103922717,-2.003396846,-0.08137087,-1.895713139,-0.060506566,-1.600474624,0,0.226542634,-0.078023793,-0.305672405,-0.076297729,-0.488917397,-0.065402561,-0.50491043,-0.03324397,-0.612208413,-0.001834486,-0.225112576,0.000596389,0.217701526,0.000976589,0.537348468,0.001082221,0.83688053,0.000986806,0.80201441
2024-10-04,0.047619048,0.781521955,-0.096831901,-1.265607852,-0.08876854,-1.552037898,-0.074921374,-1.637431553,-0.058344054,-1.495920456,0,0.226542634,-0.062419035,-0.115566821,-0.068667956,-0.358151759,-0.062132433,-0.465336019,-0.03257909,-0.608491199,-0.001540342,-0.189017675,0.000169042,0.061706077,0.000724896,0.398859374,0.000951093,0.73547925,0.000936263,0.760936237
2024-10-07,-0.133333333,-0.868097223,-0.104132187,-1.42351602,-0.09322502,-1.684771723,-0.077841972,-1.754392115,-0.05984384,-1.5684328,-0.25,-0.849017256,-0.099935228,-0.572609312,-0.086801161,-0.668934275,-0.071525811,-0.579012735,-0.036927508,-0.632802374,0.004803481,0.589442289,0.00109593,0.400050676,0.001132754,0.623275374,0.001143712,0.884431643,0.001013607,0.82379692
2024-10-08,-0.076923077,-0.353843471,-0.098690365,-1.305807193,-0.091594825,-1.636217269,-0.077796028,-1.752552175,-0.060185424,-1.584947901,0,0.226542634,-0.079948182,-0.329116347,-0.078121045,-0.52016695,-0.067949521,-0.535733208,-0.036188958,-0.628673281,0.004553729,0.558794919,0.00178749,0.652492852,0.001474852,0.8115077,0.001314213,1.016279788,0.00108441,0.881340741
2024-10-09,0.019230769,0.522725424,-0.075106138,-0.795670763,-0.080512266,-1.30612923,-0.072944688,-1.558271604,-0.058597101,-1.508154866,0,0.226542634,-0.063958546,-0.134321975,-0.07030894,-0.386276357,-0.064552045,-0.494617658,-0.035465179,-0.62462677,0.000486209,0.059663372,0.001527234,0.557490714,0.001375987,0.757109583,0.001272813,0.984265028,0.001072446,0.871617127
2024-10-10,-0.095238095,-0.520808975,-0.07913253,-0.882763247,-0.081984849,-1.349989316,-0.074059358,-1.60291057,-0.05932992,-1.54358559,0,0.226542634,-0.051166837,0.021513523,-0.063278046,-0.265774823,-0.061324443,-0.455557885,-0.034755876,-0.62066119,0.008974939,1.101328193,0.003016775,1.101222408,0.002135883,1.175226741,0.001657919,1.282067379,0.001230496,1.000070233
2024-10-11,0,0.347411645,-0.063306024,-0.54042948,-0.073786364,-1.105801878,-0.07035639,-1.454618605,-0.058143322,-1.486215368,0,0.226542634,-0.040933469,0.146181921,-0.056950242,-0.157323443,-0.05825822,-0.418451101,-0.034060758,-0.61677492,0.005798192,0.711504763,0.003573058,1.304284214,0.002502113,1.376737993,0.001864933,1.442150819,0.001321849,1.074317022
2024-10-14,-0.111111111,-0.665512411,-0.072867041,-0.74723818,-0.077518839,-1.216971618,-0.072394126,-1.536223385,-0.059202678,-1.537433603,0,0.226542634,-0.032746775,0.245916639,-0.051255217,-0.0597172,-0.055345309,-0.383199656,-0.033379543,-0.612966377,-0.008227933,-1.009661921,0.00121286,0.442733936,0.001429109,0.786338614,0.00136029,1.051910644,0.001130854,0.919087639
2024-10-15,-0.161290323,-1.122961985,-0.090551698,-1.129764494,-0.085895987,-1.466480451,-0.076838936,-1.714223735,-0.061244431,-1.636149239,0,0.226542634,-0.02619742,0.325704414,-0.046129696,0.028128418,-0.052578044,-0.349710784,-0.032711952,-0.609234004,0.010572852,1.297410425,0.003084858,1.126075153,0.002343483,1.289454816,0.001820918,1.408113926,0.001319694,1.072565014
2024-10-16,0.153846154,1.749921878,-0.041672127,-0.072479489,-0.061921773,-0.752421453,-0.065304682,-1.252313907,-0.056942619,-1.42816321,0,0.226542634,-0.020957936,0.389534634,-0.041516726,0.107189474,-0.049949142,-0.317896355,-0.032057713,-0.605576278,-0.003140344,-0.385356355,0.001839818,0.671594239,0.0017951,0.98771815,0.001572855,1.21628696,0.001230493,1.000068181
2024-10-17,0.130434783,1.536496408,-0.007250745,0.672069016,-0.042686117,-0.179497857,-0.055517708,-0.86037708,-0.053195071,-1.246974983,0,0.226542634,-0.016766349,0.44059881,-0.037365054,0.178344424,-0.047451685,-0.287672647,-0.031416559,-0.601991707,-0.000376696,-0.046224984,0.001396515,0.509774062,0.001577921,0.868219364,0.001475377,1.140907661,0.001198349,0.973943708
2024-10-18,0.074074074,1.02269435,0.009014219,1.023886807,-0.031010098,0.168266058,-0.049038119,-0.600890357,-0.050649688,-1.123909605,-0.142857143,-0.388063018,-0.041984508,0.133377603,-0.047914262,-0.002457029,-0.052221958,-0.3454015,-0.03364537,-0.614452568,-0.004795735,-0.588491862,0.000158065,0.057698887,0.000940555,0.517521655,0.001161821,0.898435392,0.001078468,0.876511322
2024-10-21,-0.25,-1.931667482,-0.042788625,-0.096629793,-0.052909088,-0.483983519,-0.059086213,-1.003284234,-0.054636694,-1.31667527,-0.2,-0.633905278,-0.073587606,-0.251628381,-0.063122836,-0.2631147,-0.05961086,-0.434820461,-0.036972463,-0.633053706,0.00036146,0.044355337,0.000198744,0.072548101,0.000882646,0.485658123,0.001121803,0.867489469,0.001064127,0.864856546
2024-10-22,-0.24,-1.840504317,-0.0822309,-0.949782258,-0.07161818,-1.041223679,-0.068131903,-1.365535024,-0.05834396,-1.495915928,0,0.226542634,-0.058870085,-0.072331602,-0.056810553,-0.154929332,-0.056630317,-0.398750548,-0.036233014,-0.628919587,-0.002202195,-0.270234634,-0.000281444,-0.102736297,0.000574162,0.315920928,0.000955603,0.73896723,0.000998801,0.811763272
2024-10-23,-0.181818182,-1.310100448,-0.102148356,-1.380604947,-0.08263818,-1.369448424,-0.073816217,-1.593173532,-0.060813445,-1.615311731,0,0.226542634,-0.047096068,0.071105821,-0.051129497,-0.0575625,-0.053798801,-0.364484131,-0.035508353,-0.62486815,0.002638073,0.323721929,0.00030246,0.110407745,0.000780553,0.42948356,0.001039727,0.804019854,0.001031586,0.838409247
2024-10-24,-0.043478261,-0.048949942,-0.090414337,-1.126793337,-0.078722188,-1.252812724,-0.072299319,-1.53242665,-0.060466741,-1.598549137,0,0.226542634,-0.037676854,0.18585576,-0.046016548,0.030067648,-0.051108861,-0.331931034,-0.034798186,-0.620897741,0.00184009,0.225800139,0.000609986,0.222664888,0.000886506,0.48778246,0.001079745,0.834965838,0.001047756,0.85155127
2024-10-25,0,0.347411645,-0.07233147,-0.735653552,-0.070849969,-1.018342945,-0.068684353,-1.38765888,-0.059257406,-1.540079644,0,0.226542634,-0.030141484,0.27765571,-0.041414893,0.108934781,-0.048553418,-0.301005593,-0.034102223,-0.617006741,-0.004686158,-0.575045497,-0.000449243,-0.163988603,0.00032924,0.1811577,0.00079145,0.612027451,0.000933078,0.758347882
2024-10-28,-0.064516129,-0.240737807,-0.070768402,-0.701843751,-0.070216585,-0.999477945,-0.068475942,-1.379312682,-0.059362581,-1.545164669,0,0.226542634,-0.024113187,0.351095671,-0.037273404,0.179915201,-0.046125747,-0.271626423,-0.033420178,-0.613193561,0.002483434,0.304745908,0.000137292,0.050116209,0.000544659,0.299687935,0.000876049,0.677447942,0.000964085,0.78354854
2024-10-29,0.1,1.259043296,-0.036614721,0.03691426,-0.053194927,-0.492497054,-0.060052145,-1.041966678,-0.056175329,-1.391065918,-0.333333333,-1.20753722,-0.085957216,-0.402321638,-0.066879397,-0.327497874,-0.060486126,-0.445412755,-0.039418441,-0.646728703,-0.009857339,-1.20960878,-0.001861634,-0.679557876,-0.00049554,-0.272661258,0.00033938,0.262441999,0.000747657,0.607648928
2024-10-30,-0.166666667,-1.17197444,-0.06262511,-0.525701045,-0.064542101,-0.830466494,-0.065382871,-1.255445129,-0.058385156,-1.497907668,-0.666666667,-2.641617073,-0.202099106,-1.817224762,-0.126858124,-1.355465095,-0.090795153,-0.812206312,-0.051963406,-0.716865202,-0.007366733,-0.903982764,-0.002962654,-1.081466437,-0.00118266,-0.650734892,-4.59E-05,-0.035514472,0.000585369,0.475751505
2024-10-31,-0.212121212,-1.586352463,-0.092524331,-1.172433353,-0.079300012,-1.270022894,-0.072719788,-1.54926508,-0.061459877,-1.646565741,-0.25,-0.849017256,-0.211679285,-1.933935665,-0.139172311,-1.566516278,-0.098755396,-0.908539514,-0.055924138,-0.739008897,-0.000245136,-0.030081044,-0.00241915,-0.88306972,-0.001088907,-0.59914954,-5.59E-05,-0.043216933,0.000568759,0.462251844
2024-11-01,0,0.347411645,-0.074019465,-0.772165565,-0.071370011,-1.033832099,-0.069083798,-1.403655389,-0.06023068,-1.587135916,-0.166666667,-0.490497293,-0.202676761,-1.824262068,-0.141921747,-1.613638478,-0.102150959,-0.949631919,-0.058138988,-0.751391703,-0.000770269,-0.094520823,-0.002089374,-0.762690479,-0.001057043,-0.581617084,-9.16E-05,-0.070838489,0.000541978,0.440486277
2024-11-04,0.045454545,0.761789669,-0.050124663,-0.255311269,-0.059687555,-0.685876478,-0.063356881,-1.174310759,-0.058116975,-1.48494153,0,0.226542634,-0.162141409,-1.330438551,-0.127729572,-1.370400733,-0.097043411,-0.887821434,-0.056976209,-0.744890823,0.032344023,3.968983378,0.004797305,1.751174918,0.002283063,1.256209939,0.001530176,1.183283566,0.001178019,0.957420764
2024-11-05,0.170731707,1.903855928,-0.005953389,0.70013137,-0.036645629,0.000414831,-0.051652452,-0.705585972,-0.053540001,-1.263651841,-0.285714286,-1.002668669,-0.186855984,-1.631524833,-0.143528043,-1.641168578,-0.106476955,-1.001984223,-0.06155097,-0.770467441,0.006585121,0.808070037,0.005154869,1.881697261,0.002713269,1.492922087,0.001782923,1.378732783,0.001286161,1.045311886
2024-11-06,0.090909091,1.176167692,0.013419107,1.119166343,-0.023890157,0.380329664,-0.044524375,-0.420129389,-0.05065102,-1.123973978,-0.181818182,-0.555682741,-0.185848424,-1.619250188,-0.147357057,-1.706793524,-0.110244016,-1.047572418,-0.063956314,-0.783915261,0.005210114,0.639340833,0.005165918,1.885730519,0.002962953,1.630305986,0.001954283,1.511244945,0.00136464,1.109094777
2024-11-07,0.12,1.441369627,0.034735286,1.580243963,-0.009501141,0.808898712,-0.036298156,-0.090695763,-0.047237999,-0.958959652,0,0.226542634,-0.148678739,-1.166429047,-0.132621352,-1.454240274,-0.104731815,-0.980864907,-0.062677188,-0.77676391,0.006105596,0.749226855,0.005353853,1.954333278,0.003277218,1.803223644,0.002161848,1.671755296,0.001459459,1.186157863
2024-11-08,0.260869565,2.72558117,0.079962142,2.558519268,0.01753593,1.614183236,-0.02143977,0.504334852,-0.041075848,-0.661029043,0.166666667,0.94358256,-0.085609658,-0.398087497,-0.10269255,-0.941294622,-0.091161891,-0.8166445,-0.058090311,-0.751119557,-0.001883858,-0.231171079,0.003906311,1.425932517,0.00276111,1.519245731,0.001959563,1.515328235,0.001392593,1.131813047
2024-11-11,0.166666667,1.86679773,0.097303047,2.933610103,0.032449003,2.05836107,-0.012034448,0.880987767,-0.036920998,-0.460148374,0.2,1.086990546,-0.028487726,0.297802672,-0.072423295,-0.42251399,-0.076603797,-0.64046546,-0.052928505,-0.722260885,-0.00218815,-0.26851112,0.002687419,0.980996633,0.002266184,1.246922587,0.001752177,1.354957117,0.001320978,1.073608945
2024-11-12,0,0.347411645,0.077842437,2.5126692,0.029204103,1.961713469,-0.011432726,0.905084816,-0.036182578,-0.424446896,0,0.226542634,-0.022790181,0.36721324,-0.065180965,-0.298388693,-0.072773607,-0.594113297,-0.051869935,-0.716342622,-8.37E-05,-0.010268951,0.002133198,0.778687844,0.002031197,1.1176258,0.001660384,1.283973635,0.001292885,1.050776508
2024-11-13,0,0.347411645,0.06227395,2.175916478,0.026283693,1.874730628,-0.010861089,0.927977012,-0.035458926,-0.389459448,0,0.226542634,-0.018232145,0.422741695,-0.058662869,-0.186675926,-0.069134927,-0.550078743,-0.050832536,-0.710542724,-0.012723629,-1.561335537,-0.000838167,-0.305958686,0.000555715,0.305770921,0.000941184,0.727816431,0.001012555,0.822941487
2024-11-14,-0.071428571,-0.30375382,0.035533446,1.597508484,0.016512466,1.583699935,-0.013889463,0.806700361,-0.036178319,-0.424240997,0,0.226542634,-0.014585716,0.467164459,-0.052796582,-0.086134435,-0.06567818,-0.508245916,-0.049815885,-0.704858825,-0.00593503,-0.728296451,-0.00185754,-0.67806337,-9.34E-05,-0.051369377,0.000597373,0.461947936,0.000873603,0.710010184
2024-11-15,-0.178571429,-1.280502017,-0.007287529,0.671273365,-0.002995923,1.002653107,-0.022123562,0.476951185,-0.039026181,-0.561930787,0.166666667,0.94358256,0.021664761,0.908787308,-0.030850257,0.290000633,-0.054060938,-0.367656459,-0.045486234,-0.680652573,-0.002575721,-0.316070566,-0.002001176,-0.730495338,-0.000341596,-0.187956344,0.000438718,0.339260409,0.000804617,0.653942264
2024-11-18,0.057142857,0.868344017,0.005598548,0.950004463,0.003017955,1.181773212,-0.018160241,0.635669453,-0.0371028,-0.468938263,0.333333333,1.660622487,0.083998475,1.668170226,0.005568102,0.914169921,-0.034691224,-0.133248203,-0.037909843,-0.638294418,0.009697084,1.189943713,0.000338476,0.123554937,0.000662272,0.364402007,0.000901637,0.697234702,0.000982466,0.798487163
2024-11-19,-0.1,-0.564220006,-0.015521162,0.493176546,-0.007283841,0.874939806,-0.022252229,0.471798485,-0.038360744,-0.529757935,0.333333333,1.660622487,0.133865447,2.275676561,0.038344625,1.47592228,-0.016289996,0.089439639,-0.030484979,-0.596783425,0.005115405,0.627718992,0.001293862,0.472302302,0.001107585,0.609426758,0.001112325,0.860159862,0.001065125,0.865667081
2024-11-20,-0.133333333,-0.868097223,-0.039083596,-0.016488502,-0.01988879,0.49950821,-0.027806284,0.24937642,-0.040260196,-0.621593529,-0.25,-0.849017256,0.057092357,1.340385394,0.009510163,0.98173236,-0.027975497,-0.05197586,-0.03487528,-0.621328755,0.000438079,0.053757378,0.001122705,0.409824532,0.001040635,0.572588527,0.001078613,0.834090188,0.001052584,0.855474614
2024-11-21,-0.242424242,-1.862604478,-0.079751725,-0.896156695,-0.042142335,-0.163301597,-0.038537182,-0.180361558,-0.044303477,-0.81707999,0,0.226542634,0.045673886,1.201279418,0.008559146,0.965433022,-0.026576722,-0.035048177,-0.034177774,-0.617429135,0.00987105,1.211291309,0.002872374,1.048511481,0.001923676,1.058464509,0.001518235,1.17404937,0.001228953,0.998816636
2024-11-22,0.114285714,1.389276389,-0.040944237,-0.056734933,-0.02649953,0.302610886,-0.030896037,0.125641737,-0.041131693,-0.663729084,0,0.226542634,0.036539109,1.089994637,0.007703232,0.950763618,-0.025247886,-0.018966878,-0.033494219,-0.613607507,-0.001201068,-0.147384824,0.002057686,0.751123303,0.001611202,0.886531699,0.001382269,1.068907671,0.001180353,0.959317239
2024-11-25,0.173913043,1.932857995,0.002027219,0.872755158,-0.006458273,0.899528897,-0.020655583,0.535739014,-0.036830799,-0.455787388,-0.125,-0.311237311,0.004231287,0.696403333,-0.005567091,0.723325359,-0.030235491,-0.079325848,-0.035324334,-0.623839333,0.002772266,0.340188855,0.002200602,0.803292342,0.001727308,0.950416912,0.001451769,1.122651807,0.001212191,0.985193396
2024-11-26,-0.111111111,-0.665512411,-0.020600447,0.383309531,-0.016923557,0.587826079,-0.025178359,0.354616352,-0.038316405,-0.527614183,-0.5,-1.924577146,-0.09661497,-0.532160146,-0.055010382,-0.124076459,-0.053723717,-0.363575479,-0.044617848,-0.67579759,-0.001332348,-0.163494409,0.001494012,0.545363672,0.001421343,0.782065433,0.001312563,1.015004045,0.0011613,0.943832537
2024-11-27,-0.068965517,-0.281299838,-0.030273461,0.174078299,-0.022127753,0.432821914,-0.027367717,0.266939604,-0.038929387,-0.557250939,0.076923077,0.557484138,-0.061907361,-0.109333335,-0.041817036,0.102042498,-0.047191377,-0.28452246,-0.042187029,-0.662207348,0.005519827,0.677346217,0.002299175,0.839274766,0.001831191,1.007576354,0.001522927,1.177677695,0.001248471,1.014679329
2024-11-29,0.333333333,3.386183816,0.042447898,1.747070898,0.013418356,1.491543532,-0.009332665,0.989185503,-0.031484133,-0.197284253,0,0.226542634,-0.049525889,0.041504435,-0.037635333,0.173712146,-0.044831808,-0.255967447,-0.041343288,-0.657490156,0.000696563,0.085476251,0.001978652,0.722273491,0.001717728,0.945145692,0.001481608,1.145726375,0.001237433,1.0057082
2024-12-02,0.151515152,1.728671723,0.064261348,2.218904719,0.027228035,1.902857368,-0.001290274,1.311257412,-0.027824147,-0.020329532,-0.666666667,-2.641617073,-0.172954044,-1.462163904,-0.100538466,-0.904376077,-0.075923551,-0.63223327,-0.053849756,-0.727411425,0.003712352,0.455548233,0.002325392,0.848844992,0.001917191,1.054895871,0.001593146,1.231977964,0.001286931,1.045937409
2024-12-03,0,0.347411645,0.051409079,1.940904893,0.024505232,1.821760137,-0.00122576,1.313840978,-0.027267664,0.006575569,-0.2,-0.633905278,-0.178363235,-1.528061587,-0.11048462,-1.074841843,-0.082127374,-0.707310642,-0.056772761,-0.743753387,0.003351833,0.41130847,0.002530681,0.923781961,0.002060655,1.133834221,0.00168108,1.299977542,0.001328229,1.079501895
2024-12-04,0.019607843,0.526162949,0.045048832,1.803330158,0.024015493,1.807173529,-0.00018408,1.355556922,-0.026330154,0.051902753,0.25,1.302102524,-0.092690588,-0.484351209,-0.074436158,-0.457012171,-0.065521005,-0.506343813,-0.050637306,-0.70945123,-0.000361976,-0.044418601,0.001952149,0.712598939,0.001818392,1.000533798,0.001578927,1.220982885,0.001294425,1.052028027
2024-12-05,-0.111111111,-0.665512411,0.013816843,1.127769531,0.010502833,1.404706248,-0.005730432,1.133443365,-0.028025773,-0.030077844,0,0.226542634,-0.074152471,-0.258509864,-0.066992542,-0.329437056,-0.062244955,-0.466697732,-0.04962456,-0.70378916,0.000411561,0.050503312,0.001644032,0.600125851,0.001677709,0.923125762,0.001520559,1.175846742,0.001276768,1.037677296
2024-12-06,0.015873016,0.492115082,0.014228078,1.136664701,0.011039851,1.420701049,-0.004650259,1.176700798,-0.027147797,0.012370945,0,0.226542634,-0.059321977,-0.077836789,-0.060293288,-0.214619452,-0.059132707,-0.429033956,-0.048632068,-0.698240331,-0.003817781,-0.468485556,0.000551669,0.201377484,0.00112816,0.62074743,0.001253642,0.969440099,0.001174877,0.954866658
2024-12-09,-0.157894737,-1.092006751,-0.020196485,0.392047391,-0.005853608,0.917538517,-0.012312483,0.869853353,-0.029762736,-0.114057354,0.333333333,1.660622487,0.019209085,0.878870949,-0.020930626,0.460011844,-0.039509405,-0.191556826,-0.04099276,-0.65553042,0.000677339,0.083117302,0.000576803,0.210552221,0.001083078,0.595941923,0.001224827,0.947157381,0.001164926,0.946779308
2024-12-10,-0.047619048,-0.086698665,-0.025680998,0.273415153,-0.010030152,0.793142414,-0.014077811,0.799157631,-0.030119862,-0.131323863,-0.333333333,-1.20753722,-0.051299398,0.019898585,-0.052170896,-0.075410896,-0.054200601,-0.369346637,-0.046839572,-0.688218826,0.001320589,0.162051474,0.00072556,0.264853511,0.001106829,0.609010516,0.001229615,0.950860032,0.001168039,0.949309577
2024-12-11,0.105263158,1.30702391,0.000507833,0.839890232,0.001499179,1.136537301,-0.008110763,1.038118747,-0.027412202,-0.000412615,0,0.226542634,-0.041039519,0.14488997,-0.046953807,0.014004092,-0.051490571,-0.336550416,-0.04590278,-0.682981404,-0.000296693,-0.036407585,0.00052111,0.190222293,0.000966477,0.53178455,0.0011533,0.891845427,0.001138745,0.925500721
2024-12-12,-0.043478261,-0.048949942,-0.008289385,0.649602807,-0.002998565,1.002574429,-0.009879138,0.967301015,-0.027733523,-0.015948004,-0.2,-0.633905278,-0.072831615,-0.242418487,-0.062258426,-0.248299691,-0.058916043,-0.42641193,-0.048984725,-0.700211966,-0.000659692,-0.080951812,0.000284949,0.104015949,0.00080386,0.44230785,0.00106265,0.821746189,0.001102776,0.896267571
2024-12-13,-0.166666667,-1.17197444,-0.039964842,-0.035550207,-0.019365375,0.515097841,-0.017718514,0.65335918,-0.030512186,-0.150292112,-0.142857143,-0.388063018,-0.086836721,-0.413036234,-0.070318298,-0.386436732,-0.063113098,-0.477203819,-0.050862173,-0.710708421,-0.002986835,-0.366518932,-0.000369407,-0.134845892,0.00042479,0.233732453,0.000860176,0.665173061,0.001020984,0.829791951
2024-12-16,-0.032258065,0.053336919,-0.038423486,-0.002210062,-0.020654644,0.476697662,-0.018445492,0.624246067,-0.030547103,-0.151980324,-0.166666667,-0.490497293,-0.10280271,-0.607542523,-0.079953135,-0.551566888,-0.068290776,-0.53986301,-0.053178263,-0.723657236,-0.000347589,-0.042653122,-0.000365044,-0.13325298,0.000347553,0.191233837,0.000799787,0.618474909,0.000993612,0.807546144
2024-12-17,-0.045454545,-0.066966378,-0.039829698,-0.032626996,-0.023134634,0.402832497,-0.019795944,0.570164776,-0.030845252,-0.166395365,-0.25,-0.849017256,-0.132242168,-0.966189874,-0.096957821,-0.843007891,-0.077376237,-0.649813376,-0.057114698,-0.74566509,-0.020894714,-2.564021504,-0.004470978,-1.632054471,-0.001776674,-0.977579456,-0.000284938,-0.220341952,0.000555846,0.451756745
2024-12-18,0.033333333,0.651288862,-0.025197092,0.283882235,-0.017487837,0.571019284,-0.017139481,0.676547619,-0.029561681,-0.104336632,-0.25,-0.849017256,-0.155793734,-1.253107754,-0.112262039,-1.105304794,-0.086007426,-0.754266225,-0.060972404,-0.767232787,-0.012905707,-1.58367858,-0.006157923,-2.247845423,-0.002889577,-1.589932279,-0.000915976,-0.708323409,0.000286615,0.232942488
2024-12-19,-0.054054054,-0.14536222,-0.030968484,0.159044667,-0.021144459,0.462108786,-0.018985209,0.602632116,-0.030051528,-0.128020009,0.166666667,0.94358256,-0.091301654,-0.467430462,-0.084369168,-0.62725269,-0.073373721,-0.601375752,-0.056419622,-0.741779057,0.015676289,1.923660871,-0.001791081,-0.653803686,-0.001032991,-0.568382521,-8.64E-05,-0.06678425,0.000594408,0.4830979
2024-12-20,0.051282051,0.814915056,-0.014518377,0.514867181,-0.013901808,0.677827229,-0.015471846,0.743331016,-0.028424856,-0.049372921,0.111111111,0.704569251,-0.050819101,0.025749825,-0.06482114,-0.292221705,-0.064149479,-0.489745894,-0.053069008,-0.723046411,0.008749484,1.073662288,0.000317032,0.115727192,-5.47E-05,-0.030121358,0.00035543,0.274853362,0.00075751,0.615656677
2024-12-23,0,0.347411645,-0.011614702,0.577674862,-0.012511627,0.719233012,-0.014698254,0.774310902,-0.027856359,-0.021886953,0,0.226542634,-0.040655281,0.149570963,-0.058339026,-0.181125637,-0.060942005,-0.450929709,-0.052007628,-0.717112437,0.005771235,0.708196892,0.001407873,0.51392004,0.000527855,0.290441477,0.00062622,0.484255232,0.000857784,0.697153565
2024-12-24,0.133333333,1.562920513,0.017374905,1.204731864,0.002072869,1.153624338,-0.007296675,1.070720371,-0.024632566,0.133978559,0.3,1.517214502,0.027475775,0.979580223,-0.022505124,0.433026733,-0.042894905,-0.232527446,-0.044967475,-0.67775229,-0.003269428,-0.40119637,0.000472413,0.172446209,0.000148126,0.081503589,0.000431437,0.333630197,0.00077524,0.630066742
2024-12-26,0,0.347411645,0.013899924,1.129566609,0.001865582,1.14745041,-0.006931841,1.085330789,-0.024139914,0.157797498,0.142857143,0.841148285,0.050552049,1.260707828,-0.005968897,0.716438866,-0.033607303,-0.120130808,-0.041210983,-0.656750459,-0.016149486,-1.981727522,-0.002851967,-1.041062155,-0.001481635,-0.815239993,-0.000397609,-0.307470421,0.000436745,0.354959451
2024-12-27,-0.166666667,-1.17197444,-0.022213394,0.348420835,-0.014987643,0.645486224,-0.014918582,0.765487465,-0.026990449,0.01997848,0,0.226542634,0.040441639,1.137537365,-0.005372007,0.726668877,-0.031926938,-0.099795378,-0.040386763,-0.652142405,0.003435946,0.421630097,-0.001594384,-0.582002955,-0.000989877,-0.544659909,-0.000205931,-0.1592462,0.000496729,0.403710731
2024-12-30,0.0625,0.917181427,-0.005270715,0.714897874,-0.007238879,0.876278977,-0.011047653,0.920505737,-0.02520064,0.106513012,-0.1,-0.203681322,0.012353311,0.795350212,-0.014834807,0.564487252,-0.035330591,-0.140985682,-0.041579028,-0.658808129,-0.00088142,-0.108160375,-0.001451792,-0.529951851,-0.000979031,-0.538692299,-0.000239705,-0.185363956,0.000469166,0.381309248
2024-12-31,0.125,1.486951209,0.020783428,1.278459595,0.005985009,1.270145324,-0.00424527,1.192919303,-0.022196627,0.251752446,-0.090909091,-0.164570054,-0.008299169,0.54375056,-0.022442235,0.434104574,-0.038109516,-0.174615656,-0.042565629,-0.664324028,-0.00315578,-0.387250505,-0.001792589,-0.65435428,-0.001196706,-0.658463577,-0.000385509,-0.298113852,0.000396667,0.322386625
2025-01-02,0.363636364,3.662435831,0.089354015,2.761669312,0.041750145,2.335390537,0.014148811,1.929543166,-0.014479968,0.624841169,0,0.226542634,-0.006639335,0.563971551,-0.020198012,0.472568014,-0.03620404,-0.151555983,-0.041714316,-0.659564502,0.014875819,1.825433939,0.001541092,0.562549594,0.000410547,0.225895019,0.000377557,0.291964674,0.00068625,0.557741701
2025-01-03,0.15,1.714859122,0.101483212,3.024028781,0.05257513,2.657806875,0.020941371,2.201563344,-0.011190368,0.783888277,-0.166666667,-0.490497293,-0.038644802,0.174063705,-0.034844877,0.221537384,-0.042727171,-0.230497566,-0.044213363,-0.673536196,0.001928595,0.236660773,0.001618593,0.590839848,0.000562351,0.309422607,0.000455109,0.351935476,0.000711097,0.577935709
2025-01-06,0.04,0.712064306,0.08918657,2.758047399,0.051317617,2.62035253,0.021894302,2.239725187,-0.010166561,0.8333878,0.222222222,1.182595869,0.013528603,0.809668251,-0.009138167,0.662121179,-0.029479702,-0.070179436,-0.038884652,-0.643744388,-0.014596048,-1.791102842,-0.001624335,-0.592936021,-0.000953489,-0.524638059,-0.000297449,-0.230016805,0.000404954,0.329121792
2025-01-07,-0.172413793,-1.224367063,0.036866497,1.62634293,0.028944476,1.953980627,0.012178897,1.850654446,-0.013411506,0.67649968,-0.142857143,-0.388063018,-0.017748546,0.428633156,-0.022510065,0.432942051,-0.035148574,-0.13878295,-0.040964102,-0.655370194,-0.004790228,-0.587816041,-0.002257514,-0.824067103,-0.001337163,-0.735746992,-0.000522088,-0.403729908,0.000301051,0.244675367
2025-01-08,-0.125,-0.792127918,0.004493198,0.926095284,0.013550029,1.495465332,0.005319953,1.575975745,-0.015643275,0.568597012,-0.071428571,-0.080760192,-0.028484551,0.297841354,-0.027401915,0.34910129,-0.036962574,-0.1607356,-0.041573391,-0.658776615,-0.017256068,-2.117517909,-0.005257225,-1.919060634,-0.002929053,-1.611653008,-0.001358787,-1.050748481,-5.01E-05,-0.040711325
2025-01-10,-0.259259259,-2.01607782,-0.048257294,-0.214919321,-0.0137309,0.682917625,-0.007909008,1.046198384,-0.020515595,0.333027793,-0.095238095,-0.183194467,-0.04183526,0.135195821,-0.034185533,0.232837786,-0.03987635,-0.195997514,-0.042646685,-0.664777197,0.014919092,1.830744048,-0.001221961,-0.446056266,-0.001144239,-0.629594453,-0.000544893,-0.421365071,0.000249292,0.202609104
2025-01-13,-0.043478261,-0.048949942,-0.047301487,-0.194244835,-0.016705636,0.59431672,-0.009687471,0.97497667,-0.020974848,0.310823596,0.1,0.65676659,-0.013468208,0.480778543,-0.02076698,0.462816542,-0.032882532,-0.111359785,-0.039793751,-0.64882699,0.01021636,1.253664744,0.001065703,0.389016712,-8.18E-06,-0.004500212,-6.83E-06,-0.005281754,0.000448633,0.364621358
2025-01-14,0.166666667,1.86679773,-0.004507856,0.73139882,0.001631594,1.140481206,-0.000869764,1.328097494,-0.017222018,0.492267213,0.2,1.086990546,0.029225434,1.000895503,0.001309718,0.841186057,-0.021238406,0.029555019,-0.034997876,-0.62201417,0.006504778,0.798211047,0.002153518,0.786105138,0.000643117,0.353862247,0.00031875,0.246489277,0.000569756,0.463062515
2025-01-15,0.097560976,1.236808378,0.01590591,1.172956898,0.011224532,1.42620168,0.004051773,1.525189235,-0.014926358,0.603258864,-0.0625,-0.042347339,0.010880347,0.777405766,-0.005071254,0.731823452,-0.023301485,0.004588056,-0.035547919,-0.625089352,0.004695692,0.576215343,0.002661953,0.971700619,0.001048374,0.576847087,0.000537597,0.415723512,0.000652275,0.530128589
2025-01-16,0.125,1.486951209,0.037724728,1.644906814,0.022602079,1.765075756,0.010099185,1.767368626,-0.012127831,0.738563381,-0.055555556,-0.012470675,-0.002406834,0.615534169,-0.010119684,0.645299096,-0.024914189,-0.014928547,-0.035948072,-0.627326529,0.006214756,0.762622003,0.003372513,1.231078736,0.001565013,0.861116929,0.000821455,0.635230589,0.000763525,0.620545363
2025-01-17,0.08,1.076716966,0.046179782,1.827793083,0.028341871,1.936032359,0.013594225,1.907333778,-0.010285274,0.827648181,-0.108108108,-0.238564346,-0.023547088,0.357992186,-0.019918526,0.477358073,-0.029073885,-0.065268325,-0.037391272,-0.635395189,0.00874024,1.072527944,0.004446059,1.622958257,0.002282535,1.255919515,0.001217395,0.941410041,0.000923059,0.750204932
2025-01-21,0.25,2.626490773,0.086943826,2.70953594,0.050507684,2.596229107,0.025414514,2.380698358,-0.005079569,1.079336095,0.181818182,1.008768008,0.017525966,0.858366275,0.000255144,0.823111865,-0.018529281,0.062340277,-0.033007083,-0.610884026,-0.000198038,-0.024301526,0.003517239,1.283908531,0.002034478,1.119430924,0.001146623,0.886682413,0.000900637,0.731981776
2025-01-22,0.125,1.486951209,0.094555061,2.874170048,0.057956916,2.81810044,0.030393788,2.580102293,-0.002477978,1.205119067,-0.08,-0.117636531,-0.001979228,0.620743497,-0.00777037,0.685563668,-0.021602817,0.025144983,-0.033946941,-0.616138594,0.006619363,0.812271868,0.004137664,1.510384011,0.002492966,1.371705046,0.00142026,1.098285635,0.001015012,0.824938266
2025-01-23,0,0.347411645,0.075644049,2.465117156,0.052161224,2.645478902,0.028874099,2.519243615,-0.002428418,1.207515196,0,0.226542634,-0.001583382,0.6255659,-0.006993333,0.698881199,-0.020522676,0.038216624,-0.033268003,-0.612342777,-0.024597826,-3.018435926,-0.001609434,-0.587496522,-0.000216113,-0.118911722,0.000119356,0.09229758,0.000502755,0.408607839
2025-01-24,-0.153846154,-1.055098587,0.029746008,1.472323854,0.031560486,2.031897071,0.019738086,2.153375667,-0.005456773,1.061098868,-0.016666667,0.154838641,-0.004600039,0.588815359,-0.007960666,0.682302204,-0.020329876,0.040549855,-0.032935976,-0.610486479,0.009767821,1.198623899,0.000666017,0.243118225,0.000782281,0.430434303,0.000601779,0.46535504,0.000688056,0.559209231
2025-01-27,-0.133333333,-0.868097223,-0.00286986,0.766829345,0.015071104,1.540769749,0.012084515,1.846874744,-0.008014304,0.937446138,-0.333333333,-1.20753722,-0.070346698,-0.212145887,-0.040497933,0.124650429,-0.035980049,-0.14884529,-0.038943923,-0.644075763,0.005161293,0.633349934,0.001565072,0.571303034,0.001220182,0.671380702,0.000829755,0.641648427,0.000777521,0.631920601
2025-01-28,0.05,0.803227471,0.007704112,0.995548665,0.018563994,1.644803576,0.01398029,1.92279441,-0.006854018,0.993544198,-0.129032258,-0.328585052,-0.08208381,-0.355133715,-0.049351366,-0.027087343,-0.040632659,-0.205150217,-0.04074569,-0.654149096,0.00039762,0.048792571,0.001331582,0.486071329,0.001137926,0.626120891,0.000808148,0.624939973,0.000769923,0.625745409
2025-01-29,-0.015873016,0.202708209,0.002988686,0.893552091,0.015120293,1.542234805,0.012487624,1.863017962,-0.007034398,0.984823103,-0.08,-0.117636531,-0.081667048,-0.350056495,-0.052416229,-0.07961562,-0.042601026,-0.228970986,-0.041530776,-0.658538363,0.005861279,0.719246267,0.002237521,0.816769122,0.001610261,0.886013965,0.001060804,0.82031904,0.00087175,0.708504158
2025-01-30,-0.0625,-0.222358137,-0.010109051,0.610242701,0.007358264,1.311046961,0.008738243,1.712867293,-0.00814371,0.931189559,-0.102564103,-0.214712706,-0.085846459,-0.400972333,-0.057431016,-0.165563376,-0.04559918,-0.265254022,-0.042751443,-0.665362876,-0.024411551,-2.995577856,-0.003092293,-1.128789136,-0.00099192,-0.545784291,-0.000212813,-0.164568375,0.000366084,0.297530266
2025-01-31,-0.205128205,-1.522601998,-0.049112882,-0.233426039,-0.013890383,0.678167508,-0.001955079,1.284634093,-0.0120834,0.740711566,-0.166666667,-0.490497293,-0.1020105,-0.597891402,-0.068354581,-0.352780867,-0.051652554,-0.338510702,-0.045229747,-0.679218603,0.008706421,1.068377882,-0.00073255,-0.267405099,-2.21E-05,-0.012152442,0.000233148,0.180293389,0.000532891,0.433100407
2025-02-03,-0.063492063,-0.231402101,-0.051988718,-0.29563155,-0.018850551,0.530431587,-0.005031929,1.16141617,-0.013111573,0.691000957,-0.074074074,-0.092141778,-0.096423215,-0.529824081,-0.068926531,-0.362583427,-0.05277363,-0.352077731,-0.045806634,-0.682443865,0.004700329,0.576784349,0.000354025,0.129230956,0.000450155,0.247689005,0.000456507,0.353016706,0.000616239,0.500841096
2025-02-04,-0.029411765,0.079284689,-0.047473327,-0.197961811,-0.019906673,0.498975584,-0.00625092,1.112599465,-0.013437577,0.675239169,-0.136363636,-0.360126397,-0.104411299,-0.62713923,-0.075670241,-0.478162963,-0.056953131,-0.402657176,-0.047617774,-0.692569603,0.008907125,1.093006591,0.002064645,0.753663705,0.001295852,0.713016871,0.000879038,0.679759434,0.000782057,0.635607417
2025-02-05,-0.161290323,-1.122961985,-0.070236726,-0.690343399,-0.034045038,0.077872031,-0.01400289,0.802157973,-0.016394632,0.532270078,0,0.226542634,-0.08352904,-0.372740281,-0.068103217,-0.348472769,-0.054105474,-0.368195428,-0.046665418,-0.687245166,0.001485213,0.182252747,0.001948759,0.711361346,0.001314788,0.723436084,0.000909347,0.703197166,0.00079612,0.64703705
2025-02-06,-0.025641026,0.11365994,-0.061317586,-0.497418766,-0.033204636,0.102902926,-0.014584797,0.778854477,-0.01657956,0.523329098,0,0.226542634,-0.066823232,-0.169221122,-0.061292895,-0.231751594,-0.051400201,-0.335456766,-0.04573211,-0.682027217,-0.004712527,-0.578281181,0.000616502,0.225043509,0.000712057,0.391795103,0.000628253,0.485827687,0.000685947,0.557495337
2025-02-07,-0.076923077,-0.353843471,-0.064438684,-0.564929389,-0.03757648,-0.027310084,-0.017701711,0.654032088,-0.01778643,0.464978759,0,0.226542634,-0.053458585,-0.006405795,-0.055163606,-0.126702536,-0.04883019,-0.304355038,-0.044817468,-0.676913627,-0.002450278,-0.300677276,3.15E-06,0.001148329,0.000395823,0.217793935,0.000474327,0.366796418,0.000623223,0.506516758
2025-02-10,-0.0625,-0.222358137,-0.064050948,-0.556542482,-0.040068832,-0.101543439,-0.019941626,0.564330712,-0.018680701,0.421742102,0.032258065,0.365324555,-0.036315255,0.202443494,-0.046421439,0.023128272,-0.044775778,-0.255289376,-0.043275957,-0.668295336,-0.005559664,-0.682234696,-0.001109416,-0.404973541,-0.000199725,-0.109894884,0.000172627,0.133492443,0.000499565,0.406015436
2025-02-11,-0.028169014,0.090613997,-0.056874561,-0.401314317,-0.038878851,-0.066100474,-0.020352995,0.547856689,-0.018870468,0.412567193,-0.111111111,-0.251483984,-0.051274426,0.020202805,-0.052890406,-0.087742475,-0.048092544,-0.295428198,-0.04463266,-0.675880404,0.008811696,1.081296359,0.000874806,0.319333162,0.000701417,0.385940582,0.000604581,0.467521627,0.000665808,0.541127096
2025-02-12,-0.035714286,0.021828913,-0.052642506,-0.309773244,-0.038562394,-0.056674988,-0.02112106,0.517098173,-0.019207344,0.396279735,0,0.226542634,-0.041019541,0.145133347,-0.047601365,0.002905671,-0.045687917,-0.266327899,-0.043740007,-0.67088975,0.009032594,1.108403046,0.002506364,0.914905515,0.001534534,0.844346956,0.001025981,0.793390351,0.000833143,0.677127161
2025-02-13,0,0.347411645,-0.042114005,-0.082037477,-0.034706155,0.058181017,-0.020065007,0.559389701,-0.018823197,0.41485265,-0.222222222,-0.729510602,-0.077260077,-0.296368405,-0.065063451,-0.296374634,-0.054514632,-0.373146976,-0.047309651,-0.690846949,0.001541139,0.189115492,0.002313319,0.844437751,0.001535195,0.844710369,0.001051739,0.813308908,0.000847303,0.68863546
2025-02-14,-0.055555556,-0.159050383,-0.044802315,-0.140186721,-0.036791095,-0.003917796,-0.021839534,0.488325579,-0.019557844,0.379333581,0.022727273,0.324320805,-0.057262607,-0.052748443,-0.056284379,-0.14591131,-0.050652537,-0.3264087,-0.045908913,-0.683015688,-0.001309566,-0.160698822,0.001588742,0.579943221,0.001250719,0.688183067,0.000933674,0.722009148,0.000804166,0.653576072
2025-02-18,-0.08,-0.381893676,-0.051841852,-0.292454773,-0.041111985,-0.132613183,-0.024747557,0.371868591,-0.020766687,0.320887862,-0.043478261,0.03948874,-0.054505738,-0.019162775,-0.055003767,-0.123963079,-0.050293823,-0.32206762,-0.0458603,-0.682743902,0.002393065,0.293656541,0.001749606,0.638664103,0.001364953,0.751038368,0.001006643,0.778436423,0.000835944,0.679403234
2025-02-19,-0.0625,-0.222358137,-0.053973481,-0.338562789,-0.043250787,-0.196316228,-0.02663518,0.29627539,-0.021601354,0.280533023,-0.228571429,-0.756826409,-0.089318876,-0.443275193,-0.072360533,-0.421438327,-0.059207704,-0.42994155,-0.049514522,-0.703173962,-0.002256606,-0.276911513,0.000948364,0.346184129,0.001002797,0.551769281,0.000843481,0.652263031,0.000774093,0.629134586
2025-02-20,-0.119047619,-0.73786413,-0.066988309,-0.620078807,-0.05083047,-0.422072993,-0.031255801,0.111234328,-0.023550279,0.186305459,-0.181818182,-0.555682741,-0.107818737,-0.668650476,-0.083306298,-0.609036298,-0.065338228,-0.504131878,-0.052160595,-0.717967651,-0.013340688,-1.637055707,-0.001909446,-0.697011004,-0.000431551,-0.237452359,0.000134273,0.103832819,0.000491797,0.399702267
2025-02-21,-0.235294118,-1.797604004,-0.100649471,-1.348183439,-0.069276835,-0.971487989,-0.041457717,-0.297319616,-0.027785156,-0.018444369,-0.139534884,-0.373769863,-0.114161967,-0.745927115,-0.088929157,-0.705405704,-0.06904806,-0.549027505,-0.053908081,-0.72773751,-0.008089424,-0.992665286,-0.003145442,-1.148190173,-0.001197338,-0.658811527,-0.000276912,-0.214136016,0.000320173,0.260216608
2025-02-24,-0.090909091,-0.481344401,-0.098701395,-1.306045763,-0.07144006,-1.035918494,-0.043930286,-0.396338047,-0.029047634,-0.079483287,-0.108695652,-0.241092101,-0.113068704,-0.732608397,-0.090905806,-0.739283231,-0.07103044,-0.573017852,-0.055003833,-0.733863647,-0.002043091,-0.250710727,-0.002924972,-1.067711263,-0.001281914,-0.705347369,-0.000365221,-0.282425226,0.000272908,0.221802333
2025-02-25,-0.090909091,-0.481344401,-0.097142934,-1.272335622,-0.073386963,-1.093905948,-0.046279226,-0.490405555,-0.030284864,-0.139301427,-0.066666667,-0.060273337,-0.103788296,-0.61954947,-0.088481892,-0.697740101,-0.070812251,-0.570377378,-0.055237089,-0.73516774,0.001543777,0.18943916,-0.002031222,-0.741463106,-0.000999345,-0.549869394,-0.000269771,-0.208613907,0.000298325,0.242460002
2025-02-26,-0.055555556,-0.159050383,-0.088825458,-1.092425236,-0.071603823,-1.040796064,-0.046743043,-0.508979914,-0.030790277,-0.163737414,-0.125,-0.311237311,-0.108030637,-0.671231952,-0.092133703,-0.760327987,-0.073521639,-0.603165822,-0.056632347,-0.742968362,-0.018915939,-2.321203189,-0.005408165,-1.974159,-0.002791004,-1.535694272,-0.00120208,-0.929567123,-8.60E-05,-0.069863185
2025-02-27,-0.064516129,-0.240737807,-0.083963592,-0.987261099,-0.070895053,-1.019685752,-0.047631697,-0.544567664,-0.031464794,-0.196349283,-0.244897959,-0.827067055,-0.135404101,-1.004710255,-0.107410129,-1.022148562,-0.082090455,-0.706863856,-0.06039766,-0.764019503,0.018136476,2.225554117,-0.000699237,-0.255244634,-0.000698256,-0.384201425,-0.000235152,-0.181842757,0.000278488,0.226338084
2025-02-28,-0.163265306,-1.14096656,-0.099823935,-1.330326769,-0.080132079,-1.294805554,-0.053413377,-0.776105387,-0.034100805,-0.323796354,-0.23655914,-0.791191456,-0.155635109,-1.251175298,-0.12032503,-1.243495291,-0.089813889,-0.800331256,-0.063920889,-0.783717206,-0.027625836,-3.390007598,-0.006084557,-2.221064192,-0.003391014,-1.865837771,-0.001604686,-1.240902269,-0.000279598,-0.227239909
2025-03-03,-0.25,-1.931667482,-0.129859148,-1.980000653,-0.097118871,-1.800747969,-0.063242709,-1.169738513,-0.038418789,-0.532564285,-0.277777778,-0.968523911,-0.180063643,-1.548776866,-0.136070305,-1.513351408,-0.099212083,-0.914066255,-0.068198027,-0.807629866,-0.005209535,-0.639269796,-0.005909552,-2.1571818,-0.003572866,-1.965898249,-0.001784929,-1.380283574,-0.000378197,-0.30737483
2025-03-04,-0.125,-0.792127918,-0.128887319,-1.958979583,-0.099906984,-1.883790405,-0.066330573,-1.293397566,-0.040150413,-0.616285673,-0.086206897,-0.144340087,-0.161292294,-1.320094169,-0.131083964,-1.427891193,-0.098561824,-0.906196951,-0.068558204,-0.809643549,-0.002098219,-0.257475599,-0.005147286,-1.878929292,-0.003425401,-1.884758742,-0.001800593,-1.392396938,-0.000412597,-0.335333373
2025-03-05,-0.048780488,-0.097286721,-0.112865952,-1.61243091,-0.094794334,-1.731512902,-0.065453069,-1.25825634,-0.040323014,-0.624630692,-0.210526316,-0.679192011,-0.171139098,-1.44005325,-0.139028199,-1.564046357,-0.104160049,-0.973945504,-0.071397567,-0.82551788,-0.007958498,-0.97659913,-0.005709528,-2.084166322,-0.003878711,-2.134183315,-0.002108488,-1.630492028,-0.000563515,-0.457990145
2025-03-06,-0.063829787,-0.234480898,-0.103058719,-1.400296467,-0.091697879,-1.639286675,-0.065371905,-1.255005979,-0.04079315,-0.647361024,-0.188405797,-0.58402424,-0.174592438,-1.482123697,-0.143965959,-1.648673949,-0.108372336,-1.024921732,-0.073737731,-0.838601293,-0.005797858,-0.711463876,-0.005727194,-2.09061502,-0.004070626,-2.239780576,-0.002292957,-1.773141353,-0.000668202,-0.543073119
2025-03-07,-0.135135135,-0.884523018,-0.109474003,-1.539061654,-0.096041605,-1.768662191,-0.068860066,-1.394695639,-0.04267999,-0.738586844,-0.15,-0.4187933,-0.16967395,-1.42220403,-0.144569363,-1.65901561,-0.110453719,-1.0501102,-0.075262977,-0.847128649,-0.014429433,-1.770657314,-0.007467642,-2.725935948,-0.005106507,-2.809753288,-0.002899781,-2.242397646,-0.000943427,-0.766758579
2025-03-10,-0.296296296,-2.353719173,-0.146838461,-2.347270108,-0.116067074,-2.365109957,-0.080231878,-1.850100147,-0.047752316,-0.98382607,-0.236111111,-0.789263929,-0.182961382,-1.584078692,-0.153723538,-1.815907764,-0.116736589,-1.126144185,-0.078479939,-0.865114072,0.00495166,0.607625544,-0.004983782,-1.819244905,-0.00410069,-2.256322773,-0.002507209,-1.938822078,-0.000825525,-0.670935387
2025-03-11,-0.125,-0.792127918,-0.142470769,-2.252795147,-0.116960367,-2.391716194,-0.082470284,-1.939741118,-0.049297269,-1.058522222,-0.120689655,-0.292693175,-0.170507037,-1.432353141,-0.150420149,-1.759291443,-0.116934242,-1.128536144,-0.079324134,-0.869833801,-0.00654605,-0.803275542,-0.005296235,-1.933300789,-0.004345226,-2.390873818,-0.002709151,-2.09498368,-0.000939935,-0.763921123
2025-03-12,-0.181818182,-1.310100448,-0.150340252,-2.423015258,-0.123446148,-2.584891688,-0.087437679,-2.138669321,-0.051947688,-1.186665899,-0.132075472,-0.341677686,-0.162820724,-1.338714331,-0.148585682,-1.72785075,-0.117691304,-1.137697945,-0.08037916,-0.875732254,-0.0042615,-0.522934984,-0.005089288,-1.857758249,-0.004336853,-2.386266948,-0.002786768,-2.155005179,-0.001006367,-0.817912338
2025-03-13,-0.084745763,-0.42515755,-0.137221354,-2.139248159,-0.11957611,-2.469624683,-0.087303083,-2.133279192,-0.052603649,-1.218380636,-0.02173913,0.133015687,-0.134604405,-0.994967924,-0.135901027,-1.510450176,-0.112893695,-1.07963828,-0.07920636,-0.86917535,-0.0042615,-0.522934984,-0.005089288,-1.857758249,-0.004336853,-2.386266948,-0.002786768,-2.155005179,-0.001006367,-0.817912338
2025-03-14,0.0625,0.917181427,-0.097277083,-1.27523732,-0.101368499,-1.927320839,-0.079812929,-1.833322587,-0.050301576,-1.107078922,0,0.226542634,-0.107683524,-0.667003236,-0.122310924,-1.277531261,-0.10724901,-1.011327476,-0.077622233,-0.860318798,-0.0042615,-0.522934984,-0.005089288,-1.857758249,-0.004336853,-2.386266948,-0.002786768,-2.155005179,-0.001006367,-0.817912338
