date,news_tsla_SMA1,news_tsla_SMA1_scaled,news_tsla_EMA0.2,news_tsla_EMA0.2_scaled,news_tsla_EMA0.1,news_tsla_EMA0.1_scaled,news_tsla_EMA0.05,news_tsla_EMA0.05_scaled,news_tsla_EMA0.02,news_tsla_EMA0.02_scaled,reddit_tsla_SMA1,reddit_tsla_SMA1_scaled,reddit_tsla_EMA0.2,reddit_tsla_EMA0.2_scaled,reddit_tsla_EMA0.1,reddit_tsla_EMA0.1_scaled,reddit_tsla_EMA0.05,reddit_tsla_EMA0.05_scaled,reddit_tsla_EMA0.02,reddit_tsla_EMA0.02_scaled,stock_tsla_SMA1,stock_tsla_SMA1_scaled,stock_tsla_EMA0.2,stock_tsla_EMA0.2_scaled,stock_tsla_EMA0.1,stock_tsla_EMA0.1_scaled,stock_tsla_EMA0.05,stock_tsla_EMA0.05_scaled,stock_tsla_EMA0.02,stock_tsla_EMA0.02_scaled
2024-03-01,-0.1,-0.549304649,-0.055405721,-0.552350306,-0.051184402,-0.649615115,-0.036094815,-0.509947606,-0.028825773,-0.228408195,0,0.198311645,0.004388653,0.511499781,-0.070970488,-0.035855802,-0.131106851,-0.700437041,-0.145659691,-1.269990033,-0.078900986,-2.036148704,-0.015160855,-1.134019697,-0.00674251,-0.719564376,-0.004398389,-0.665780635,0.000387046,0.062941897
2024-03-04,-0.387096774,-2.416758157,-0.121743931,-1.457238008,-0.08477564,-1.22811206,-0.053644913,-0.901096587,-0.035991193,-0.438174213,-0.2,-0.374738665,-0.036489078,0.228172098,-0.083873439,-0.145516246,-0.134551509,-0.736102479,-0.146746497,-1.286286561,-0.01671673,-0.43139827,-0.01547203,-1.15729534,-0.007739932,-0.826009811,-0.005014306,-0.75901152,4.50E-05,0.007313109
2024-03-05,-0.04,-0.159027848,-0.105395145,-1.234232058,-0.080298076,-1.151000966,-0.052962667,-0.885890992,-0.036071369,-0.440521351,0,0.198311645,-0.029191262,0.278753995,-0.075486095,-0.07423334,-0.127823933,-0.666446228,-0.143811567,-1.242277639,-0.03133507,-0.808644667,-0.018644638,-1.394603845,-0.010099446,-1.07781843,-0.006330344,-0.958219186,-0.000582631,-0.094748188
2024-03-06,-0.214285714,-1.292689031,-0.127173259,-1.53129686,-0.093696839,-1.381749953,-0.061028819,-1.065665902,-0.039635656,-0.544865028,-0.285714286,-0.620331655,-0.080495867,-0.076843406,-0.096508914,-0.252903448,-0.135718451,-0.748184813,-0.146649621,-1.284833923,0.041009427,1.058304796,-0.006713825,-0.502188681,-0.004988558,-0.532381709,-0.003963355,-0.599929991,0.000249211,0.040526955
2024-03-07,-0.176470588,-1.046716257,-0.137032725,-1.665785103,-0.101974214,-1.524300108,-0.066800908,-1.194311709,-0.042372355,-0.624981249,-0.2,-0.374738665,-0.104396693,-0.242502452,-0.106858023,-0.340859128,-0.138932528,-0.781462862,-0.147716629,-1.300833574,-0.03333335,-0.860213045,-0.01203773,-0.900412468,-0.007823038,-0.834878896,-0.005431855,-0.822215639,-0.000422441,-0.068697881
2024-03-08,-0.076923077,-0.399198187,-0.125010795,-1.501799729,-0.099469101,-1.481157885,-0.067307016,-1.205591635,-0.043063369,-0.645210538,-0.6,-1.520839285,-0.203517355,-0.929517774,-0.15617222,-0.759973852,-0.161985902,-1.020153842,-0.156762296,-1.43647227,0.013223182,0.34124245,-0.006985548,-0.522513305,-0.005718416,-0.610272471,-0.004499103,-0.681025722,-0.000149528,-0.024316484
2024-03-11,-0.263157895,-1.610583668,-0.152640215,-1.878679389,-0.11583798,-1.7630572,-0.07709956,-1.423843612,-0.04746526,-0.774074867,0,0.198311645,-0.162813884,-0.647397903,-0.140554998,-0.627245185,-0.153886607,-0.936295023,-0.15362705,-1.389459634,-0.026551168,-0.685189483,-0.010898672,-0.815211818,-0.007801691,-0.832600757,-0.005601707,-0.847925904,-0.000677561,-0.110185897
2024-03-12,-0.08,-0.419212382,-0.138112172,-1.680509325,-0.112254182,-1.701338241,-0.077244582,-1.427075799,-0.048115954,-0.793123807,0,0.198311645,-0.130251107,-0.421702006,-0.126499499,-0.507789385,-0.146192277,-0.856629145,-0.150554509,-1.343387251,-0.030511405,-0.787388869,-0.014821218,-1.10861514,-0.010072662,-1.074960088,-0.006847191,-1.036453978,-0.001274238,-0.207218305
2024-03-13,-0.238095238,-1.447560777,-0.158108785,-1.953273531,-0.124838288,-1.918057459,-0.085287115,-1.606324286,-0.05191554,-0.904355801,-0.875,-2.308783461,-0.279200886,-1.454087977,-0.201349549,-1.143929879,-0.182632663,-1.233927133,-0.165043419,-1.560646712,-0.027478098,-0.709110192,-0.017352594,-1.297960011,-0.011813206,-1.260711861,-0.007878737,-1.192598182,-0.001798315,-0.292444454
2024-03-14,-0.217391304,-1.312889693,-0.169965289,-2.11500241,-0.134093589,-2.077449139,-0.091892324,-1.753538333,-0.055225055,-1.001241098,1,3.063563195,-0.023360708,0.319166151,-0.081214594,-0.12291908,-0.12350103,-0.621687567,-0.141742551,-1.211252991,0.042044622,1.085019411,-0.005473151,-0.409387274,-0.006427423,-0.685938146,-0.005382569,-0.81475521,-0.000921456,-0.149848492
2024-03-15,0.029411765,0.292468843,-0.130089878,-1.571081065,-0.117743054,-1.795865739,-0.08582712,-1.618359684,-0.053532319,-0.95168663,0.071428571,0.40297247,-0.004402853,0.450564967,-0.065950277,0.00681029,-0.11375455,-0.520774056,-0.137479128,-1.147323483,0.013763065,0.355174858,-0.001625908,-0.121616597,-0.004408374,-0.470464142,-0.004425287,-0.669852235,-0.000627766,-0.102088155
2024-03-18,0.045454545,0.396820929,-0.094980994,-1.092177613,-0.101423294,-1.514812344,-0.079263037,-1.47206224,-0.051552582,-0.893730278,-0.333333333,-0.756772205,-0.070188949,-0.005405115,-0.092688583,-0.220434968,-0.124733489,-0.634448254,-0.141396213,-1.206059689,0.003713155,0.095823081,-0.000558095,-0.04174508,-0.003596221,-0.383790733,-0.004018365,-0.608256756,-0.000540948,-0.087969625
2024-03-19,0,0.101156686,-0.075984795,-0.833059581,-0.091280965,-1.340144572,-0.075299885,-1.383733228,-0.05052153,-0.863546479,-0.166666667,-0.27923028,-0.089484492,-0.139144478,-0.100086391,-0.283307945,-0.126830148,-0.656156728,-0.141901622,-1.213638237,0.019595372,0.505685589,0.003472598,0.259747533,-0.001277062,-0.136288763,-0.002837678,-0.429537116,-0.000138221,-0.02247771
2024-03-20,0.266666667,1.835720244,-0.007454503,0.101729255,-0.055486201,-0.723699247,-0.058201557,-1.00265311,-0.044177766,-0.677834254,1,3.063563195,0.128412406,1.37112095,0.009922248,0.651640661,-0.07048864,-0.072805682,-0.119063589,-0.871184685,-0.054991762,-1.419138228,-0.008220274,-0.614869841,-0.006648532,-0.70953502,-0.005445382,-0.824263249,-0.001235292,-0.200884863
2024-03-21,-0.266666667,-1.633406872,-0.059296935,-0.605428497,-0.076604248,-1.087387114,-0.068624813,-1.234962113,-0.048627544,-0.808100478,-0.285714286,-0.620331655,0.045587068,0.797050158,-0.019641405,0.400383154,-0.081249923,-0.184226294,-0.122396603,-0.921162828,0.012418214,0.32046912,-0.004092576,-0.306121406,-0.004741857,-0.506053654,-0.004552203,-0.689063325,-0.000962222,-0.156477829
2024-03-22,-0.12,-0.679396915,-0.071437548,-0.771032773,-0.080943823,-1.162121813,-0.071193572,-1.292213509,-0.050054993,-0.849888722,0.125,0.556468089,0.061469654,0.90713397,-0.005177265,0.523311936,-0.070937426,-0.077452342,-0.117448671,-0.846969181,0.05818919,1.501652243,0.008363777,0.625603736,0.001551247,0.165549965,-0.001415133,-0.214207569,0.000220806,0.035907834
2024-03-25,0.16,1.141894821,-0.025150039,-0.139647063,-0.056849441,-0.747176496,-0.059633894,-1.0345764,-0.045853893,-0.726902493,0.272727273,0.979743886,0.103721178,1.199983551,0.022613189,0.759499259,-0.053754191,0.100460152,-0.109645152,-0.729956353,0.015847249,0.408960114,0.009860471,0.737555275,0.002980847,0.318117691,-0.000552014,-0.083557907,0.000533335,0.086731704
2024-03-26,0,0.101156686,-0.020120031,-0.071035141,-0.051164497,-0.649272308,-0.056652199,-0.96812168,-0.044936815,-0.70005525,0,0.198311645,0.082976942,1.056203158,0.02035187,0.740280614,-0.051066482,0.128288271,-0.107452249,-0.697074036,-0.021829043,-0.563328534,0.003522569,0.263485274,0.000499858,0.05334517,-0.001615865,-0.244592262,8.61E-05,0.013999696
2024-03-27,0.041666667,0.372182242,-0.007762691,0.097525399,-0.04188138,-0.489401613,-0.051736256,-0.858557266,-0.043204746,-0.64934931,-0.2,-0.374738665,0.026381554,0.663934799,-0.001683317,0.553006528,-0.058513158,0.051186568,-0.109303204,-0.724828884,-0.007213293,-0.186148962,0.001375396,0.102878527,-0.000271457,-0.028970007,-0.001895737,-0.286956171,-5.99E-05,-0.009741008
2024-03-28,0.135135135,0.980158489,0.020816874,0.487365536,-0.024179729,-0.184549747,-0.042392686,-0.650311836,-0.039637948,-0.544932133,0.125,0.556468089,0.046105243,0.800641683,0.010985015,0.660672973,-0.0493375,0.146189877,-0.10461714,-0.654561916,-0.06482374,-1.672865961,-0.011864431,-0.88744984,-0.006726685,-0.717875549,-0.005042137,-0.763224286,-0.001355177,-0.220380688
2024-04-01,-0.206896552,-1.244625385,-0.024725811,-0.13386038,-0.042451411,-0.49921849,-0.050617879,-0.833631381,-0.04298312,-0.642861274,-0.285714286,-0.620331655,-0.020258663,0.340666744,-0.018684915,0.408512234,-0.061156339,0.023819486,-0.108239083,-0.708872515,-0.00443093,-0.114346258,-0.010377731,-0.776245868,-0.00649711,-0.693375125,-0.005011577,-0.758598392,-0.001416692,-0.230384352
2024-04-02,-0.384615385,-2.400617677,-0.096703726,-1.115676578,-0.076667808,-1.088481732,-0.067317755,-1.205830966,-0.049815766,-0.842885388,-0.5,-1.23431413,-0.11620693,-0.324360396,-0.066816424,-0.000550973,-0.083098522,-0.203366403,-0.116074301,-0.826360672,0.036885763,0.951887963,-0.000925032,-0.069191645,-0.002158822,-0.230390704,-0.00291671,-0.441500025,-0.000650643,-0.105808402
2024-04-03,0,0.101156686,-0.077362981,-0.851858753,-0.069001028,-0.956447021,-0.063951867,-1.130813519,-0.04881945,-0.813718487,-0.166666667,-0.27923028,-0.126298877,-0.394308703,-0.076801448,-0.085412349,-0.087276929,-0.24662897,-0.117086149,-0.841533201,-0.005821165,-0.150223174,-0.001904259,-0.142436995,-0.002525056,-0.269475424,-0.003061932,-0.463482278,-0.000754053,-0.122625148
2024-04-04,0.058823529,0.483781,-0.050125679,-0.480327785,-0.056218572,-0.736311885,-0.057813097,-0.993995276,-0.046666591,-0.750694019,0.428571429,1.426276595,-0.015324816,0.374863732,-0.02626416,0.344097251,-0.061484512,0.020421641,-0.106172997,-0.677891805,0.001537701,0.039682497,-0.001215867,-0.090945836,-0.002118781,-0.22611745,-0.002831951,-0.428670134,-0.000708218,-0.115171384
2024-04-05,-0.055555556,-0.260210722,-0.051211654,-0.495141054,-0.05615227,-0.73517006,-0.05770022,-0.991479521,-0.04684437,-0.755898467,-0.2,-0.374738665,-0.052259853,0.118863259,-0.043637744,0.196441501,-0.068410286,-0.05128673,-0.108049537,-0.706030298,0.021081891,0.544047252,0.003243685,0.242625007,0.000201286,0.021481401,-0.001636259,-0.247679166,-0.000272416,-0.04430064
2024-04-08,0.037037037,0.342068291,-0.033561916,-0.254389443,-0.04683334,-0.574682582,-0.052963357,-0.885906374,-0.045166742,-0.70678629,-0.4,-0.947788975,-0.121807882,-0.363181162,-0.07927397,-0.106425979,-0.084989772,-0.2229481,-0.113888546,-0.79358554,0.000751776,0.019400621,0.002745303,0.205346456,0.000256335,0.027356258,-0.001516857,-0.22960542,-0.000251932,-0.04096953
2024-04-09,0,0.101156686,-0.026849533,-0.162829045,-0.042150006,-0.494027786,-0.050315189,-0.826885156,-0.044263407,-0.680341372,0,0.198311645,-0.097446306,-0.194328613,-0.071346573,-0.0390521,-0.080740283,-0.178949568,-0.111610775,-0.759430639,-0.002831659,-0.073074861,0.001629911,0.121916006,-5.25E-05,-0.005598988,-0.001582597,-0.239556447,-0.000303527,-0.049359904
2024-04-10,-0.052631579,-0.241191385,-0.032005942,-0.23316515,-0.043198163,-0.512078797,-0.050431009,-0.829466491,-0.04443077,-0.685240898,-0.25,-0.518001242,-0.127957045,-0.405801628,-0.089211916,-0.190887241,-0.089203269,-0.266573984,-0.11437856,-0.800933234,-0.001217077,-0.031408361,0.001060513,0.079325523,-0.000168925,-0.018027807,-0.001564321,-0.236790028,-0.000321798,-0.052331161
2024-04-11,-0.035714286,-0.131150934,-0.032747611,-0.243281897,-0.042449775,-0.499190317,-0.049695173,-0.813066493,-0.044256441,-0.680137436,-0.2,-0.374738665,-0.142365636,-0.505669029,-0.100290724,-0.285044542,-0.094743105,-0.323932574,-0.116090989,-0.826610899,-0.012185162,-0.314454911,-0.001588622,-0.118827639,-0.001370549,-0.146265754,-0.002095363,-0.317173448,-0.000559065,-0.090915893
2024-04-12,-0.090909091,-0.4901718,-0.044379907,-0.401952466,-0.047295707,-0.582645314,-0.051755869,-0.858994391,-0.045189494,-0.707452347,-0.619047619,-1.575415505,-0.237702032,-1.166455231,-0.152166414,-0.725929039,-0.120958331,-0.59536087,-0.126150121,-0.977446383,-0.079299809,-2.046440885,-0.017130859,-1.281374428,-0.009163475,-0.977931135,-0.005955585,-0.901492261,-0.00213388,-0.347014437
2024-04-15,-0.344827586,-2.141813433,-0.104469443,-1.221604994,-0.077048895,-1.095044671,-0.066409454,-1.185587165,-0.051182256,-0.882889068,-0.333333333,-0.756772205,-0.256828293,-1.299021274,-0.170283106,-0.879900364,-0.131577081,-0.705305727,-0.130293786,-1.039580131,0.005741954,0.148179037,-0.012556297,-0.93920084,-0.007672932,-0.818859571,-0.005370708,-0.812959895,-0.001976363,-0.321398861
2024-04-16,-0.111111111,-0.62157813,-0.105797776,-1.239724157,-0.080455116,-1.15370547,-0.068644537,-1.235401723,-0.052380833,-0.917977136,0,0.198311645,-0.205462634,-0.943000702,-0.153254795,-0.735179046,-0.124998227,-0.637189314,-0.12768791,-1.000505338,-0.040535393,-1.046071698,-0.018152116,-1.357763598,-0.010959178,-1.169569576,-0.007128943,-1.079102429,-0.002747544,-0.446809303
2024-04-17,-0.192307692,-1.149730496,-0.12309976,-1.475732208,-0.091640374,-1.346334199,-0.074827695,-1.373209265,-0.05517937,-0.999903667,-0.222222222,-0.438410921,-0.208814552,-0.966233182,-0.160151538,-0.793793534,-0.129859427,-0.687521406,-0.129578596,-1.028855951,-0.015074372,-0.389014949,-0.017536567,-1.311721045,-0.011370698,-1.213487152,-0.007526214,-1.139237099,-0.00299408,-0.486901415
2024-04-18,-0.166666667,-0.982945538,-0.131813141,-1.594587263,-0.099143003,-1.475541947,-0.079419644,-1.475552626,-0.057409116,-1.065178965,-1,-2.666939904,-0.367051641,-2.062990445,-0.244136384,-1.507569429,-0.173366456,-1.137986292,-0.146987024,-1.289893238,-0.056454344,-1.456882154,-0.025320123,-1.893924683,-0.015879062,-1.694622319,-0.009972621,-1.509547722,-0.004063286,-0.660777034
2024-04-19,-0.162162162,-0.953645478,-0.137882945,-1.67738255,-0.105444919,-1.584071415,-0.083556769,-1.567759096,-0.059504177,-1.12651139,-0.166666667,-0.27923028,-0.326974646,-1.785212742,-0.236389412,-1.44172896,-0.173031466,-1.134517864,-0.147380617,-1.295795116,0.019706917,0.508564168,-0.016314715,-1.22032745,-0.012320464,-1.314846773,-0.008488644,-1.284919307,-0.003587881,-0.583466178
2024-04-22,-0.129032258,-0.738148262,-0.136112808,-1.653236955,-0.107803653,-1.624692734,-0.085830544,-1.618435996,-0.060894738,-1.167219761,-0.066666667,0.007294875,-0.27491305,-1.424368558,-0.219417138,-1.297483885,-0.167713226,-1.079453649,-0.145766338,-1.271589196,0.136119405,3.512748854,0.014172109,1.060062304,0.002523523,0.269311726,-0.001258241,-0.190458989,-0.000793736,-0.129078391
2024-04-23,0.178082192,1.259512487,-0.073273808,-0.796080308,-0.079215069,-1.132349785,-0.072634907,-1.324337359,-0.0561152,-1.027299871,-0.125,-0.159844799,-0.24493044,-1.216556057,-0.209975424,-1.217240031,-0.165577565,-1.05734135,-0.145351011,-1.265361421,-0.023827006,-0.61488874,0.006572286,0.491601685,-0.00011153,-0.011902578,-0.00238668,-0.361269798,-0.001254401,-0.203992428
2024-04-24,-0.035714286,-0.131150934,-0.065761903,-0.693614024,-0.07486499,-1.057434205,-0.070788876,-1.283193819,-0.055707181,-1.01535523,0.75,2.347250307,-0.045944352,0.162636633,-0.113977882,-0.401369849,-0.119798687,-0.583354094,-0.127443991,-0.996847804,0.062216903,1.605592949,0.01770121,1.324036155,0.006121313,0.653269918,0.0008435,0.127679875,1.50E-05,0.002443373
2024-04-25,0.166666667,1.18525891,-0.019276189,-0.059524703,-0.050711825,-0.641476541,-0.058916099,-1.018578505,-0.051259705,-0.885156368,-0.5,-1.23431413,-0.136755482,-0.466784485,-0.152580093,-0.729444848,-0.138808752,-0.780181304,-0.134895111,-1.108576456,0.115901637,2.991001487,0.037341295,2.793098653,0.017099345,1.824851609,0.006596406,0.998492855,0.002332757,0.379356149
2024-04-26,0.2,1.402079355,0.024579048,0.538683554,-0.025640642,-0.209709102,-0.045970294,-0.730048012,-0.04623451,-0.73804497,0.05,0.341574223,-0.099404385,-0.207900261,-0.132322084,-0.557274755,-0.129368315,-0.682436507,-0.131197209,-1.053126856,-0.007642514,-0.197225603,0.028344533,2.120148152,0.014625159,1.560805118,0.00588446,0.890726147,0.002133252,0.346912306
2024-04-29,-0.081081081,-0.426244396,0.003447023,0.250431728,-0.031184686,-0.305186754,-0.047725833,-0.769174713,-0.046931442,-0.758447477,-0.307692308,-0.683304216,-0.14106197,-0.496633189,-0.149859106,-0.706319546,-0.138284514,-0.774753427,-0.134727111,-1.106057312,-0.026633842,-0.687323012,0.017348858,1.29768055,0.010499259,1.120486766,0.004258545,0.644612653,0.00155791,0.253349425
2024-04-30,0,0.101156686,0.002757618,0.241027892,-0.028066217,-0.25148154,-0.045339542,-0.715990078,-0.045992813,-0.730969334,0.2,0.771361955,-0.072849576,-0.023846192,-0.114873196,-0.408979004,-0.121370289,-0.599626212,-0.128032569,-1.005673456,0.004725278,0.121942314,0.014824142,1.108833836,0.009921861,1.058866519,0.004281882,0.648145101,0.001621257,0.26365106
2024-05-01,-0.315789474,-1.952931739,-0.0609518,-0.628001715,-0.056838543,-0.746988818,-0.058862038,-1.017373624,-0.051388746,-0.888934034,0.142857143,0.607633295,-0.029708232,0.275170823,-0.089100162,-0.189937461,-0.108158917,-0.462837763,-0.122614775,-0.924434283,-0.004156155,-0.107255309,0.011028083,0.824891662,0.00851406,0.908625151,0.00385998,0.584282151,0.001505709,0.244860447
2024-05-02,-0.111111111,-0.62157813,-0.070983662,-0.764841534,-0.0622658,-0.840455202,-0.061474492,-1.07559886,-0.052583194,-0.923901203,0.125,0.556468089,0.001233414,0.489630502,-0.067690146,-0.007976617,-0.096500971,-0.342133237,-0.117662479,-0.850175207,0.009335513,0.240915777,0.010689569,0.799571091,0.008596205,0.917391746,0.004133757,0.625723505,0.001662305,0.270326314
2024-05-03,0.071428571,0.565771925,-0.042501216,-0.376326143,-0.048896363,-0.61021127,-0.054829339,-0.927494564,-0.050102958,-0.851292887,0.1875,0.735546311,0.038486731,0.747837008,-0.042171131,0.20890605,-0.082300923,-0.195108183,-0.111559229,-0.758657713,-0.007617025,-0.19656782,0.00702825,0.525707417,0.006974882,0.744363262,0.003546218,0.536788178,0.001476718,0.240145969
2024-05-06,-0.157894737,-0.925887526,-0.06557992,-0.691131674,-0.0597962,-0.797924589,-0.059982609,-1.042348412,-0.052258794,-0.914404476,-0.4,-0.947788975,-0.049210615,0.139997837,-0.077954018,-0.095207886,-0.098185877,-0.35957848,-0.117328045,-0.845160407,-0.059265339,-1.529423773,-0.006230468,-0.466033954,0.00035086,0.037443952,0.00040564,0.061401381,0.000261877,0.042586844
2024-05-07,-0.2,-1.199765983,-0.092463936,-1.057843637,-0.07381658,-1.03937884,-0.066983478,-1.19838076,-0.055213618,-1.00090627,0,0.198311645,-0.039368492,0.208214586,-0.070158616,-0.028955816,-0.093276583,-0.308748429,-0.114981484,-0.809974008,0.019931221,0.514352634,-0.00099813,-0.07465932,0.002308896,0.246406653,0.001381919,0.209179975,0.000655264,0.106559954
2024-05-08,0,0.101156686,-0.073971149,-0.805592401,-0.066434922,-0.912254418,-0.063634304,-1.123735823,-0.054109346,-0.968578952,0,0.198311645,-0.031494794,0.262787985,-0.063142755,0.030671047,-0.088612754,-0.260459881,-0.112681854,-0.775491337,-0.011199312,-0.289013671,-0.003038366,-0.227267345,0.000958075,0.102246314,0.000752857,0.113959428,0.000418173,0.068003809
2024-05-09,0.142857143,1.030387164,-0.03060549,-0.214062263,-0.045505716,-0.55181869,-0.053309732,-0.893626226,-0.050170016,-0.853255982,0.2,0.771361955,0.014804165,0.583690748,-0.036828479,0.25431253,-0.074182116,-0.111047343,-0.106428217,-0.6817188,-0.017624981,-0.454836933,-0.005955689,-0.445480742,-0.00090023,-0.096073092,-0.000166035,-0.02513252,5.73E-05,0.009319763
2024-05-10,-0.090909091,-0.4901718,-0.042666211,-0.378576759,-0.050046053,-0.63001085,-0.0551897,-0.935526138,-0.050984797,-0.877108522,-0.153846154,-0.242496286,-0.018925899,0.349904266,-0.048530247,0.154860784,-0.078165318,-0.152288785,-0.107376576,-0.695939326,0.026470588,0.683110015,0.000529566,0.039611122,0.001836851,0.1960298,0.001165797,0.176465711,0.000585575,0.095227031
2024-05-13,-0.076923077,-0.399198187,-0.049517584,-0.472033054,-0.052733756,-0.676297553,-0.056276369,-0.959745342,-0.051503563,-0.892295265,-0.2,-0.374738665,-0.055140719,0.098895686,-0.063677222,0.026128681,-0.084257052,-0.215361635,-0.109229044,-0.723716868,0.030945524,0.798591894,0.006612758,0.494628926,0.004747719,0.506679163,0.002654783,0.401852403,0.001192774,0.193970555
2024-05-14,0,0.101156686,-0.039614067,-0.336943934,-0.04746038,-0.58548126,-0.05346255,-0.897032176,-0.050473492,-0.862140167,-0.333333333,-0.756772205,-0.110779242,-0.28674054,-0.090642833,-0.203048416,-0.096710866,-0.344306454,-0.11371113,-0.790925206,-0.032240067,-0.831999358,-0.001157807,-0.086603039,0.00104894,0.111943471,0.00091004,0.137752108,0.000524117,0.085232673
2024-05-15,0.0625,0.50769502,-0.019191254,-0.058366135,-0.036464342,-0.396111206,-0.047664423,-0.767806022,-0.048214022,-0.795994709,-0.2,-0.374738665,-0.128623393,-0.410420158,-0.10157855,-0.295989599,-0.101875323,-0.397778421,-0.115436908,-0.81680303,-0.003159121,-0.081525482,-0.00155807,-0.116542376,0.000628134,0.067034805,0.000706582,0.106954817,0.000450453,0.073253207
2024-05-16,-0.15,-0.874535316,-0.045353003,-0.415226004,-0.047817908,-0.591638483,-0.052781202,-0.881846572,-0.050249741,-0.855589929,0,0.198311645,-0.102898715,-0.23211981,-0.091420695,-0.209659358,-0.096781557,-0.345038373,-0.113128169,-0.782183779,0.023105701,0.596274466,0.003374684,0.252423649,0.002875891,0.306916647,0.001826538,0.276481665,0.000903558,0.146937755
2024-05-17,-0.04,-0.159027848,-0.044282402,-0.400622456,-0.047036117,-0.578174746,-0.052142142,-0.867603478,-0.050044747,-0.849588753,-0.071428571,-0.00634918,-0.096604686,-0.188495261,-0.089421482,-0.192668321,-0.095513907,-0.331913334,-0.112294177,-0.76967817,-0.01154541,-0.29794523,0.000390665,0.029221448,0.001433761,0.153011722,0.001157941,0.175276598,0.000654578,0.106448392
2024-05-20,0,0.101156686,-0.035425922,-0.279815455,-0.042332505,-0.497170733,-0.049535034,-0.809497405,-0.049043852,-0.820287785,0.142857143,0.607633295,-0.04871232,0.143451567,-0.06619362,0.004742154,-0.083595355,-0.208510528,-0.107191151,-0.693158902,0.041821046,1.079249742,0.008676741,0.649013242,0.005472489,0.584027071,0.003191096,0.48303371,0.001477908,0.240339335
2024-05-21,0.136363636,0.988149415,-0.00106801,0.188844332,-0.024462891,-0.189426272,-0.040240101,-0.602335953,-0.045335702,-0.711732556,0.5,1.63093742,0.061030144,0.904087678,-0.009574258,0.485942485,-0.054415587,0.093612167,-0.095047328,-0.511063735,-0.005742428,-0.148191278,0.005792908,0.433304795,0.004350997,0.464340851,0.00274442,0.415420682,0.001333501,0.216855718
2024-05-22,0.105263158,0.785852827,0.020198223,0.478926821,-0.011490286,0.03398355,-0.032964938,-0.440190272,-0.042323725,-0.623557619,0,0.198311645,0.048824115,0.819486459,-0.008616832,0.494079517,-0.051694808,0.121782685,-0.093146382,-0.48255927,-0.038283865,-0.987967896,-0.003022447,-0.226076584,8.75E-05,0.009339243,0.000693006,0.104899725,0.000541153,0.088003119
2024-05-23,-0.08,-0.419212382,0.000158579,0.205575644,-0.018341258,-0.084001566,-0.035316691,-0.492605127,-0.04307725,-0.645616904,0,0.198311645,0.039059292,0.751805484,-0.007755149,0.501402847,-0.049110067,0.148544678,-0.091283454,-0.454624894,0.00892243,0.230255594,-0.000633472,-0.047383164,0.000971003,0.103625981,0.001104477,0.167183796,0.000708779,0.115262609
2024-05-24,-0.142857143,-0.828073792,-0.028444566,-0.184586124,-0.030792846,-0.29843862,-0.040693714,-0.612445877,-0.045072848,-0.704037571,-0.052631579,0.047508932,0.020721118,0.624701745,-0.012242792,0.463262974,-0.049286143,0.146721619,-0.090510416,-0.443033289,-0.012528297,-0.323309964,-0.003012437,-0.225327822,-0.000378927,-0.040439293,0.000422838,0.064004686,0.000444037,0.072209984
2024-05-28,-0.071428571,-0.363458553,-0.037041367,-0.301850964,-0.034856419,-0.368420094,-0.042230457,-0.646696137,-0.045599962,-0.719468725,0,0.198311645,0.016576894,0.595977712,-0.011018513,0.473667958,-0.046821836,0.172236665,-0.088700208,-0.415889433,0.025202361,0.650381673,0.002630523,0.19676099,0.002179202,0.232565632,0.001661814,0.251547532,0.000939204,0.152734631
2024-05-29,-0.15,-0.874535316,-0.059633093,-0.610013867,-0.046370777,-0.566716482,-0.047618934,-0.766792182,-0.047687963,-0.780594466,0,0.198311645,0.013261515,0.572998486,-0.009916661,0.483032443,-0.044480744,0.196475959,-0.086926204,-0.389288454,-0.000447989,-0.011560967,0.002014821,0.150706953,0.001916483,0.204528109,0.001556324,0.23557957,0.00091146,0.148222888
2024-05-30,-0.142857143,-0.828073792,-0.076277903,-0.837057733,-0.056019413,-0.732882044,-0.052380844,-0.872923579,-0.049591347,-0.836315581,-0.666666667,-1.711856055,-0.122724121,-0.369531705,-0.075591662,-0.07513054,-0.07559004,-0.125624768,-0.098521013,-0.563151225,-0.002072802,-0.053491507,0.001197296,0.089556783,0.001517554,0.161954242,0.001374868,0.208112673,0.000851775,0.138516793
2024-05-31,-0.095238095,-0.518330299,-0.080069942,-0.888783109,-0.059941282,-0.800423133,-0.054523707,-0.920682771,-0.050504282,-0.863041542,-0.25,-0.518001242,-0.148179297,-0.545964101,-0.093032496,-0.223357837,-0.084310538,-0.215915423,-0.101550593,-0.608579409,-0.018806523,-0.485328258,-0.002803468,-0.20969712,-0.000514853,-0.054945441,0.000365798,0.055370607,0.000458609,0.074579608
2024-06-03,0.142857143,1.030387164,-0.035484525,-0.280614829,-0.039661439,-0.451170534,-0.044654664,-0.700725828,-0.046637053,-0.74982932,-0.090909091,-0.062165768,-0.136725256,-0.466574984,-0.092820155,-0.221553184,-0.084640466,-0.219331441,-0.101337763,-0.605388049,0.003261285,0.084161945,-0.001590517,-0.118969406,-0.00013724,-0.014646286,0.000510573,0.077284981,0.000514662,0.083695107
2024-06-04,-0.052631579,-0.241191385,-0.038913936,-0.327393777,-0.040958453,-0.473507271,-0.04505351,-0.709615129,-0.046756944,-0.753339087,0,0.198311645,-0.109380205,-0.277043671,-0.08353814,-0.142666584,-0.080408442,-0.175513743,-0.099311008,-0.574997097,-0.00427716,-0.110378004,-0.002127846,-0.159161143,-0.000551232,-0.058827744,0.000271186,0.041049217,0.000418826,0.068110053
2024-06-05,0.04,0.36134122,-0.023131148,-0.112108351,-0.032862608,-0.334083356,-0.040800835,-0.614833339,-0.045021805,-0.702543297,0.125,0.556468089,-0.062504164,0.047858907,-0.062684326,0.034567172,-0.07013802,-0.069175418,-0.094824787,-0.507726765,0.008762879,0.226138179,5.03E-05,0.003762342,0.000380179,0.040572963,0.000695771,0.105318263,0.000585707,0.09524848
2024-06-06,0.090909091,0.692485172,-0.000323101,0.199005287,-0.020485438,-0.120927916,-0.034215338,-0.468058651,-0.042303187,-0.622956384,0,0.198311645,-0.050003331,0.134503442,-0.056415893,0.087841736,-0.066631119,-0.03286552,-0.092928292,-0.479289039,-0.000397475,-0.010257398,-3.93E-05,-0.002936293,0.000302414,0.032273789,0.000641108,0.097044074,0.000566043,0.092050751
2024-06-07,-0.041666667,-0.16986887,-0.008591814,0.086215737,-0.022603561,-0.157405513,-0.034587905,-0.47636225,-0.042290457,-0.622583705,-0.2,-0.374738665,-0.080002665,-0.073424973,-0.070774304,-0.034188462,-0.073299563,-0.101909534,-0.095069726,-0.511399587,-0.012154944,-0.31367508,-0.002462393,-0.184185027,-0.000943322,-0.100671824,1.31E-06,0.000197656,0.000311624,0.050676665
2024-06-10,-0.157894737,-0.925887526,-0.038452398,-0.32109817,-0.036132678,-0.390399408,-0.040753246,-0.613772713,-0.044602542,-0.690269477,-0.2,-0.374738665,-0.104002132,-0.239767705,-0.083696874,-0.144015641,-0.079634585,-0.167501347,-0.097168331,-0.542867924,-0.016099374,-0.41546653,-0.005189789,-0.388192048,-0.002458927,-0.26241805,-0.000803728,-0.121659703,-1.66E-05,-0.002698911
2024-06-11,-0.038461538,-0.14902075,-0.038454226,-0.321123105,-0.036365564,-0.394410092,-0.040638661,-0.611218884,-0.044479722,-0.686673948,0.2,0.771361955,-0.043201705,0.181646196,-0.055327186,0.097094511,-0.065652856,-0.022736736,-0.091224965,-0.453747856,0.100923357,2.604466321,0.01603284,1.199243443,0.007879301,0.840883403,0.004282626,0.648257731,0.002002203,0.325600944
2024-06-12,0.25,1.727310022,0.019236619,0.465810035,-0.007729008,0.098759014,-0.026106728,-0.287337455,-0.038590128,-0.514257429,0.272727273,0.979743886,0.01998409,0.619593332,-0.02252174,0.375903576,-0.048733849,0.152439977,-0.08394592,-0.344599454,-0.013748056,-0.354787545,0.010076661,0.753726055,0.005716566,0.610075044,0.003381092,0.511793221,0.001687198,0.274374372
2024-06-13,0.225806452,1.569940344,0.060550585,1.02935403,0.015624538,0.500945897,-0.013511069,-0.006610864,-0.033302196,-0.359454452,0.5,1.63093742,0.115987272,1.28500109,0.029730434,0.819987765,-0.021297157,0.436515147,-0.072267002,-0.169475476,-0.04241122,-1.09448,-0.000420916,-0.03148415,0.000903787,0.096452647,0.001091476,0.165215909,0.000805229,0.130947475
2024-06-14,0.035714286,0.333464305,0.055583325,0.961598021,0.017633513,0.535543782,-0.011049801,0.048244805,-0.031921866,-0.31904562,0,0.198311645,0.092789818,1.124217189,0.02675739,0.79472027,-0.020232299,0.447540516,-0.070821662,-0.147802776,0.048561148,1.253187362,0.009375497,0.701279598,0.005669523,0.605054644,0.00346496,0.524488251,0.001760348,0.286270127
2024-06-17,0.25,1.727310022,0.09446666,1.491986935,0.040870161,0.935717501,0.002002689,0.339153049,-0.026283429,-0.153981668,1,3.063563195,0.274231854,2.381810284,0.124081651,1.621866054,0.030779316,0.9757067,-0.049405228,0.173334067,-0.010077213,-0.260056378,0.005484955,0.410270199,0.004094849,0.437004602,0.002787851,0.421994846,0.001523596,0.247769322
2024-06-18,-0.058823529,-0.281467628,0.063808622,1.07379535,0.030900792,0.764028392,-0.001038622,0.271369628,-0.026934231,-0.173033747,-0.166666667,-0.27923028,0.18605215,1.770627841,0.09500682,1.374762975,0.020907017,0.873490478,-0.051750457,0.138167644,-0.0128871,-0.332569391,0.001810544,0.135427221,0.002396654,0.255772292,0.002004104,0.303359591,0.001235382,0.200899578
2024-06-20,0.214285714,1.495002402,0.093904041,1.484312512,0.049239285,1.079847713,0.009727595,0.511322405,-0.022109832,-0.031800582,0,0.198311645,0.14884172,1.512718589,0.085506138,1.294017959,0.019861666,0.862667081,-0.050715448,0.153687481,0.014646177,0.377964793,0.004377671,0.327446219,0.003621607,0.386499878,0.002636207,0.399040628,0.001503598,0.244517213
2024-06-21,-0.181818182,-1.081500286,0.038759596,0.732113603,0.026133538,0.681928346,0.000150306,0.29786794,-0.025303999,-0.125309084,0,0.198311645,0.119073376,1.306391188,0.076955524,1.221347444,0.018868583,0.852384854,-0.049701139,0.168896922,-0.00308162,-0.079525461,0.002885812,0.215856433,0.002951284,0.314962667,0.002350316,0.355765474,0.001411894,0.229604123
2024-06-24,0,0.101156686,0.031007677,0.626373392,0.023520184,0.636922049,0.000142791,0.297700442,-0.024797919,-0.110493709,0.25,0.914624533,0.145258701,1.487884321,0.094259971,1.368415614,0.030425153,0.972039759,-0.043707116,0.258776574,0.011605203,0.299488263,0.004629691,0.346297108,0.003816676,0.40731777,0.00281306,0.425810724,0.00161576,0.262757119
2024-06-25,0.15,1.076848687,0.054806142,0.950996828,0.036168166,0.854741318,0.007635651,0.464698071,-0.021301961,-0.008150334,-0.142857143,-0.211010005,0.087635532,1.088492314,0.07054826,1.166892972,0.021761039,0.882332886,-0.045690117,0.229041719,0.046263564,1.193895031,0.012956465,0.969133114,0.008061365,0.860313307,0.004985585,0.754664148,0.002508716,0.407970853
2024-06-26,0.307692308,2.102576176,0.105383375,1.640896599,0.06332058,1.322351027,0.022638484,0.799074709,-0.014722075,0.184474292,0.111111111,0.516672928,0.092330648,1.121034636,0.074604545,1.201366793,0.026228542,0.928588711,-0.042554092,0.27606603,0.022441999,0.579146714,0.014853572,1.111035163,0.009499428,1.013784231,0.005858406,0.886782326,0.002907382,0.472802406
2024-06-27,-0.133333333,-0.766125093,0.057640033,0.989652584,0.043655189,0.983680298,0.014839893,0.625263095,-0.017094301,0.115027948,0.083333333,0.437082608,0.090531185,1.108562377,0.075477424,1.208785272,0.029083782,0.95815141,-0.040036344,0.313819367,0.007366581,0.190104771,0.013356174,0.999030987,0.009286143,0.991022366,0.005933815,0.898196886,0.002996566,0.487305626
2024-06-28,0.095238095,0.720643671,0.065159646,1.092224009,0.048813479,1.072514638,0.018859803,0.71485711,-0.014847653,0.180798048,0,0.198311645,0.072424948,0.983066218,0.067929682,1.144638027,0.027629593,0.943094966,-0.039235617,0.32582617,0.088896601,2.294099319,0.028464259,2.129103555,0.017247189,1.840629577,0.010081954,1.526097466,0.004714567,0.766689242
2024-07-01,-0.037037037,-0.139754919,0.044720309,0.813420826,0.040228428,0.924665777,0.016064961,0.652566882,-0.01529144,0.167806266,0.181818182,0.719266472,0.094303595,1.13470933,0.079318532,1.241430329,0.035339022,1.022917178,-0.034814541,0.392119673,0.071588461,1.847438907,0.0370891,2.774234634,0.022681316,2.420562637,0.01315728,1.99160704,0.006052044,0.98419172
2024-07-02,0.234042553,1.623513,0.082584758,1.329911605,0.05960984,1.25844592,0.026963841,0.895476389,-0.010304761,0.313790168,0.25,0.914624533,0.125442876,1.350538835,0.096386678,1.38649021,0.046072071,1.134045467,-0.02911825,0.47753487,0.065015349,1.677810683,0.042674349,3.192006801,0.02691472,2.872353773,0.015750183,2.384092794,0.007231311,1.175965578
2024-07-03,0.205882353,1.440341786,0.107244277,1.666280272,0.074237091,1.510351503,0.035909766,1.094859303,-0.005981018,0.440366726,0.583333333,1.869708382,0.217020967,1.985275844,0.145081344,1.800339613,0.072935134,1.412181368,-0.016869218,0.661207628,-0.008406352,-0.216937508,0.032458209,2.427847771,0.023382612,2.495405338,0.014542356,2.201265008,0.006918557,1.125105217
2024-07-05,-0.0625,-0.305381648,0.073295422,1.203200224,0.060563382,1.274867501,0.030989278,0.985193591,-0.007111398,0.407275123,0.142857143,0.607633295,0.202188202,1.882468451,0.144858924,1.798449294,0.076431235,1.448379439,-0.013674691,0.70910918,0.013281633,0.342750834,0.028622894,2.14096929,0.022372514,2.387607122,0.01447932,2.19172327,0.007045819,1.145800656
2024-07-08,0.105263158,0.785852827,0.079688969,1.290411535,0.06503336,1.351847945,0.034702972,1.067962794,-0.004863907,0.473069907,0.142857143,0.607633295,0.190321991,1.800222537,0.144658746,1.796748007,0.07975253,1.482767605,-0.010544054,0.7560527,0.047011904,1.21320697,0.032300696,2.416065901,0.024836453,2.650560047,0.016105949,2.437944848,0.00784514,1.27578744
2024-07-09,0.083333333,0.643207798,0.080417842,1.300353741,0.066863357,1.383363541,0.03713449,1.122155415,-0.003099962,0.524708984,0,0.198311645,0.152257592,1.536394346,0.130192871,1.673804488,0.075764904,1.441480352,-0.010333173,0.759214837,0.001902588,0.049098896,0.026221074,1.961315124,0.022543067,2.405808563,0.015395781,2.330447265,0.007726289,1.256459719
2024-07-10,-0.041666667,-0.16986887,0.05600094,0.9672945,0.056010355,1.196456799,0.033194432,1.034341113,-0.003871296,0.502128356,-0.125,-0.159844799,0.096806074,1.152054266,0.104673584,1.456919504,0.065726658,1.337545951,-0.01262651,0.724826531,-0.104443547,-2.695309698,8.81E-05,0.006593533,0.009844405,1.050600387,0.009403815,1.423448026,0.005482893,0.891635484
2024-07-11,-0.206896552,-1.244625385,0.003421442,0.250082792,0.029719664,0.743687401,0.021189883,0.766788921,-0.007931801,0.383258006,0,0.198311645,0.077444859,1.01785973,0.094206226,1.367958835,0.062440325,1.30351978,-0.01237398,0.728613191,0.085538583,2.207441039,0.017178236,1.284918188,0.017413823,1.858412844,0.013210553,1.999671023,0.007084006,1.152010794
2024-07-12,0.2,1.402079355,0.042737153,0.78636955,0.046747698,1.036938446,0.030130389,0.966051042,-0.003773165,0.505001116,0.4,1.344412265,0.141955887,1.464992187,0.124785603,1.627848845,0.079318309,1.478271751,-0.0041265,0.852283157,-0.002578441,-0.066540236,0.013226901,0.989361483,0.015414597,1.645054289,0.012421103,1.880172639,0.006890758,1.120584385
2024-07-15,0,0.101156686,0.034189723,0.66977815,0.042072928,0.956431139,0.02862387,0.932474389,-0.003697702,0.507210287,0,0.198311645,0.11356471,1.268210066,0.112307043,1.521795242,0.075352394,1.437209291,-0.00404397,0.853520684,-0.010105369,-0.260782985,0.008560447,0.640314496,0.0128626,1.372703799,0.01129478,1.709681917,0.006550835,1.065305718
2024-07-16,-0.047619048,-0.208586807,0.017827969,0.446595313,0.03310373,0.801966647,0.024811724,0.847510934,-0.004576129,0.481494542,0.2,0.771361955,0.130851768,1.388028412,0.121076338,1.596324305,0.081584774,1.50173837,3.69E-05,0.914712981,-0.006489136,-0.167461106,0.00555053,0.415175168,0.010927426,1.166180997,0.010405584,1.575085049,0.006290036,1.02289416
2024-07-17,0,0.101156686,0.014262375,0.39795876,0.029793357,0.744956521,0.023571137,0.819861286,-0.004484606,0.484173844,-0.333333333,-0.756772205,0.038014748,0.744565641,0.075635371,1.210127646,0.060838869,1.28693855,-0.006630496,0.814736046,-0.01314271,-0.339165751,0.001811882,0.135527317,0.008520413,0.909303167,0.009228169,1.396860712,0.005901381,0.959690568
2024-07-18,0.117647059,0.866405315,0.034939312,0.680002934,0.038578728,0.896255199,0.028274934,0.924697455,-0.002041973,0.55568137,0,0.198311645,0.030411798,0.691868829,0.068071834,1.145846162,0.057796925,1.25544275,-0.006497886,0.816724516,-0.014447664,-0.372841884,-0.001440027,-0.107712862,0.006223605,0.66418658,0.008044378,1.2176711,0.0054944,0.89350678
2024-07-19,-0.16,-0.939581449,-0.004048551,0.14818821,0.018720855,0.554269619,0.018861187,0.714887947,-0.005201133,0.463197674,0,0.198311645,0.024329438,0.64971138,0.061264651,1.087992828,0.054907079,1.225521739,-0.006367928,0.818673216,0.03845051,0.992268417,0.00653808,0.489043123,0.009446296,1.008113897,0.009564684,1.447798718,0.006153522,1.000694133
2024-07-22,0.071428571,0.565771925,0.011046874,0.354097652,0.023991626,0.645041069,0.021489556,0.773467902,-0.003668539,0.508064013,-0.6,-1.520839285,-0.100536449,-0.215746709,-0.004861814,0.525992908,0.022161725,0.88648153,-0.018240569,0.640644384,-0.111119902,-2.867602243,-0.016993516,-1.27110126,-0.002610324,-0.278575243,0.003530455,0.534402177,0.003808053,0.61927085
2024-07-23,-0.090909091,-0.4901718,-0.009344319,0.075951173,0.012501555,0.447162933,0.015869624,0.648213285,-0.00541335,0.456985072,-0.5,-1.23431413,-0.180429159,-0.769491159,-0.054375633,0.105181634,-0.003946361,0.616162539,-0.027875758,0.496165888,-0.038239709,-0.986828396,-0.021242755,-1.588940865,-0.006173263,-0.658814009,0.001441947,0.218266337,0.002967098,0.482513561
2024-07-24,-0.224489796,-1.359062636,-0.052373415,-0.510988071,-0.01119758,0.039024431,0.003851653,0.380361953,-0.009794879,0.328716824,0,0.198311645,-0.144343327,-0.51937661,-0.04893807,0.151394752,-0.003749043,0.618205539,-0.027318243,0.504525761,0.020249074,0.522555275,-0.012944389,-0.968229816,-0.003531029,-0.376833366,0.002382303,0.360607342,0.003312738,0.538721931
2024-07-25,-0.0625,-0.305381648,-0.054398732,-0.53861445,-0.016327822,-0.049326864,0.00053407,0.306421109,-0.010848982,0.297858219,-0.8,-2.093889595,-0.275474662,-1.428261145,-0.124044263,-0.486922666,-0.043561591,0.205992722,-0.042771878,0.272800359,0.016772871,0.432847064,-0.007000937,-0.523664412,-0.001500639,-0.160149017,0.003101831,0.469521791,0.00358194,0.582500037
2024-07-26,0.076923077,0.601511558,-0.02813437,-0.180354893,-0.007002732,0.111266686,0.00435352,0.391547363,-0.009093541,0.349248355,-0.2,-0.374738665,-0.26037973,-1.323636642,-0.131639836,-0.551476424,-0.051383511,0.125005797,-0.04591644,0.225648023,0.03268122,0.843383919,0.000935494,0.069974228,0.001917547,0.20464167,0.004580801,0.693392226,0.004163926,0.677143326
2024-07-29,0,0.101156686,-0.022507496,-0.103601405,-0.006302459,0.123326556,0.004135844,0.386695895,-0.00891167,0.354572581,0,0.198311645,-0.208303784,-0.962692997,-0.118475853,-0.439597501,-0.048814336,0.151606634,-0.044998112,0.239418253,-0.018729843,-0.483349422,-0.002997573,-0.224216042,-0.000147192,-0.015708422,0.003415269,0.516966533,0.003706051,0.602683006
2024-07-30,-0.066666667,-0.332484204,-0.03133933,-0.224072217,-0.01233888,0.019369356,0.000595719,0.30779511,-0.01006677,0.320757297,,,,,,,,0.164242031,-0.04454813,0.246165666,-0.000921419,-0.023778495,-0.002582342,-0.193157118,-0.000224615,-0.023971017,0.003198434,0.484144481,0.003613501,0.587632497
2024-07-31,0.083333333,0.643207798,-0.008404797,0.088766739,-0.002771659,0.184132811,0.0047326,0.399996115,-0.008198768,0.375442626,0,0.198311645,-0.166643027,-0.673938081,-0.106628267,-0.338906469,-0.046373619,0.176877429,-0.044098149,0.252913079,-0.056260694,-1.451884755,-0.013318013,-0.996176572,-0.005828223,-0.621991157,0.000225478,0.034130409,0.002416017,0.392896032
2024-08-01,0.125,0.914233354,0.018276162,0.452708905,0.010005507,0.404176847,0.01074597,0.534019501,-0.005534792,0.45342989,0.25,0.914624533,-0.083314422,-0.096379094,-0.070965441,-0.035812909,-0.031554938,0.330307705,-0.038216186,0.341112407,-0.138030543,-3.562068404,-0.038260519,-2.861855837,-0.019048455,-2.032861633,-0.006687323,-1.012254837,-0.000392914,-0.063896189
2024-08-02,0.136363636,0.988149415,0.041893657,0.774863821,0.02264132,0.621786551,0.017026853,0.674005108,-0.002696824,0.536510765,,,,,,,,0.295334569,-0.039500691,0.321851412,0.08384623,2.163767528,-0.013839169,-1.035158641,-0.008758986,-0.934763864,-0.002160645,-0.327055207,0.001291869,0.210085498
2024-08-05,-0.2,-1.199765983,-0.006485074,0.114952758,0.000377188,0.238361187,0.00617551,0.432155084,-0.006642887,0.420990666,-0.166666667,-0.27923028,-0.099984871,-0.211923662,-0.080535563,-0.117148091,-0.038310525,0.260361433,-0.040785196,0.302590416,9.96E-05,0.002571546,-0.011051406,-0.8266362,-0.007873123,-0.840224032,-0.002047631,-0.309948267,0.001268025,0.206207885
2024-08-06,-0.076923077,-0.399198187,-0.020572675,-0.077209441,-0.007352838,0.10523728,0.002020581,0.339551818,-0.008048491,0.379841939,0,0.198311645,-0.079987896,-0.073322613,-0.072482007,-0.048702001,-0.036394998,0.280194488,-0.039969492,0.314821799,-0.025252813,-0.65168364,-0.013891687,-1.039086952,-0.009611092,-1.025701044,-0.00320789,-0.485575773,0.000737608,0.119950791
2024-08-07,-0.333333333,-2.067047762,-0.083124807,-0.930453056,-0.039950888,-0.456155322,-0.014747115,-0.03415932,-0.014554188,0.189389164,0,0.198311645,-0.063990317,0.037558226,-0.065233806,0.01289948,-0.034575248,0.299035891,-0.039170102,0.326808553,0.006898345,0.178021302,-0.009733681,-0.728071436,-0.007960148,-0.84951142,-0.002702578,-0.409087131,0.000860823,0.13998814
2024-08-08,0.25,1.727310022,-0.016499845,-0.021653926,-0.010955799,0.043188307,-0.001509759,0.26086913,-0.009263104,0.344284421,0.5,1.63093742,0.048807746,0.819373006,-0.008710426,0.493284079,-0.007846486,0.575781264,-0.0283867,0.488504371,0.009997469,0.257998457,-0.005787451,-0.432896636,-0.006164386,-0.657866739,-0.002067576,-0.312967327,0.001043555,0.169704417
2024-08-09,0.0625,0.50769502,-0.000699876,0.193865871,-0.003610219,0.169691404,0.001690729,0.332200219,-0.007827842,0.386301387,0,0.198311645,0.039046197,0.751714721,-0.007839383,0.500686952,-0.007454162,0.579843328,-0.027818966,0.497017475,-0.002763557,-0.071317388,-0.005182672,-0.387659669,-0.005824304,-0.621572895,-0.002102375,-0.31823483,0.000967413,0.157322062
2024-08-12,-0.076923077,-0.399198187,-0.015944516,-0.01407895,-0.010941505,0.043434476,-0.002239961,0.244594697,-0.009209747,0.345846446,,,,,,,,0.581772808,-0.027540776,0.501188895,0.044943811,1.159836983,0.004842625,0.3622244,-0.000747492,-0.079772769,0.000249934,0.037832373,0.001846941,0.300352096
2024-08-13,-0.133333333,-0.766125093,-0.03942228,-0.334327856,-0.023180688,-0.167344599,-0.00879463,0.098507083,-0.011692218,0.273172659,0,0.198311645,0.031236958,0.697588093,-0.007055445,0.507349538,-0.007081454,0.583702289,-0.027262587,0.505360316,-0.011427721,-0.2949081,0.001588555,0.118822658,-0.001815515,-0.193752767,-0.000333948,-0.050549505,0.001581448,0.257177222
2024-08-14,0,0.101156686,-0.031537824,-0.226779775,-0.020862619,-0.127423601,-0.008354898,0.108307628,-0.011458374,0.280018399,0.333333333,1.153395495,0.091656233,1.116360197,0.026983433,0.796641376,0.009939286,0.759932329,-0.020050668,0.613502166,0.029899471,0.771597055,0.007250738,0.542349371,0.001355984,0.144711317,0.001177723,0.178270938,0.002147808,0.349279531
2024-08-15,0,0.101156686,-0.025230259,-0.140741311,-0.018776357,-0.091494703,-0.007937154,0.117618146,-0.011229207,0.286727224,0,0.198311645,0.073324986,0.989304474,0.02428509,0.77370852,0.009442321,0.754786839,-0.019649655,0.619515313,0.028037005,0.723533558,0.011407992,0.853308554,0.004024086,0.429452655,0.002520687,0.381554359,0.002665592,0.43348226
2024-08-16,-0.125,-0.711919982,-0.045184207,-0.412923544,-0.029398721,-0.274429474,-0.013790296,-0.012834155,-0.013504622,0.220114949,,,,,,,,0.752342732,-0.019453159,0.622461755,0.035979165,0.928491938,0.016322226,1.220889325,0.007219594,0.770479027,0.004193611,0.634783533,0.003331864,0.541832231
2024-08-19,-0.047619048,-0.208586807,-0.045671175,-0.419566042,-0.031220754,-0.305807905,-0.015481733,-0.050532183,-0.014186911,0.200141111,0,0.198311645,0.058659989,0.887659896,0.021856581,0.753068949,0.008970205,0.749898624,-0.019256662,0.625408197,-0.009827493,-0.253612007,0.011092282,0.829693753,0.005514885,0.588551573,0.003492555,0.528665361,0.003068677,0.49903238
2024-08-20,0.058823529,0.483781,-0.024772234,-0.134493616,-0.022216326,-0.15073668,-0.01176647,0.032271992,-0.012726702,0.242888387,0,0.198311645,0.046927991,0.806344233,0.019670923,0.734493335,0.008521695,0.74525482,-0.018871529,0.631183224,0.005164635,0.133280512,0.009906753,0.741017099,0.00547986,0.584813681,0.003576159,0.541320426,0.003110596,0.505849331
2024-08-21,-0.181818182,-1.081500286,-0.056181424,-0.562931299,-0.038176511,-0.425597608,-0.020269056,-0.157229952,-0.016108532,0.143886105,-0.333333333,-0.756772205,-0.029124274,0.279218298,-0.015629503,0.434479773,-0.008571056,0.568279178,-0.025160765,0.536876884,-0.04181932,-1.079205205,-0.000438462,-0.032796588,0.000749942,0.08003421,0.001306385,0.197746524,0.002211997,0.359718046
2024-08-22,-0.416666667,-2.609098874,-0.128278472,-1.546372546,-0.076025527,-1.077420574,-0.040088936,-0.598966863,-0.024119694,-0.090638834,-0.333333333,-0.756772205,-0.089966086,-0.142482451,-0.047399886,0.164467567,-0.02480917,0.400152319,-0.031324216,0.444456672,0.020003698,0.516223008,0.00364997,0.27301482,0.002675318,0.285511366,0.002241251,0.339256401,0.002567831,0.417584259
2024-08-23,0.0625,0.50769502,-0.090122778,-1.025909025,-0.062172974,-0.838856589,-0.03495949,-0.484643974,-0.022387301,-0.039923403,0.166666667,0.67585357,-0.038639535,0.213267059,-0.025993231,0.346399847,-0.015235378,0.499277843,-0.027364399,0.503833662,-0.025142857,-0.648846084,-0.002108595,-0.157721218,-0.0001065,-0.011365734,0.000872046,0.132000857,0.002013618,0.32745726
2024-08-26,-0.111111111,-0.62157813,-0.094320445,-1.083167381,-0.067066788,-0.923136196,-0.038767071,-0.569505692,-0.024161777,-0.091870785,-0.666666667,-1.711856055,-0.164244961,-0.657316847,-0.090060574,-0.198099877,-0.047806943,0.162037023,-0.040150444,0.312108448,-0.016553335,-0.427181637,-0.004997543,-0.373812193,-0.001751184,-0.186887273,7.77E-07,0.000117547,0.001642279,0.267069595
2024-08-27,-0.4,-2.500688652,-0.155456356,-1.917093011,-0.100360109,-1.496502533,-0.056828717,-0.972055844,-0.031678541,-0.31192233,0,0.198311645,-0.131395969,-0.429637161,-0.081054517,-0.121558608,-0.045416596,0.186786299,-0.039347435,0.324149469,0.00038147,0.009844352,-0.003921741,-0.293343029,-0.001537918,-0.16412748,1.98E-05,0.002998808,0.001617062,0.262968906
2024-08-28,0,0.101156686,-0.124365085,-1.492991899,-0.090324098,-1.323665742,-0.053987281,-0.908727153,-0.03104497,-0.29337469,0.25,0.914624533,-0.055116775,0.099061642,-0.047949065,0.159800167,-0.030645766,0.339721131,-0.033560486,0.41092407,-0.005576731,-0.143915229,-0.004252739,-0.318101416,-0.001941799,-0.207229913,-0.000260016,-0.039358401,0.001473187,0.239571616
2024-08-29,-0.166666667,-0.982945538,-0.132825401,-1.608395016,-0.097958355,-1.455140335,-0.059621251,-1.034294619,-0.033757404,-0.372780568,0,0.198311645,-0.04409342,0.17546563,-0.043154159,0.200551431,-0.029113478,0.355586202,-0.032889277,0.420988779,0.031778697,0.820093067,0.002953548,0.220923026,0.00143025,0.152637088,0.00134192,0.203125333,0.002079297,0.338138083
2024-08-30,0.148148148,1.064803107,-0.076630691,-0.841869942,-0.073347705,-1.031304025,-0.049232781,-0.802760901,-0.030119293,-0.266275706,-0.125,-0.159844799,-0.060274736,0.063311293,-0.051338743,0.130991753,-0.033907804,0.305946508,-0.034731491,0.393364994,-0.021694687,-0.559861296,-0.001976099,-0.147810584,-0.000882244,-0.09415352,0.000190089,0.028773683,0.001603817,0.26081493
2024-09-03,0,0.101156686,-0.061304553,-0.632813444,-0.066012934,-0.904987085,-0.046771142,-0.747896957,-0.029516907,-0.248640999,0,0.198311645,-0.048219789,0.146865351,-0.046204869,0.174623859,-0.032212413,0.32350031,-0.034036861,0.403780885,0.061256514,1.580808788,0.010670424,0.798139076,0.005331632,0.568994745,0.003243411,0.490952517,0.002796871,0.454830989
2024-09-04,0.0625,0.50769502,-0.036543642,-0.295061744,-0.053161641,-0.683666449,-0.041307585,-0.626127564,-0.027676569,-0.194765524,0.166666667,0.67585357,-0.005242498,0.4447453,-0.024917715,0.35554051,-0.022268459,0.426458435,-0.030022791,0.463971391,0.040762452,1.051931257,0.01668883,1.248310946,0.008874714,0.947114415,0.005119363,0.774913903,0.003556183,0.57831128
2024-09-05,0.052631579,0.443504757,-0.018708598,-0.051782462,-0.042582319,-0.501472938,-0.036610626,-0.521443795,-0.026070406,-0.147745474,0,0.198311645,-0.004193998,0.452012557,-0.022425943,0.37671774,-0.021155036,0.43798664,-0.029422335,0.472975153,-0.070507346,-1.819539252,-0.000750406,-0.056129733,0.000936508,0.099944671,0.001338027,0.202536135,0.002074912,0.337425039
2024-09-06,-0.074074074,-0.380666525,-0.029781693,-0.202825241,-0.045731494,-0.555706975,-0.038483799,-0.563192249,-0.02703048,-0.1758514,0,0.198311645,-0.003355199,0.457826362,-0.020183349,0.395777247,-0.020097285,0.448938435,-0.028833888,0.481798841,0.017900141,0.461937805,0.002979704,0.222879423,0.002632871,0.280981497,0.002166133,0.327885839,0.002391417,0.388895444
2024-09-09,0.285714286,1.959617641,0.033317503,0.657880613,-0.012586916,0.015097756,-0.022273895,-0.201912926,-0.020775584,0.007259217,0,0.198311645,-0.002684159,0.462477406,-0.018165014,0.412930804,-0.01909242,0.45934264,-0.02825721,0.490446055,0.020357139,0.525344031,0.006455191,0.482843043,0.004405298,0.470135862,0.003075683,0.465563752,0.002750731,0.447327649
2024-09-10,0.214285714,1.495002402,0.069511145,1.151580722,0.010100347,0.40581014,-0.010445914,0.061703978,-0.016074358,0.144886523,,,,,,,,0.334861617,-0.032974638,0.41970879,0.000489871,0.012641805,0.005262127,0.393602831,0.004013756,0.42835021,0.002946393,0.445993136,0.002705514,0.439974367
2024-09-11,0,0.101156686,0.055608916,0.961947087,0.009090312,0.388415664,-0.009923618,0.073344678,-0.015752871,0.154297986,-0.5,-1.23431413,-0.102147327,-0.226911867,-0.066348513,0.00342574,-0.043137799,0.210380594,-0.037692066,0.348971526,0.014866893,0.383660677,0.00718308,0.537288585,0.005099069,0.544175499,0.003542418,0.536212977,0.002948742,0.479528369
2024-09-12,-0.111111111,-0.62157813,0.02226491,0.507117508,-0.00292983,0.181408832,-0.014982993,-0.039416472,-0.017660036,0.098466176,0,0.198311645,-0.081717862,-0.085313177,-0.059713662,0.059814447,-0.040980909,0.232712691,-0.036938225,0.360275286,0.005701768,0.147141976,0.006886818,0.515128391,0.005159339,0.55060753,0.003650385,0.552555933,0.003003802,0.488482387
2024-09-13,0,0.101156686,0.017811928,0.446376516,-0.002636847,0.186454487,-0.014233843,-0.022719749,-0.017306835,0.108806046,0.142857143,0.607633295,-0.036802861,0.225997235,-0.039456581,0.231976645,-0.031789007,0.327884195,-0.033342318,0.414195485,0.000654138,0.016880938,0.005640282,0.421888515,0.004708819,0.502527776,0.003500573,0.529878956,0.002956809,0.480840276
2024-09-16,-0.090909091,-0.4901718,-0.003932275,0.149774264,-0.011464072,0.034435009,-0.018067606,-0.108164984,-0.01877888,0.065712265,0,0.198311645,-0.029442289,0.277014104,-0.035510923,0.265510262,-0.030199556,0.344341112,-0.032675471,0.424194765,0.002789276,0.071981114,0.005070081,0.379237931,0.004516865,0.482042308,0.003465008,0.524495534,0.002953458,0.480295388
2024-09-17,-0.111111111,-0.62157813,-0.025368043,-0.14262075,-0.021428776,-0.137173758,-0.022719781,-0.211850651,-0.020625525,0.01165217,-0.166666667,-0.27923028,-0.056887164,0.086790897,-0.048626497,0.154042762,-0.037022912,0.27369317,-0.035355295,0.384011128,0.016993367,0.438537248,0.007454738,0.557608359,0.005764515,0.615192226,0.004141426,0.626884383,0.003234256,0.525959169
2024-09-18,0.071428571,0.565771925,-0.00600872,0.121450484,-0.012143041,0.02274203,-0.018012363,-0.106933766,-0.018784443,0.065549418,0,0.198311645,-0.045509731,0.165649034,-0.043763848,0.195369767,-0.035171766,0.292859638,-0.034648189,0.394614096,0.03213677,0.829333655,0.012391144,0.926847572,0.00840174,0.896638396,0.005541193,0.838766045,0.003812307,0.619962494
2024-09-19,0.058823529,0.483781,0.00695773,0.298319605,-0.005046384,0.144958261,-0.014170569,-0.021309512,-0.017232284,0.110988528,,,,,,,,0.301963711,-0.034301707,0.39980955,0.004513069,0.116465955,0.010815529,0.808992833,0.008012873,0.855138274,0.005489787,0.830984725,0.003826322,0.622241672
2024-09-20,0.111111111,0.823891502,0.027788406,0.582460864,0.006569366,0.345000777,-0.007906485,0.118301679,-0.014665416,0.186132994,0,0.198311645,-0.036407785,0.228735544,-0.039387463,0.232564072,-0.033413178,0.311067783,-0.033955225,0.405005005,0.047277529,1.220061788,0.018107929,1.354458442,0.011939339,1.274172848,0.007579174,1.147253601,0.004695346,0.763563561
2024-09-23,0.277777778,1.907993726,0.077786281,1.264457878,0.033690207,0.812066747,0.006377728,0.436662033,-0.008816552,0.357357134,0.666666667,2.108479345,0.104207105,1.203351562,0.03121795,0.832629966,0.001590814,0.673493576,-0.019942788,0.615119826,-0.006061117,-0.156415471,0.01327412,0.992893428,0.010139293,1.08207099,0.006897159,1.044017598,0.004480217,0.728578948
2024-09-24,0.1,0.75161802,0.082229024,1.325059215,0.040321186,0.926263234,0.011058842,0.540992664,-0.006640221,0.421068723,0.25,0.914624533,0.133365684,1.405452621,0.053096155,1.018569883,0.014011273,0.802093045,-0.014543932,0.69607502,0.031915788,0.823630893,0.017002453,1.271769762,0.012316943,1.314470945,0.008148091,1.233370101,0.005028928,0.817811148
2024-09-25,0.142857143,1.030387164,0.094354648,1.49045903,0.050574782,1.102847196,0.017648757,0.687865836,-0.003650274,0.50859874,0,0.198311645,0.106692547,1.220578413,0.04778654,0.973444176,0.01331071,0.794839519,-0.014253053,0.70043671,-0.012356106,-0.318866338,0.011130742,0.832570468,0.009849638,1.051158806,0.007122881,1.078184896,0.004681227,0.76126759
2024-09-26,0.111111111,0.823891502,0.097705941,1.536172404,0.056628415,1.207100818,0.022321875,0.792018259,-0.001355046,0.575791001,-1,-2.666939904,-0.114645962,-0.313541169,-0.056992114,0.08294451,-0.037354826,0.270256588,-0.033967992,0.404813569,0.006449622,0.166441377,0.010194518,0.762541671,0.009509636,1.014873645,0.007089218,1.073089359,0.004716595,0.767019163
2024-09-27,0.1875,1.320771688,0.115664753,1.78113994,0.069715573,1.432483444,0.030580781,0.976089184,0.002422055,0.686364759,0.125,0.556468089,-0.06671677,0.018660908,-0.038792903,0.237617156,-0.029237084,0.354306396,-0.030788632,0.452487688,0.014013298,0.361632475,0.010958274,0.81967001,0.009960002,1.062936975,0.007435422,1.125493987,0.004902529,0.797256013
2024-09-30,0.2,1.402079355,0.132531802,2.011215269,0.082744016,1.656854884,0.039051742,1.164886292,0.006373614,0.802045734,0,0.198311645,-0.053373416,0.111145043,-0.034913613,0.270586722,-0.02777523,0.369442203,-0.03017286,0.461721125,-0.057562758,-1.485486307,-0.002745933,-0.205393534,0.003207726,0.342330339,0.004185513,0.633557822,0.003653224,0.59409221
2024-10-01,-0.055555556,-0.260210722,0.094914331,1.498093389,0.068914059,1.418680032,0.034321377,1.059457969,0.005135031,0.765786491,-0.4,-0.947788975,-0.122698733,-0.369355735,-0.071422251,-0.039695281,-0.046386469,0.176744386,-0.037569402,0.350810854,-0.012401564,-0.320039465,-0.004677059,-0.349840225,0.001646797,0.175747122,0.003356159,0.508019178,0.003332128,0.541875179
2024-10-02,-0.058823529,-0.281467628,0.064166759,1.078680513,0.0561403,1.19869467,0.029664132,0.955659303,0.003855859,0.728339049,0,0.198311645,-0.098158986,-0.199268272,-0.064280026,0.021005529,-0.044067145,0.200758294,-0.036818014,0.362077828,0.009039622,0.233279902,-0.001933723,-0.1446409,0.00238608,0.254643755,0.003640332,0.551034241,0.003446278,0.560438388
2024-10-03,0.1,0.75161802,0.071333407,1.176437323,0.06052627,1.274228365,0.033180925,1.034040071,0.005778742,0.784631,0,0.198311645,-0.078527189,-0.063198301,-0.057852024,0.075636257,-0.041863788,0.223571506,-0.036081654,0.373119462,0.009363969,0.241650129,0.000325816,0.024370743,0.003083869,0.329112176,0.003926514,0.594353361,0.003564632,0.579685249
2024-10-04,0.12,0.881710287,0.081066725,1.309204853,0.066473643,1.376652015,0.037521879,1.130789368,0.008063167,0.851507019,0,0.198311645,-0.062821751,0.045657676,-0.052066821,0.124803913,-0.039770599,0.245244058,-0.035360021,0.383940263,-0.021847399,-0.563802254,-0.004108827,-0.307336965,0.000590742,0.063044303,0.002637819,0.399284511,0.003056391,0.497034466
2024-10-07,0.083333333,0.643207798,0.081520047,1.315388395,0.068159612,1.405687204,0.039812452,1.18184066,0.009568571,0.895577354,0.166666667,0.67585357,-0.016924068,0.36377916,-0.030193472,0.310702558,-0.029448735,0.352114996,-0.031319487,0.444527581,0.001067539,0.027549312,-0.003073554,-0.229899363,0.000638422,0.068132707,0.002559305,0.387399911,0.003016614,0.49056587
2024-10-08,-0.1,-0.549304649,0.045216038,0.820182822,0.051343651,1.116088398,0.032821829,1.026036693,0.007377199,0.831425462,0,0.198311645,-0.013539254,0.387239644,-0.027174125,0.336363583,-0.027976299,0.367360373,-0.030693098,0.45392022,-0.008243826,-0.212743298,-0.004107609,-0.307245796,-0.000249803,-0.026659134,0.002019148,0.305636842,0.002791405,0.453942107
2024-10-09,0.05,0.426387353,0.04617283,0.833233969,0.051209286,1.113774408,0.033680738,1.045179674,0.008229655,0.856380915,0.333333333,1.153395495,0.055835263,0.868081437,0.008876621,0.642754016,-0.009910817,0.554407509,-0.023412569,0.563090872,-0.089657139,-2.313726062,-0.021217515,-1.587052935,-0.009190537,-0.980819176,-0.002564666,-0.38821153,0.000942434,0.15325994
2024-10-10,-0.038461538,-0.14902075,0.029245956,0.602342606,0.042242203,0.959346342,0.030073624,0.964785884,0.007295831,0.829043436,-0.333333333,-0.756772205,-0.021998456,0.328608061,-0.025344375,0.351914386,-0.026081943,0.386974232,-0.029610984,0.47014638,0,0,-0.016974012,-1.269642348,-0.008271483,-0.882737258,-0.002436433,-0.368800954,0.000923586,0.150194741
2024-10-11,-0.162162162,-0.953645478,-0.009035667,0.080161345,0.021801767,0.607328046,0.020461834,0.750562488,0.003906672,0.729826563,0,0.198311645,-0.017598765,0.359102765,-0.022809937,0.373454229,-0.024777846,0.400476648,-0.029018764,0.479026643,-0.00054518,-0.01406911,-0.013688245,-1.023869676,-0.007498853,-0.800281719,-0.00234187,-0.354487076,0.00089421,0.145417689
2024-10-14,0,0.101156686,-0.007228534,0.104811585,0.01962159,0.569781779,0.019438743,0.727760263,0.003828538,0.727539225,0,0.198311645,-0.014079012,0.383498529,-0.020528944,0.392840087,-0.023538953,0.413303942,-0.028438389,0.4877293,0.006317892,0.163041912,-0.009687018,-0.724581098,-0.006117178,-0.652828654,-0.001908882,-0.288946005,0.001002684,0.16305782
2024-10-15,0,0.101156686,-0.005782827,0.124531778,0.017659431,0.535990139,0.018466806,0.706098149,0.003751967,0.725297633,0,0.198311645,-0.011263209,0.40301514,-0.018476049,0.41028736,-0.022362006,0.425489872,-0.027869621,0.496257905,0.000858186,0.02214668,-0.007577977,-0.566826551,-0.005419642,-0.578387176,-0.001770529,-0.268003556,0.000999794,0.162587852
2024-10-16,0,0.101156686,-0.004626262,0.140307932,0.015893488,0.505577663,0.017543465,0.685519141,0.003676928,0.723100874,1,3.063563195,0.190989432,1.804848644,0.083371556,1.275876435,0.028756095,0.954758588,-0.007312229,0.804513534,-0.003971252,-0.102483621,-0.006856632,-0.512870522,-0.005274803,-0.562929876,-0.001880565,-0.284659639,0.000900373,0.146419888
2024-10-17,-0.111111111,-0.62157813,-0.025923232,-0.150193816,0.003193028,0.286854631,0.011110737,0.542149268,0.001381167,0.655893007,0,0.198311645,0.152791546,1.540095232,0.0750344,1.205020073,0.02731829,0.939871786,-0.007165984,0.806706454,-0.008200864,-0.211634607,-0.007125478,-0.53298002,-0.005567409,-0.594156966,-0.00219658,-0.332494576,0.000718348,0.116818776
2024-10-18,0.045454545,0.396820929,-0.011647676,0.044532186,0.00741918,0.359635989,0.012827927,0.580421265,0.002262635,0.681697766,-0.142857143,-0.211010005,0.093661808,1.130261043,0.053245246,1.019836985,0.018809518,0.851773311,-0.009879808,0.766013002,-0.007263574,-0.187446543,-0.007153098,-0.53504591,-0.005737025,-0.612258535,-0.00244993,-0.370843922,0.00055871,0.090858153
2024-10-21,-0.117647059,-0.664091943,-0.032847553,-0.244645158,-0.005087444,0.144251136,0.006304178,0.435022766,-0.000135559,0.611491194,0.25,0.914624533,0.124929447,1.346980205,0.072920721,1.187056201,0.030369042,0.971458793,-0.004682211,0.843950332,-0.000828276,-0.021374806,-0.005888133,-0.440427604,-0.005246151,-0.55987209,-0.002368847,-0.358570501,0.00053097,0.086347083
2024-10-22,-0.210526316,-1.268235597,-0.068383305,-0.729371309,-0.025631331,-0.209548753,-0.004537347,0.193391561,-0.004343374,0.488308377,0.428571429,1.426276595,0.185657843,1.767894859,0.108485792,1.489318946,0.050279162,1.177605016,0.003982861,0.973882057,0.126882454,3.274376605,0.020665984,1.545798891,0.00796671,0.850211689,0.004093718,0.619662879,0.003058,0.497296093
2024-10-23,0.239130435,1.656607703,-0.006880557,0.109558167,0.000844845,0.246415021,0.007646042,0.464929659,0.000526102,0.630861169,0.333333333,1.153395495,0.215192941,1.972605609,0.130970546,1.680413843,0.06443187,1.32413992,0.010569871,1.072653473,0.04630545,1.194975954,0.025793877,1.929361146,0.011800584,1.259364843,0.006204305,0.939140707,0.003922949,0.637955278
2024-10-24,0.1875,1.320771688,0.031995554,0.63984855,0.019510361,0.567866226,0.01663874,0.665355014,0.00426558,0.740333523,0,0.198311645,0.172154353,1.674300804,0.117873492,1.56910374,0.061210277,1.290784051,0.010358473,1.069483594,0.054646263,1.410222129,0.031564354,2.360988163,0.016085152,1.716616299,0.008626403,1.305771759,0.004937415,0.802929168
2024-10-25,0.318181818,2.170806386,0.089232807,1.420594452,0.049377507,1.082228126,0.031715894,1.001388089,0.010543905,0.924130032,0.142857143,0.607633295,0.166294911,1.633688419,0.120371857,1.590337009,0.06529262,1.333051987,0.013008447,1.109219626,-0.020333297,-0.524728759,0.021184824,1.584607695,0.012443307,1.327956596,0.007178418,1.086591412,0.004432001,0.720738014
2024-10-28,0.25,1.727310022,0.121386246,1.859184081,0.069439756,1.42773341,0.042630099,1.244639169,0.015333027,1.064330471,0,0.198311645,0.133035929,1.403167052,0.108334671,1.488034589,0.062027989,1.299250514,0.012748278,1.105318424,-0.024460327,-0.631232442,0.012055794,0.901763629,0.008752944,0.934118977,0.00559648,0.847134823,0.003854154,0.626767821
2024-10-29,0,0.101156686,0.097108996,1.528029774,0.06249578,1.308146607,0.040498594,1.19713311,0.015026366,1.055353055,0,0.198311645,0.106428743,1.218749958,0.097501204,1.395962412,0.05892659,1.267139116,0.012493312,1.101495246,-0.000193839,-0.005002292,0.009605867,0.718511098,0.007858265,0.838638415,0.005306964,0.803311016,0.003773194,0.613602016
2024-10-30,0,0.101156686,0.077687197,1.263106329,0.056246202,1.200518484,0.038473665,1.152002354,0.014725839,1.046555187,0,0.198311645,0.085142994,1.071216283,0.087751083,1.313097452,0.05598026,1.236633287,0.012243446,1.097748532,-0.023062898,-0.595169883,0.003072114,0.22979165,0.004766149,0.508646044,0.003888471,0.588594827,0.003236473,0.526319576
2024-10-31,-0.125,-0.711919982,0.037149758,0.710154568,0.038121582,0.888382394,0.030299981,0.969830843,0.011931322,0.964746353,0,0.198311645,0.068114395,0.953189343,0.078975975,1.238518988,0.053181247,1.207652749,0.011998577,1.094076752,-0.029677813,-0.765876864,-0.003477871,-0.260141956,0.001321753,0.141058179,0.002210157,0.334549728,0.002578187,0.419268257
2024-11-01,0,0.101156686,0.029719806,0.608806164,0.034309424,0.822730693,0.028784982,0.9360652,0.011692695,0.957760619,0.166666667,0.67585357,0.08782485,1.089804493,0.087745044,1.313046125,0.058855518,1.266403253,0.015091939,1.14046134,0.011367349,0.293350102,-0.000508827,-0.038059868,0.002326312,0.248265336,0.002668017,0.403855573,0.00275397,0.447854367
2024-11-04,-0.111111111,-0.62157813,0.001553623,0.22460477,0.01976737,0.572292357,0.021790178,0.780168024,0.009236619,0.885859557,0,0.198311645,0.07025988,0.968059911,0.07897054,1.238472794,0.055912742,1.235934217,0.0147901,1.135935304,0.150925922,3.894851454,0.029778123,2.227379481,0.017186273,1.834128602,0.010080912,1.525939695,0.005717409,0.929772865
2024-11-05,0.4,2.703002023,0.081242898,1.31160794,0.057790633,1.227116154,0.040700669,1.201636858,0.017051887,1.114649713,0.285714286,1.016954945,0.113350761,1.266727164,0.099644914,1.414181519,0.067402819,1.354900657,0.020208584,1.217184816,0.014824186,0.382558552,0.026787335,2.003671008,0.016950065,1.808920275,0.010318076,1.561838978,0.005899545,0.959391994
2024-11-06,0.130434783,0.949584513,0.091081275,1.445808519,0.065055048,1.352221455,0.045187374,1.301634611,0.019319545,1.181034875,0,0.198311645,0.090680609,1.109598048,0.089680423,1.329494648,0.064032678,1.320006751,0.019804412,1.211124311,0.035480631,0.915626586,0.028525994,2.133721304,0.018803121,2.006679505,0.011576203,1.752280787,0.006491166,1.055602326
2024-11-07,0.222222222,1.546626318,0.117309464,1.803574666,0.080771766,1.622889455,0.054039117,1.498918411,0.023377598,1.299833457,0.428571429,1.426276595,0.158258773,1.577989133,0.123569524,1.617513549,0.082259616,1.508725575,0.027979753,1.333712557,0.157651838,4.068422979,0.054351163,4.065423028,0.032687993,3.488480698,0.018879985,2.857848476,0.00951438,1.547241416
2024-11-08,0.214285714,1.495002402,0.136704714,2.068135965,0.094123161,1.85282267,0.062051447,1.677493748,0.027195761,1.411609278,-0.066666667,0.007294875,0.113273685,1.266192942,0.104545905,1.455834374,0.074813302,1.431627618,0.026086824,1.305328323,-0.010280097,-0.265292079,0.041424911,3.098549831,0.028391184,3.029922861,0.017421981,2.637151541,0.00911849,1.482861319
2024-11-11,0.333333333,2.269361134,0.176030438,2.604559294,0.118044178,2.264782352,0.075615541,1.979804406,0.033318512,1.590851414,0.5,1.63093742,0.190618948,1.802280778,0.144091314,1.791925483,0.096072637,1.651743405,0.035565088,1.447453746,-0.020102656,-0.518776747,0.029119398,2.178107384,0.0235418,2.512393917,0.015545749,2.353147803,0.008534067,1.387821666
2024-11-12,0,0.101156686,0.140824351,2.124329945,0.10623976,2.061490655,0.071834764,1.895540085,0.032652142,1.571343579,-0.25,-0.518001242,0.102495158,1.191485885,0.104682183,1.456992583,0.078769005,1.472584341,0.029853786,1.361813462,-0.024296571,-0.627006515,0.018436204,1.37901313,0.018757963,2.00186017,0.013553633,2.051602769,0.007877455,1.281042401
2024-11-13,-0.066666667,-0.332484204,0.099326147,1.558272863,0.088949117,1.763717045,0.064909692,1.741197091,0.030665766,1.513192875,0,0.198311645,0.081996127,1.049405025,0.094213964,1.368024606,0.074830555,1.431806251,0.02925671,1.352860383,-0.052244484,-1.348240922,0.004300066,0.321641477,0.011657718,1.244118127,0.010263727,1.55361231,0.006675016,1.085500169
2024-11-14,-0.166666667,-0.982945538,0.046127584,0.832616793,0.063387539,1.323504173,0.053330874,1.483133412,0.026719117,1.397655646,-0.2,-0.374738665,0.025596901,0.658496293,0.064792568,1.117976121,0.061089027,1.289528649,0.024671576,1.284106847,0.097111772,2.506103123,0.022862407,1.710089571,0.020203123,2.156088518,0.014606129,2.210918315,0.008483751,1.37963914
2024-11-15,0.272727273,1.875142143,0.091447522,1.450804318,0.084321512,1.684021994,0.064300694,1.727624007,0.03163928,1.541692286,0.285714286,1.016954945,0.077620378,1.01907627,0.08688474,1.305734513,0.07232029,1.405815367,0.02989243,1.362392928,-0.014586332,-0.376420414,0.015372659,1.149862484,0.016724178,1.784813519,0.013146506,1.989976316,0.008022349,1.304605371
2024-11-18,0.230769231,1.602221304,0.119311864,1.830888434,0.098966284,1.93622931,0.072624121,1.913132938,0.035621879,1.658281953,0.333333333,1.153395495,0.128762969,1.373550738,0.111529599,1.515187853,0.085370942,1.540939753,0.035961248,1.453394126,0.027519627,0.710181906,0.017802053,1.331579154,0.017803723,1.90002315,0.013865162,2.098758714,0.008412295,1.368018849
2024-11-19,-0.055555556,-0.260210722,0.08433838,1.353831921,0.0835141,1.670117015,0.066215137,1.770292282,0.033798331,1.604897986,,,,,,,,1.518841823,0.035601636,1.44800178,-0.003449282,-0.089013488,0.013551786,1.013662616,0.015678422,1.673209902,0.01299944,1.96771502,0.008175063,1.329439932
2024-11-20,-0.111111111,-0.62157813,0.045248482,0.820625376,0.064051579,1.334940047,0.057348825,1.572683752,0.030900142,1.520054176,0,0.198311645,0.103010375,1.195056907,0.100376639,1.420400349,0.081102395,1.496743893,0.035242023,1.442609434,-0.00791135,-0.204163291,0.009259159,0.692577577,0.013319445,1.421458546,0.011953901,1.809452528,0.007853335,1.277120043
2024-11-21,0.181818182,1.283813657,0.072562422,1.193201726,0.075828239,1.537753714,0.063572293,1.711389707,0.033918503,1.608415992,,,,,,,,1.398097046,0.031889603,1.392340295,0.055850416,1.441296975,0.01857741,1.389575252,0.017572542,1.875351427,0.014148726,2.141681579,0.008813277,1.433227059
2024-11-22,0,0.101156686,0.058049937,0.99524389,0.068245415,1.407164881,0.060393678,1.640546121,0.033240132,1.588556866,-0.3,-0.66126382,0.0224083,0.636395777,0.060338975,1.080125636,0.062047275,1.2994502,0.028537183,1.342071157,-0.053146037,-1.371506746,0.004232721,0.316604084,0.010500684,1.120638832,0.010783988,1.632363809,0.00757409,1.231708897
2024-11-25,-0.176470588,-1.046716257,0.011145832,0.355447497,0.043773815,0.985723242,0.048550465,1.376589713,0.029045918,1.465772206,1,3.063563195,0.21792664,1.991553154,0.154305078,1.878730884,0.108944911,1.7850209,0.047966439,1.633410521,0.002346005,0.060541899,0.003855378,0.288379127,0.009685216,1.033611647,0.010362089,1.568501267,0.007469529,1.214704931
2024-11-26,0.166666667,1.18525891,0.042249999,0.779724514,0.0560631,1.197365162,0.054456275,1.50821585,0.031798333,1.54634852,,,,,,,,1.756820941,0.047486775,1.626218011,-0.016734937,-0.431868113,-0.000262685,-0.019648646,0.007043201,0.751654309,0.009007238,1.363418493,0.006985439,1.135981667
2024-11-27,0.05,0.426387353,0.043799999,0.800867322,0.05545679,1.186923495,0.054233461,1.503249874,0.032162366,1.557005512,0,0.198311645,0.174341312,1.68945884,0.13887457,1.747589077,0.103497666,1.728620982,0.04700711,1.619025502,0.048500413,1.25162002,0.009489934,0.70983942,0.011188922,1.194087976,0.010981897,1.662321038,0.007815739,1.271006101
2024-11-29,-0.043478261,-0.18165259,0.026344347,0.562763148,0.045563285,1.016540891,0.049347875,1.394362047,0.030649554,1.512718273,-0.111111111,-0.120049638,0.117250828,1.29375892,0.113876002,1.535129614,0.092767227,1.617519717,0.043844746,1.571606227,-0.001645999,-0.04247727,0.007262748,0.543247659,0.00990543,1.057112987,0.010350502,1.566747308,0.007626504,1.240232487
2024-12-02,0.222222222,1.546626318,0.065519922,1.09713837,0.063229179,1.320776948,0.057991592,1.587009475,0.034481007,1.624883187,-0.25,-0.518001242,0.043800662,0.784668399,0.077488402,1.225876301,0.075628866,1.440071837,0.037967851,1.483482894,0.003411064,0.088027203,0.006492411,0.48562709,0.009255994,0.987804751,0.01000353,1.514226445,0.007542195,1.226522074
2024-12-03,-0.083333333,-0.440894426,0.035749271,0.691051202,0.048572928,1.068371938,0.050925346,1.429520039,0.03212472,1.555903434,0,0.198311645,0.03504053,0.723951035,0.069739562,1.160019952,0.071847422,1.400919372,0.037208494,1.472096426,0.019461743,0.502237091,0.009086277,0.679646191,0.010276568,1.096721069,0.010476441,1.585810555,0.007780586,1.265289535
2024-12-04,0.090909091,0.692485172,0.046781235,0.841532929,0.052806544,1.141281849,0.052924533,1.474077058,0.033300408,1.590321412,0.5,1.63093742,0.128032424,1.368487253,0.112765605,1.525692504,0.093255051,1.622570572,0.046464324,1.610886487,0.048767662,1.258516738,0.017022554,1.273273285,0.014125678,1.507500152,0.012391002,1.875616157,0.008600328,1.398597018
2024-12-05,0.357142857,2.42423288,0.10885356,1.688231723,0.083240175,1.665399572,0.06813545,1.813091369,0.039777257,1.779929672,-0.5,-1.23431413,0.002425939,0.497896011,0.051489045,1.00491127,0.063592299,1.315447129,0.035535038,1.447003149,0.053494704,1.380504572,0.024316984,1.818890744,0.01806258,1.92764858,0.014446187,2.18670791,0.009498215,1.544612712
2024-12-06,0.115384615,0.851688995,0.110159771,1.706049123,0.086454619,1.720757641,0.070497908,1.865744816,0.041289404,1.824197431,0,0.198311645,0.001940751,0.494533125,0.04634014,0.961151424,0.060412684,1.282525899,0.034824337,1.436346277,-0.012399067,-0.319975003,0.016973774,1.269624566,0.015016416,1.602560197,0.013103924,1.983530668,0.00906027,1.473393396
2024-12-09,0.384615385,2.602931049,0.165050893,2.454792592,0.116270696,2.234240044,0.086203782,2.215790528,0.048155924,2.025213209,0.25,0.914624533,0.051552601,0.838397871,0.066706126,1.134239195,0.06989205,1.380673752,0.03912785,1.500876941,0.043343231,1.118531811,0.022247665,1.664107371,0.017849097,1.904865535,0.014615889,2.21239567,0.009745929,1.584896233
2024-12-10,0.235294118,1.631653943,0.179099538,2.646423415,0.128173038,2.439218163,0.093658298,2.381933569,0.051898687,2.134781758,0.166666667,0.67585357,0.074575414,0.997971316,0.07670218,1.219194312,0.07473078,1.430773205,0.041678626,1.539125526,0.036953829,0.953644488,0.025188898,1.884109196,0.01975957,2.108752289,0.015732786,2.381459485,0.010290087,1.673387949
2024-12-11,0.4,2.703002023,0.223279631,3.249062857,0.155355734,2.907349378,0.108975384,2.723314126,0.058860714,2.33859347,0.166666667,0.67585357,0.092993665,1.125630072,0.085698629,1.295653917,0.079327575,1.478367686,0.044178387,1.576609139,-0.011392516,-0.293999571,0.017872615,1.336857165,0.016644362,1.776295502,0.014376521,2.176162704,0.009856435,1.602866861
2024-12-12,0,0.101156686,0.178623705,2.639932795,0.139820161,2.639800979,0.103526614,2.601874319,0.057683499,2.304130794,,,,,,,,1.481365515,0.044645694,1.583616352,0.050214277,1.29584863,0.024340948,1.82068319,0.020001353,2.134555495,0.016168409,2.447399347,0.010663592,1.734127808
2024-12-13,0.1875,1.320771688,0.180398964,2.664148253,0.144588145,2.721913588,0.107725284,2.695452441,0.060279829,2.380137756,0.090909091,0.458789059,0.09257675,1.122740394,0.086219675,1.300082219,0.079906651,1.484363345,0.045113001,1.590623564,0.07891813,2.036591114,0.035256384,2.637149002,0.025893031,2.763318595,0.019305895,2.922318137,0.012028682,1.956120729
2024-12-16,0.32,2.182632956,0.208319171,3.044994404,0.16212933,3.024001962,0.118339019,2.932006787,0.065474233,2.532202717,-0.166666667,-0.27923028,0.040728067,0.763371929,0.060931041,1.085157523,0.067577985,1.356714291,0.040877408,1.527111351,-0.019752036,-0.509728519,0.0242547,1.814231937,0.021328524,2.276191912,0.017352999,2.626709722,0.011393068,1.852756253
2024-12-17,-0.157894737,-0.925887526,0.135076389,2.045924763,0.130126924,2.472867319,0.104527332,2.624177872,0.061006853,2.401421216,0,0.198311645,0.032582453,0.70691386,0.054837937,1.033373052,0.064199085,1.321729703,0.04005986,1.514852314,-0.031339754,-0.808765542,0.013135809,0.982547905,0.016061696,1.714113134,0.014918361,2.258180544,0.010538412,1.713770858
2024-12-18,0,0.101156686,0.108061111,1.67742232,0.117114231,2.248767125,0.099300965,2.507694878,0.059786716,2.365701985,-0.222222222,-0.438410921,-0.018378482,0.353698467,0.027131921,0.797903355,0.04987802,1.17345166,0.034814218,1.436194548,-0.058356189,-1.5059619,-0.00116259,-0.086960825,0.008619908,0.919921338,0.011254633,1.703604995,0.00916052,1.48969618
2024-12-19,-0.181818182,-1.081500286,0.050085253,0.88660145,0.08722099,1.733955817,0.085245008,2.19442179,0.054954618,2.224243432,-0.111111111,-0.120049638,-0.036925008,0.225150622,0.013307618,0.680412464,0.041828563,1.090108861,0.031895712,1.392431893,0.012902141,0.332957538,0.001650356,0.123445285,0.009048131,0.965621569,0.011337009,1.716074093,0.009235352,1.501865532
2024-12-20,-0.222222222,-1.344312946,-0.004376242,0.143718327,0.056276669,1.201043165,0.069871646,1.851786969,0.049411082,2.061957671,0,0.198311645,-0.029540006,0.276336814,0.011976856,0.669102499,0.039737135,1.068454545,0.031257797,1.382866445,0.011368895,0.293390015,0.003594064,0.268833063,0.009280208,0.990388893,0.011338603,1.716315426,0.009278023,1.508804727
2024-12-23,0.076923077,0.601511558,0.011883622,0.365511328,0.058341309,1.236599713,0.070224218,1.85964493,0.049961322,2.078065817,0,0.198311645,-0.023632005,0.317285768,0.01077917,0.65892353,0.037750279,1.047882945,0.030632641,1.373492307,0.067125511,1.732266329,0.016300353,1.219253229,0.015064738,1.607717171,0.014127949,2.13853644,0.010434973,1.696949474
2024-12-24,0.047619048,0.410900178,0.019030707,0.463001288,0.057269083,1.218134195,0.069093959,1.834454218,0.049914476,2.076694426,0,0.198311645,-0.018905604,0.350044931,0.009701253,0.649762459,0.035862765,1.028339924,0.030019989,1.364305652,-0.033622871,-0.867684522,0.006315708,0.472409879,0.010195977,1.088120317,0.011740408,1.777136245,0.009553816,1.553654543
2024-12-26,-0.142857143,-0.828073792,-0.013346863,0.021354392,0.037256461,0.873483566,0.058496404,1.598260501,0.046059044,1.963827533,1,3.063563195,0.184875517,1.762472477,0.108731128,1.491404024,0.084069626,1.527466138,0.049419589,1.655200326,-0.067004796,-1.729151114,-0.008348392,-0.624453,0.0024759,0.264229394,0.007803147,1.181156274,0.008022644,1.304653227
2024-12-27,-0.130434783,-0.747271142,-0.036764447,-0.298073634,0.020487336,0.584691369,0.049049845,1.387719679,0.042529167,1.860491212,0,0.198311645,0.147900413,1.506194298,0.097858015,1.398994903,0.079866145,1.483943958,0.048431197,1.64037951,0.010467369,0.270124894,-0.00458524,-0.342972248,0.003275047,0.3495148,0.007936358,1.201320333,0.008071538,1.31260452
2024-12-30,-0.083333333,-0.440894426,-0.046078224,-0.425118401,0.010105269,0.405894917,0.042430686,1.240194732,0.040011917,1.786799299,0.166666667,0.67585357,0.151653664,1.532208458,0.10473888,1.457474449,0.084206171,1.528879901,0.050795906,1.675838043,-0.079496925,-2.051527718,-0.019567577,-1.463638929,-0.00500215,-0.533832262,0.003564694,0.539584971,0.006320169,1.027794464
2024-12-31,0.055555556,0.462524094,-0.025751468,-0.147850876,0.014650298,0.484167865,0.043086929,1.254820803,0.04032279,1.795900027,-0.214285714,-0.41567083,0.078465788,1.024935894,0.072836421,1.186339743,0.069281577,1.374353015,0.045494274,1.596340702,-0.022096885,-0.570240584,-0.020073439,-1.501476972,-0.006711624,-0.71626822,0.002281615,0.345366316,0.005751828,0.935370062
2025-01-02,-0.25,-1.52499665,-0.070601175,-0.759624201,-0.011814732,0.028396057,0.028432583,0.928211077,0.034516334,1.625917374,0,0.198311645,0.062772631,0.916165032,0.065552779,1.12443705,0.065817498,1.338486491,0.044584389,1.582697079,0.109363532,2.822276672,0.005813955,0.434879156,0.004895892,0.522492265,0.007635711,1.155811582,0.007824062,1.272359593
2025-01-03,-0.205882353,-1.238028414,-0.09765741,-1.12868533,-0.031221494,-0.305820647,0.016716836,0.667095587,0.02970836,1.485165052,-0.25,-0.518001242,0.000218105,0.482593288,0.033997501,0.856252994,0.050026623,1.174990273,0.038692701,1.494351929,-0.041044483,-1.059209453,-0.003557732,-0.266115496,0.000301854,0.032214046,0.005201701,0.787377451,0.006846691,1.113418206
2025-01-06,-0.05,-0.224073981,-0.088125928,-0.998670956,-0.033099345,-0.338160356,0.013380994,0.59274779,0.028114193,1.438496174,0,0.198311645,0.000174484,0.482290947,0.030597751,0.827358976,0.047525292,1.149091886,0.037918847,1.482748081,-0.031737365,-0.819026446,-0.009193659,-0.687678239,-0.002902068,-0.309710274,0.003354748,0.507805582,0.00607501,0.987926371
2025-01-07,-0.25,-1.52499665,-0.120500743,-1.440280265,-0.05478941,-0.711699342,0.000211945,0.299241715,0.022551909,1.275661597,0,0.198311645,0.000139587,0.482049074,0.027537976,0.80135436,0.045149027,1.124488418,0.03716047,1.47137631,-0.003944569,-0.101795032,-0.008143841,-0.609152701,-0.003006318,-0.320835902,0.002989782,0.45256099,0.005874618,0.955338421
2025-01-08,0,0.101156686,-0.096400594,-1.111541702,-0.049310469,-0.617342869,0.000201347,0.299005529,0.022100871,1.262457559,0.166666667,0.67585357,0.033445003,0.712892278,0.041450845,0.91959796,0.051224909,1.187397138,0.039750594,1.510214907,-0.020924892,-0.539995669,-0.010700051,-0.800355153,-0.004798175,-0.512063913,0.001794049,0.271563723,0.005338628,0.868174964
2025-01-10,-0.071428571,-0.363458553,-0.09140619,-1.043415427,-0.051522279,-0.655433919,-0.003380149,0.219182699,0.020230282,1.207696502,0.083333333,0.437082608,0.043422669,0.782048491,0.045639094,0.955193323,0.052830331,1.204019415,0.040622249,1.523285266,0.081234847,2.096377186,0.007686929,0.574976037,0.003805127,0.406085258,0.005766088,0.872808274,0.006856552,1.115021895
2025-01-13,0.214285714,1.495002402,-0.030267809,-0.209456109,-0.02494148,-0.197668367,0.007503145,0.461744822,0.024111391,1.321315062,0,0.198311645,0.034738135,0.721855109,0.041075184,0.916405272,0.050188814,1.176669571,0.039809804,1.511102751,-0.010715843,-0.276537104,0.004006374,0.29967355,0.00235303,0.251116661,0.004941992,0.748065423,0.006505104,1.057868957
2025-01-14,0,0.101156686,-0.024214247,-0.126882378,-0.022447332,-0.154714992,0.007127987,0.45338348,0.023629163,1.307197954,-0.333333333,-0.756772205,-0.038876159,0.211626998,0.003634333,0.598200516,0.031012707,0.978123192,0.032346941,1.399198021,0.033154419,0.855595492,0.009835983,0.73572359,0.005433169,0.579830794,0.006352613,0.96159007,0.007038091,1.144543915
2025-01-15,0.133333333,0.968438465,0.007295269,0.302923812,-0.006869265,0.11356521,0.013438255,0.594023984,0.025823246,1.371429239,-0.166666667,-0.27923028,-0.06443426,0.034481213,-0.013395767,0.453463991,0.021128738,0.875786146,0.028366669,1.339514318,-0.004699025,-0.121264828,0.006928982,0.518282212,0.004419949,0.471699455,0.005800031,0.877946178,0.006803348,1.106369799
2025-01-16,0.230769231,1.602221304,0.051990061,0.912584029,0.016894584,0.522818204,0.024304803,0.836212916,0.029922166,1.491424167,0.142857143,0.607633295,-0.02297598,0.321832746,0.002229524,0.586261234,0.027215158,0.938803977,0.030656478,1.373849736,0.026429453,0.682048476,0.010829076,0.810006117,0.0066209,0.706586101,0.006831502,1.034079147,0.007195871,1.170202278
2025-01-17,-0.060606061,-0.293062305,0.029470837,0.605410094,0.00914452,0.38934921,0.02005926,0.741590088,0.028111602,1.438420308,-0.055555556,0.039131003,-0.029491895,0.276670279,-0.003548984,0.537150474,0.023076623,0.895954234,0.028932237,1.347994955,-0.03658935,-0.944238619,0.001345391,0.100634133,0.002299875,0.245443918,0.00466046,0.705450132,0.006320166,1.027794031
2025-01-21,-0.090909091,-0.4901718,0.005394851,0.277001127,-0.000860841,0.21704026,0.014510843,0.617929361,0.025731188,1.368734242,-0.066666667,0.007294875,-0.036926849,0.225137859,-0.009860753,0.483507606,0.018589458,0.849494843,0.027020259,1.319325073,-0.001799381,-0.046435507,0.000716436,0.053588857,0.001889949,0.201696432,0.004337468,0.656559081,0.006157775,1.001385795
2025-01-22,0.153846154,1.101866431,0.035085112,0.681991725,0.014609858,0.483471424,0.021477608,0.773201614,0.028293487,1.443744963,-0.25,-0.518001242,-0.079541479,-0.07022845,-0.033874677,0.279416494,0.005159985,0.710448208,0.021479854,1.236247363,-0.003869599,-0.099860336,-0.000200771,-0.015017489,0.001313994,0.140230214,0.003927114,0.594444219,0.005957228,0.96877249
2025-01-23,-0.571428571,-3.615765225,-0.086217625,-0.972640704,-0.043993985,-0.525784172,-0.008167701,0.11247981,0.016299046,1.092610465,0.052631579,0.349114358,-0.053106868,0.112992515,-0.025224052,0.352936996,0.007533565,0.735023876,0.022102889,1.24558969,-0.047412291,-1.223539509,-0.009643075,-0.721294186,-0.003558634,-0.379779397,0.001360144,0.205883954,0.004889837,0.795192013
2025-01-24,-0.111111111,-0.62157813,-0.091196322,-1.040552725,-0.050705697,-0.641371021,-0.013314871,-0.002238097,0.013750843,1.018012406,0,0.198311645,-0.042485494,0.186610329,-0.022701646,0.374374578,0.007156887,0.731123809,0.021660831,1.238961087,0.005344519,0.137922668,-0.006645556,-0.497082216,-0.002668319,-0.284764459,0.001559363,0.236039535,0.004898931,0.796670831
2025-01-27,0.176470588,1.249029629,-0.03766294,-0.310329546,-0.027988069,-0.250135692,-0.003825598,0.209254708,0.017005238,1.113284066,-0.2,-0.374738665,-0.073988395,-0.031739464,-0.040431482,0.223691095,-0.003200958,0.623880329,0.017227614,1.172485537,-0.004283118,-0.110531752,-0.006173068,-0.461740518,-0.002829799,-0.301997681,0.001267239,0.191820951,0.00471529,0.766806886
2025-01-28,-0.043478261,-0.18165259,-0.038826004,-0.326194346,-0.029537088,-0.276812378,-0.005808231,0.16506664,0.015795568,1.077871257,-0.2,-0.374738665,-0.099190716,-0.206419298,-0.056388334,0.088075961,-0.01304091,0.521999023,0.012883062,1.107339497,0.039396796,1.016688617,0.002940904,0.219977275,0.001392861,0.148646873,0.003173717,0.480403001,0.00540892,0.879605961
2025-01-29,-0.052631579,-0.241191385,-0.041587119,-0.363857391,-0.031846537,-0.316584931,-0.008149399,0.112887716,0.014427025,1.037807478,-0.214285714,-0.41567083,-0.122209716,-0.365966311,-0.072178072,-0.046118896,-0.02310315,0.417816181,0.008339687,1.039212127,-0.022518136,-0.581111545,-0.002150904,-0.160885855,-0.000998239,-0.106532612,0.001889124,0.285955223,0.004850379,0.788775241
2025-01-30,0,0.101156686,-0.033269695,-0.250403403,-0.028661883,-0.2617399,-0.007741929,0.121969229,0.014138484,1.029360522,-0.083333333,-0.040459317,-0.114434439,-0.312075083,-0.073293598,-0.055599603,-0.026114659,0.386635492,0.006506226,1.011719608,-0.036983553,-0.954411568,-0.009117434,-0.681976656,-0.00459677,-0.490569879,-5.45E-05,-0.008251104,0.0040137,0.652713419
2025-01-31,-0.272727273,-1.672828772,-0.081161211,-0.903668587,-0.053068422,-0.682061072,-0.020991196,-0.173324698,0.008401169,0.861401945,-0.228571429,-0.456602995,-0.137261837,-0.470294085,-0.088821381,-0.187568139,-0.036237498,0.281825225,0.001804673,0.941220385,-0.010473745,-0.270289436,-0.009388696,-0.702266861,-0.005184468,-0.553289282,-0.000575472,-0.087108679,0.003723951,0.605594056
2025-02-03,-0.133333333,-0.766125093,-0.091595635,-1.045999565,-0.061094913,-0.820290592,-0.026608303,-0.298516343,0.005566479,0.778417048,-0.066666667,0.007294875,-0.123142803,-0.372433633,-0.08660591,-0.168739146,-0.037758956,0.266072285,0.000435246,0.920685994,0.012753848,0.329130624,-0.004960187,-0.371017988,-0.003390636,-0.361850583,9.10E-05,0.013773751,0.003904549,0.634963137
2025-02-04,0.1,0.75161802,-0.053276508,-0.523306739,-0.044985422,-0.542858371,-0.020277888,-0.157426792,0.00745515,0.833707438,-0.153846154,-0.242496286,-0.129283473,-0.414995238,-0.093329934,-0.225885724,-0.043563316,0.205974862,-0.002650382,0.874417373,-0.037366805,-0.964301908,-0.011441511,-0.855815747,-0.006788253,-0.724446136,-0.001781896,-0.269724129,0.003079122,0.500731059
2025-02-05,0,0.101156686,-0.042621207,-0.377962882,-0.04048688,-0.465385996,-0.019263993,-0.134829554,0.007306047,0.829342483,0,0.198311645,-0.103426779,-0.235779874,-0.083996941,-0.14656587,-0.04138515,0.228527246,-0.002597374,0.875212216,-0.007613319,-0.196472188,-0.010675872,-0.798546616,-0.00687076,-0.733251283,-0.002073467,-0.313859027,0.002865273,0.465954672
2025-02-06,-0.266666667,-1.633406872,-0.087430299,-0.989182206,-0.063104859,-0.854905188,-0.031634127,-0.410529734,0.001826592,0.668932723,-0.3,-0.66126382,-0.142741423,-0.508273648,-0.105597246,-0.330143961,-0.054315893,0.094644386,-0.008545427,0.786021884,-0.037764421,-0.974562928,-0.016093582,-1.203786915,-0.009960126,-1.062950143,-0.003858014,-0.583984607,0.00205268,0.333809547
2025-02-07,-0.24137931,-1.468922397,-0.118220101,-1.409171126,-0.080932304,-1.16192343,-0.042121386,-0.644265223,-0.003037526,0.526536789,-0.03125,0.108772534,-0.120443138,-0.353721983,-0.098162522,-0.266957238,-0.053162598,0.106585416,-0.008999518,0.779212837,-0.029224345,-0.754174502,-0.018719735,-1.400221003,-0.011886548,-1.268538956,-0.005126331,-0.77596868,0.001427139,0.2320833
2025-02-10,0.105263158,0.785852827,-0.073523449,-0.799485546,-0.062312758,-0.841263892,-0.034752159,-0.48002308,-0.000871512,0.58994634,-0.166666667,-0.27923028,-0.129687844,-0.417797973,-0.105012936,-0.325177988,-0.058837802,0.047825258,-0.012152861,0.731928838,-0.045864621,-1.18359976,-0.024148712,-1.806304109,-0.015284355,-1.631154834,-0.007163245,-1.084294824,0.000481304,0.07827029
2025-02-11,-0.294117647,-1.811964886,-0.117642289,-1.401289468,-0.085493247,-1.240470446,-0.047720433,-0.769054362,-0.006736435,0.418252081,0,0.198311645,-0.103750275,-0.238022062,-0.094511643,-0.235928907,-0.055895911,0.078285122,-0.011909804,0.735573452,0.045644655,1.177923234,-0.010190039,-0.762206636,-0.009191454,-0.980917066,-0.00452285,-0.684620309,0.001384571,0.225160804
2025-02-12,0.04,0.36134122,-0.086113831,-0.971224903,-0.072943922,-1.024350214,-0.043334412,-0.671300611,-0.005801706,0.445616048,-0.142857143,-0.211010005,-0.111571649,-0.292232792,-0.099346193,-0.277017097,-0.060243973,0.033265981,-0.014528751,0.696302659,0.045275348,1.168392764,0.000903039,0.067546573,-0.003744774,-0.399644338,-0.002032941,-0.307724604,0.002262386,0.367912365
2025-02-13,0,0.101156686,-0.068891065,-0.736297413,-0.06564953,-0.898728655,-0.041167691,-0.623009681,-0.005685672,0.44901292,-0.125,-0.159844799,-0.114257319,-0.310847444,-0.101911573,-0.298819922,-0.063481774,-0.000257701,-0.016738176,0.663172597,-0.015556501,-0.401456953,-0.002388869,-0.178685481,-0.004925947,-0.525699745,-0.002709119,-0.41007714,0.001906009,0.30995773
2025-02-14,-0.073170732,-0.374790632,-0.069746998,-0.74797279,-0.06640165,-0.911681415,-0.042767843,-0.658673176,-0.007035373,0.409500729,-0.022727273,0.133192292,-0.09595131,-0.183966644,-0.093993143,-0.231522252,-0.061444049,0.020840581,-0.016857958,0.661376481,-0.002845018,-0.073419603,-0.002480099,-0.185509389,-0.004717854,-0.503491957,-0.002715913,-0.411105687,0.001810988,0.294505362
2025-02-18,0,0.101156686,-0.055797599,-0.557695722,-0.059761485,-0.797326736,-0.040629451,-0.611013618,-0.006894666,0.413619908,0,0.198311645,-0.076761048,-0.050956998,-0.084593829,-0.151638745,-0.058371847,0.052649679,-0.016520798,0.666432142,0.021214717,0.547475009,0.002258864,0.16896122,-0.002124597,-0.226738128,-0.001519382,-0.229987654,0.002199063,0.357614578
2025-02-19,-0.166666667,-0.982945538,-0.077971412,-0.860158075,-0.070452003,-0.98143523,-0.046931312,-0.751466761,-0.010090106,0.320074138,-0.076923077,-0.02209232,-0.076793454,-0.051181607,-0.083826754,-0.145119476,-0.059299408,0.043045854,-0.017728844,0.648317644,-0.022323054,-0.576077167,-0.002657519,-0.198780294,-0.004144442,-0.442297179,-0.002559566,-0.387439423,0.00170862,0.277858178
2025-02-20,-0.076923077,-0.399198187,-0.077761745,-0.857298107,-0.07109911,-0.992579495,-0.0484309,-0.784888935,-0.011426765,0.280943742,-0.2,-0.374738665,-0.101434763,-0.221973012,-0.095444078,-0.243853553,-0.066334438,-0.029793728,-0.021374267,0.593654962,-0.043288784,-1.117126728,-0.010783772,-0.806617433,-0.008058876,-0.860047757,-0.004596026,-0.695696906,0.000808672,0.131507395
2025-02-21,0.1,0.75161802,-0.042209396,-0.372345572,-0.053989199,-0.697918384,-0.041009355,-0.619480755,-0.00919823,0.346183599,-0.2,-0.374738665,-0.12114781,-0.358606136,-0.105899671,-0.332714223,-0.073017716,-0.098991331,-0.024946782,0.540085534,-0.032885861,-0.84866498,-0.01520419,-1.13726111,-0.010541575,-1.125002714,-0.006010518,-0.909807407,0.000134782,0.021918375
2025-02-24,-0.285714286,-1.75730427,-0.090910374,-1.036652245,-0.077161708,-1.096987503,-0.053244602,-0.892174629,-0.014728551,0.184284724,-0.315789474,-0.706504634,-0.160076143,-0.628422345,-0.126888651,-0.511096739,-0.085156304,-0.224672348,-0.030763636,0.45286251,-0.071280039,-1.839479653,-0.02641936,-1.976146736,-0.016615421,-1.773206964,-0.009273994,-1.403797205,-0.001293515,-0.210353135
2025-02-25,-0.266666667,-1.633406872,-0.126061633,-1.516133697,-0.096112204,-1.423346545,-0.063915705,-1.130007556,-0.019767313,0.03677612,-0.3125,-0.697079464,-0.190560914,-0.839715377,-0.145449786,-0.668845324,-0.096523489,-0.34236638,-0.036398363,0.368370451,-0.041322275,-1.066378263,-0.029399943,-2.199091936,-0.019086107,-2.036879874,-0.010876408,-1.646353356,-0.00209409,-0.340543767
2025-02-26,-0.0625,-0.305381648,-0.113349306,-1.34273095,-0.092750984,-1.365460742,-0.06384492,-1.128429925,-0.020621967,0.011756329,-0.25,-0.518001242,-0.202448732,-0.922111039,-0.155904807,-0.757701143,-0.104197314,-0.421819955,-0.040670396,0.304311833,-0.040046722,-1.033460854,-0.031529299,-2.358366026,-0.021182168,-2.260572719,-0.012334924,-1.867127725,-0.002853143,-0.463981941
2025-02-27,-0.066666667,-0.332484204,-0.104012778,-1.215375853,-0.090142552,-1.320539212,-0.063986007,-1.131574419,-0.021542861,-0.01520263,-0.285714286,-0.620331655,-0.219101842,-1.037535433,-0.168885755,-0.86802447,-0.113273163,-0.515789854,-0.045571273,0.23082376,0.074561704,1.924167549,-0.010311098,-0.771261791,-0.011607781,-1.238788812,-0.007990093,-1.209454016,-0.001304846,-0.212195782
2025-02-28,-0.081081081,-0.426244396,-0.099426439,-1.152815798,-0.089236405,-1.304933853,-0.064840761,-1.150624799,-0.022733625,-0.050061983,-0.205882353,-0.391593086,-0.216457944,-1.01921031,-0.172585415,-0.899467381,-0.117903622,-0.563732898,-0.048777495,0.182746852,-0.097922368,-2.527021678,-0.027833352,-2.081912213,-0.02023924,-2.159942863,-0.012486706,-1.890102902,-0.003237196,-0.526437247
2025-03-03,-0.235294118,-1.429340572,-0.126599975,-1.523476961,-0.103842176,-1.556469515,-0.073363429,-1.340574328,-0.026984835,-0.174515171,-0.111111111,-0.120049638,-0.195388578,-0.8731764,-0.166437984,-0.847221198,-0.117563997,-0.560216469,-0.050024167,0.16405315,0.007345147,0.189551655,-0.020797652,-1.555647552,-0.017480801,-1.865560756,-0.011495114,-1.740006298,-0.003025549,-0.492018944
2025-03-04,0,0.101156686,-0.10127998,-1.178099059,-0.093457958,-1.377636025,-0.069695257,-1.258819712,-0.026445139,-0.158715674,-0.277777778,-0.597591563,-0.211866418,-0.987385974,-0.177571964,-0.941847389,-0.125574686,-0.643157875,-0.05457924,0.09575039,-0.003151165,-0.081320144,-0.017268355,-1.291658954,-0.016047837,-1.712634083,-0.011077916,-1.676855448,-0.003028062,-0.492427498
2025-03-05,-0.153846154,-0.899553059,-0.111793214,-1.321505052,-0.099496778,-1.481634537,-0.073902802,-1.352595649,-0.028993159,-0.233308381,-0.388888889,-0.915952846,-0.247270912,-1.232778103,-0.198703656,-1.121442797,-0.138740396,-0.779473553,-0.061265433,-0.004508271,-0.04682787,-1.208457733,-0.023180258,-1.733864522,-0.019125841,-2.041120297,-0.012865414,-1.947427566,-0.003904058,-0.63488319
2025-03-06,0,0.101156686,-0.089434572,-1.016521532,-0.0895471,-1.310284545,-0.070207662,-1.270239967,-0.028413296,-0.21633302,-0.266666667,-0.565755435,-0.251150063,-1.25966489,-0.205499957,-1.179203644,-0.14513671,-0.84569997,-0.065373457,-0.066107607,-0.026145356,-0.674716962,-0.023773277,-1.77822192,-0.019827792,-2.11603296,-0.013529411,-2.047936289,-0.004348884,-0.707221397
2025-03-07,-0.4,-2.500688652,-0.151547657,-1.863776331,-0.12059239,-1.844936047,-0.086697279,-1.637753406,-0.03584503,-0.433895321,-0.324324324,-0.730959128,-0.265784915,-1.36110053,-0.217382394,-1.280190873,-0.15409609,-0.93846398,-0.070552475,-0.14376635,-0.107824489,-2.782559557,-0.04058352,-3.035614442,-0.028627462,-3.055138579,-0.018244165,-2.761604874,-0.006418396,-1.043768277
2025-03-10,-0.47826087,-3.009745348,-0.2168903,-2.755083965,-0.156359238,-2.460900626,-0.106275458,-2.07410339,-0.044693347,-0.692927754,-0.03030303,0.111485841,-0.218688538,-1.034670781,-0.198674458,-1.121194641,-0.147906437,-0.874377293,-0.069747486,-0.131695638,0.097243815,2.509510674,-0.013018053,-0.973739822,-0.016040334,-1.711833347,-0.012469766,-1.887538647,-0.004345152,-0.706614477
2025-03-11,0.117647059,0.866405315,-0.149982828,-1.842431246,-0.128958608,-1.989016233,-0.095079332,-1.824568987,-0.041446538,-0.597878195,-0.076923077,-0.02209232,-0.190335446,-0.838152632,-0.18649932,-1.017719783,-0.144357269,-0.837629769,-0.069890998,-0.133847581,0.003680947,0.094991905,-0.009678253,-0.72392549,-0.014068206,-1.501366745,-0.01166223,-1.765302614,-0.00418463,-0.680510175
2025-03-12,-0.222222222,-1.344312946,-0.164430707,-2.039507829,-0.13828497,-2.149631679,-0.101436477,-1.96625427,-0.045062052,-0.703721524,-0.071428571,-0.00634918,-0.166554071,-0.673321519,-0.174992245,-0.919922704,-0.140710834,-0.79987516,-0.069921749,-0.134308696,-0.003304749,-0.085283597,-0.008403552,-0.628578898,-0.01299186,-1.386498532,-0.011244356,-1.702049344,-0.004167032,-0.677648427
2025-03-13,-0.277777778,-1.705680354,-0.187100121,-2.348730431,-0.152234251,-2.389861483,-0.110253542,-2.162765196,-0.049716367,-0.839975508,-0.19047619,-0.347450555,-0.171338495,-0.706482845,-0.176540639,-0.933082301,-0.143199102,-0.825638291,-0.072332838,-0.170462683,-0.003304749,-0.085283597,-0.008403552,-0.628578898,-0.01299186,-1.386498532,-0.011244356,-1.702049344,-0.004167032,-0.677648427
2025-03-14,-0.3,-1.850227317,-0.209680097,-2.656733047,-0.167010826,-2.644338668,-0.119740865,-2.374214539,-0.054722039,-0.98651542,-0.5,-1.23431413,-0.237070796,-1.162080067,-0.208886575,-1.207986054,-0.161039147,-1.010351291,-0.080886181,-0.298719037,-0.003304749,-0.085283597,-0.008403552,-0.628578898,-0.01299186,-1.386498532,-0.011244356,-1.702049344,-0.004167032,-0.677648427
