date,aapl_news,aapl_reddit,aapl_stock,date
2024-03-01,-1.1281025348283504,-1.280921011231332,-1.7335619712390489,2024-03-01
2024-03-04,-1.4031604870897652,-1.329775380065004,-1.6078467751489292,2024-03-04
2024-03-05,-1.5653330915495292,-1.7288778997206242,-1.7755526164557578,2024-03-05
2024-03-06,-1.827341289324981,-1.8408352409210147,-1.706476641674196,2024-03-06
2024-03-07,-1.5682762605590672,-1.7334426730834276,-1.1031310208277576,2024-03-07
2024-03-08,-1.3874752739439256,-1.6314197336377199,-1.0209966249200009,2024-03-08
2024-03-11,-1.1554274529249473,-1.8551260041312345,-1.018707052099817,2024-03-11
2024-03-12,-0.9136304183009163,-1.747018898133137,-0.9497666935427251,2024-03-12
2024-03-13,-0.9614940959361108,-1.858069189412902,-1.1258786823846956,2024-03-13
2024-03-14,-1.0069645896895454,,-0.4984150678174931,2024-03-14
2024-03-15,-0.9492267003814815,-1.7498149241507204,-0.6291615974934288,2024-03-15
2024-03-18,-0.8895692837114958,-1.8607254141296061,-0.4218220031280715,2024-03-18
2024-03-19,-0.8532295994521539,-1.7523383376315893,-0.2325537375443397,2024-03-19
2024-03-20,-1.0627252383315144,-2.1481253795737096,-0.8848170975490822,2024-03-20
2024-03-21,-1.2511719672467918,-2.025368304803488,-0.9945194882636966,2024-03-21
2024-03-22,-1.1068506555222561,-2.2293771467387145,-1.0190470416744895,2024-03-22
2024-03-25,-0.9864414009946556,-2.102557483610243,-0.914504005995739,2024-03-25
2024-03-26,-1.030664529495163,-1.875202782649215,-0.6940584921618186,2024-03-26
2024-03-27,-1.1580829201946525,-2.407347963659093,-0.7318049117825098,2024-03-27
2024-03-28,-1.1937239727351603,-2.3785057806735814,-0.9690822610897306,2024-03-28
2024-04-01,-1.3509477995499863,-2.2442296858483655,-0.9587407420592393,2024-03-29
2024-04-02,-1.2381601778587152,-2.3304194377423695,-0.7133414088928639,2024-04-01
2024-04-03,-1.200404652384014,-2.83980378599759,-0.7690108209374594,2024-04-02
2024-04-04,-1.3572944452163973,-2.8427768223896432,-0.8039312619068194,2024-04-03
2024-04-05,-1.2315726339450777,-2.7921631964676035,-0.8071132836024104,2024-04-04
2024-04-08,-1.263539200798064,-2.6372042308526873,-0.7535859019867397,2024-04-05
2024-04-09,-0.897377638554081,-2.489993213518516,-0.7764587280947574,2024-04-08
2024-04-10,-0.8154323737516649,-2.1363907050730955,0.04376026134298143,2024-04-09
2024-04-11,-0.4518496628222862,,0.18183101876304422,2024-04-10
2024-04-12,-0.30074568980899297,-2.2279724060058625,-0.28467513449536186,2024-04-11
2024-04-15,-0.3792536038687835,-1.8874709379360752,-0.5473000346638601,2024-04-12
2024-04-16,-0.7710599628290408,,-0.7269259197618031,2024-04-15
2024-04-17,-0.9269870216116559,-1.777746585247735,-0.9312454837475945,2024-04-16
2024-04-18,-1.0482017652221198,-2.314764576127687,-0.9769263757863808,2024-04-17
2024-04-19,-1.027654462060582,-2.0554243163429913,-0.9509019740992505,2024-04-18
2024-04-22,-0.6071988366277534,-2.193804745107856,-0.7434447670230252,2024-04-19
2024-04-23,-0.4995712560985913,-2.0687637020609264,-0.3073474653577905,2024-04-22
2024-04-24,-0.568137891843902,-1.9499747111663437,-0.24610748788909323,2024-04-23
2024-04-25,-0.7342110541757741,-1.8371251698164905,0.22267514747534634,2024-04-24
2024-04-26,-0.4738218594137699,-1.7299181055341297,0.20641699502860686,2024-04-25
2024-04-29,-0.30575808454072995,-1.6280713944658867,-0.2846279935933817,2024-04-26
2024-04-30,-0.18214566211628008,-1.5313170189510559,0.11351547398445581,2024-04-29
2024-05-01,-0.0286656971081144,-1.567651587398742,1.9291020277796571,2024-04-30
2024-05-02,0.3187095850330889,-1.0731331235285966,1.3207574144111087,2024-05-01
2024-05-03,0.7296742707212387,-1.217877703538589,1.3887564510854395,2024-05-02
2024-05-06,1.1547870796909843,-1.034756991581144,1.2466446230961883,2024-05-03
2024-05-07,1.2372464097061098,-1.1279823676940193,1.1490739639413001,2024-05-06
2024-05-08,1.081838890670564,-1.056232443517782,1.4069474013953518,2024-05-07
2024-05-09,0.9342017475867955,-0.6674419525834187,1.401491894770174,2024-05-08
2024-05-10,1.1318588136043748,-0.45840501767924263,1.5794494204113378,2024-05-09
2024-05-13,0.9123279592419097,,1.547876985664183,2024-05-10
2024-05-14,0.911951792993586,0.060808133446662256,1.7731943613020333,2024-05-13
2024-05-15,0.8653326249696741,0.07311853256586545,1.5725422470985237,2024-05-14
2024-05-16,0.9135680355229661,0.08481341172910849,1.472812831870955,2024-05-15
2024-05-17,0.9408869515133919,0.09592354693418936,1.6057236443465968,2024-05-16
2024-05-20,1.0021671221351356,0.10647817537901622,1.6626466537908489,2024-05-17
2024-05-21,0.943919986102146,0.11650507240160173,1.4304335703417537,2024-05-20
2024-05-22,0.9041136466206252,0.12603062457305794,1.1076075981904436,2024-05-21
2024-05-23,1.0032806461919455,0.455707962102879,1.3687742062753223,2024-05-22
2024-05-24,1.1704507791234944,0.3566653517987177,1.0798927747018836,2024-05-23
2024-05-28,1.4221224751123867,0.35418289000031816,1.160662571043076,2024-05-24
2024-05-29,1.6044347284665565,0.35182455129183854,1.181834406842247,2024-05-27
2024-05-30,1.5892797137947163,0.3495841295187829,1.29219950010901,2024-05-28
2024-05-31,1.495576489705604,0.1550788910542175,1.428015274308139,2024-05-29
2024-06-03,1.5291221834177373,-0.15795231067389473,1.4433750535770524,2024-05-30
2024-06-04,1.685674829258991,-0.3678879351428001,1.4041858064954706,2024-05-31
2024-06-05,1.6743884055626155,-0.3341427325941238,1.2158850170143514,2024-06-03
2024-06-06,1.5825302053582517,-0.3020847901728813,1.411933474762533,2024-06-04
2024-06-07,1.5023821167161073,-0.17544132598261963,0.9745836890278302,2024-06-05
2024-06-10,1.5899370682020841,-0.05971043590139869,2.5001089115653627,2024-06-06
2024-06-11,1.593531018395937,0.24362861432248545,3.1647979694413246,2024-06-07
2024-06-12,1.6185741693030595,0.08648395791442864,2.9144673230383025,2024-06-10
2024-06-13,1.2220435738652469,-0.22311749715669416,2.7188702671255656,2024-06-11
2024-06-14,1.2356209605781219,-0.16286049408975073,3.0223838378014585,2024-06-12
2024-06-17,1.2389066343007036,-0.13936666359372687,2.497515164578556,2024-06-13
2024-06-18,1.1230690841108595,-0.11704752462250424,2.004960865166269,2024-06-14
2024-06-20,1.181548576751094,-0.0958443425998427,1.6227303305899679,2024-06-17
2024-06-21,0.9401032739943311,0.08461271180515452,1.6945579277488394,2024-06-18
2024-06-24,0.7301601966123683,-0.11801915997152534,1.8594911047585478,2024-06-19
2024-06-25,0.7931997607727437,-0.0967673961814128,2.101651615609073,2024-06-20
2024-06-26,1.2656037244268274,-0.7178343465146811,2.1083424431203883,2024-06-21
2024-06-27,1.3649975955272684,-0.6665918233974109,1.623964408216157,2024-06-24
2024-06-28,1.3265673441020085,-0.5263034084454503,1.9681129544886282,2024-06-25
2024-07-01,1.483917618950124,-0.41338675157232196,2.265480047301969,2024-06-26
2024-07-02,1.5540944199049689,-0.37736660820216955,2.318852352443409,2024-06-27
2024-07-03,1.4837793587333072,-0.34314747200052476,2.74825209180948,2024-06-28
2024-07-05,1.4674474798071415,-0.31063929260896217,2.6930288660584263,2024-07-01
2024-07-08,1.300529907266544,0.04087154077995993,2.6919338963855615,2024-07-02
2024-07-09,1.337890585490405,0.1824299947192733,2.7598616644351455,2024-07-03
2024-07-10,1.6709101652710203,0.18865930077484594,2.3846817268730547,2024-07-04
2024-07-11,1.1910148833357483,0.19457714152763994,2.99924513955025,2024-07-05
2024-07-12,1.3154898011467449,0.3284503154295693,2.710221153761762,2024-07-08
2024-07-15,1.364348257935185,0.0067505424826894925,2.049946954430844,2024-07-09
2024-07-16,1.3611975667899132,0.02176382115009134,2.027827955299355,2024-07-10
2024-07-17,1.1202865297493134,0.03602643588412308,1.399600473572395,2024-07-11
2024-07-18,0.8782033845355991,0.04957591988145322,1.5460642330963776,2024-07-12
2024-07-19,0.6297196725473689,0.06244792967891685,1.2103591951286852,2024-07-15
2024-07-22,0.41928207174575294,0.07467633898650733,1.1132011367712995,2024-07-16
2024-07-23,0.3047727696082249,0.3000453698066767,0.5546207346623988,2024-07-17
2024-07-24,0.1343065191269014,0.9416500330417544,0.5035456377640866,2024-07-18
2024-07-25,0.36713102725394464,0.909918337181203,0.3015879022737554,2024-07-19
2024-07-26,0.3609705575421589,0.879773226113679,0.5148906430757229,2024-07-22
2024-07-29,0.5137300316176906,0.8511353705995314,0.7172327686054951,2024-07-23
2024-07-30,0.6507175873585876,1.0376814498390494,0.9753724644952494,2024-07-24
2024-07-31,0.8418603500438739,1.1843642191197405,0.40965989958744264,2024-07-25
2024-08-01,1.0948213387306736,1.1404968139552898,-1.6447138798013616,2024-07-26
2024-08-02,0.7879231529421714,0.6980377003403895,-0.8694006001786696,2024-07-29
2024-08-05,0.18749403164499248,0.8388006525983751,-0.6527637372234197,2024-07-30
2024-08-06,0.19560247572371217,0.8122114257599926,0.046786621254064624,2024-07-31
2024-08-07,-0.37521061171254355,0.7869516602635293,-0.06085682467236617,2024-08-01
2024-08-08,-0.4499952796771568,0.7629548830418891,0.3842843083398987,2024-08-02
2024-08-09,-0.42010585586971233,0.7401579446813309,0.6674042998903732,2024-08-05
2024-08-12,-0.3538603313624549,1.1460049371947174,0.792306583307076,2024-08-06
2024-08-13,-0.1521416528165485,0.7834274331595803,1.1586632228412896,2024-08-07
2024-08-14,0.16565966476934613,,1.0334574667617522,2024-08-08
2024-08-15,0.4339259636846706,1.4008629932270127,1.1603997227392697,2024-08-09
2024-08-16,0.3839952576626731,1.3461706493571983,1.1073023397712631,2024-08-12
2024-08-19,0.4933069846517182,1.2942129226808747,1.1257489967508587,2024-08-13
2024-08-20,0.37509643686889205,1.2448530823383672,1.1940380059854374,2024-08-14
2024-08-21,-0.10729806422882464,1.1979612340129853,0.9265662523752044,2024-08-15
2024-08-22,0.08209250096040017,1.47404204107081,0.9885488131668209,2024-08-16
2024-08-23,0.3545371580661716,1.5225667657977848,0.8646502723331801,2024-08-19
2024-08-26,0.6596213924046586,1.4617892332994318,1.0101871633462975,2024-08-20
2024-08-27,0.6124010843850495,1.4040505774259964,1.1722059744241402,2024-08-21
2024-08-28,0.7910404067370372,1.349198854346233,1.1222851733146586,2024-08-22
2024-08-29,0.991028220483574,1.2970897174204574,0.9078647490388725,2024-08-23
2024-08-30,0.6258749224867356,1.1674290215992364,0.19262501128510628,2024-08-26
2024-09-03,0.7230926662345778,1.124408376310811,0.1799853933520813,2024-08-27
2024-09-04,0.7167576612739522,1.0835387632868065,0.40358103993872746,2024-08-28
2024-09-05,1.0920488715291488,1.2050266623974715,0.07285162272323537,2024-08-29
2024-09-06,1.1906308832051384,1.3525029728492965,-0.12197527553897243,2024-08-30
2024-09-09,1.4645862336146782,0.8994435512896961,0.14192479221299353,2024-09-02
2024-09-10,1.5059898687797217,0.8698221795167475,0.2391736714380488,2024-09-03
2024-09-11,1.4957570970922234,0.5210538133655087,0.3350697945141725,2024-09-04
2024-09-12,1.4199476638633801,0.5103519284887695,-0.3813301072934552,2024-09-05
2024-09-13,1.1166196518559586,0.6070611588448466,-0.4433272736432083,2024-09-06
2024-09-16,0.9672434707129203,0.4317448752106718,-0.235781492835965,2024-09-09
2024-09-17,0.9262709570008605,0.3339004192511209,0.5359001740333967,2024-09-10
2024-09-18,0.7170194954685711,0.2256801830911219,1.0009217343609478,2024-09-11
2024-09-19,0.6885581805187292,0.22974697972810212,0.6967647369711261,2024-09-12
2024-09-20,0.8381559334705762,0.09110907521459437,0.7899634496803429,2024-09-13
2024-09-23,1.0199267788502628,-0.3790376672050055,0.38896408789698467,2024-09-16
2024-09-24,1.0604324817095254,-0.34473497805321895,0.6036364072046649,2024-09-17
2024-09-25,0.9138656590738087,-0.4724614548424905,0.6868504166709706,2024-09-18
2024-09-26,1.6073397591539498,-0.112859513341892,0.8061763278821701,2024-09-19
2024-09-27,1.59203949294774,-0.011708716141526675,0.7156411789713403,2024-09-20
2024-09-30,1.4188923197501127,0.16454155694055478,0.328440644264015,2024-09-23
2024-10-01,1.0462243598163485,-0.14896277808187433,0.23824367062551505,2024-09-24
2024-10-02,1.0013028016491177,-0.1261638333862443,0.4987239414697262,2024-09-25
2024-10-03,1.4128341840724692,0.5367512900084795,0.14229604410431898,2024-09-26
2024-10-04,1.3720121032199495,0.41838851031061264,0.11538702226745666,2024-09-27
2024-10-07,1.209866299508712,-0.22843623534725702,0.20174580976043274,2024-09-30
2024-10-08,0.9447994417718264,-0.2016636177883578,0.44322487715002123,2024-10-01
2024-10-09,1.060233527005017,-0.17622963110740364,0.5693377293271615,2024-10-02
2024-10-10,1.0524620823685376,-0.40856979413404726,0.48272845349500715,2024-10-03
2024-10-11,0.7952654354886605,-0.37279049863580854,0.935630762539083,2024-10-04
2024-10-14,1.1477059710880289,-0.12504812593452339,0.6976697978683536,2024-10-07
2024-10-15,1.2529947298554094,0.15305753652728915,0.8383554689964101,2024-10-08
2024-10-16,1.0967997948123984,0.160755465492461,1.0582029584751587,2024-10-09
2024-10-17,1.0338210251455455,0.16806849800937426,0.842537157657747,2024-10-10
2024-10-18,1.0192063567629805,0.3353299103839107,0.7473369398883926,2024-10-11
2024-10-21,0.9857291845858008,0.013286157689313833,0.728020447736496,2024-10-14
2024-10-22,0.4265412360142345,-0.18577938638157396,0.30243351044165556,2024-10-15
2024-10-23,0.16026668810254197,0.1594884516959787,0.2641233705374554,2024-10-16
2024-10-24,0.3362790156751985,0.16686483490271609,0.597163672157529,2024-10-17
2024-10-25,0.3790624100807976,0.08226438095856295,0.5463539781394424,2024-10-18
2024-10-28,0.42517601132824523,-0.013374053286808116,0.47232652716898565,2024-10-21
2024-10-29,0.5879428727396163,0.21639749714702702,0.136349815235676,2024-10-22
2024-10-30,0.6870572189748142,0.6056821036415372,-0.6813988314261438,2024-10-23
2024-10-31,0.8153784153478553,1.103753704998097,-0.6453166400629126,2024-10-24
2024-11-01,0.8324665835909626,0.9997912129463407,-0.5316083122584956,2024-10-25
2024-11-04,0.9440277096638622,0.9651524580905598,-0.4238832926726059,2024-10-28
2024-11-05,0.5951029802344106,0.7490296049964609,-0.2010634684609235,2024-10-29
2024-11-06,0.47180263267244954,0.887242962021643,0.08495982999439763,2024-10-30
2024-11-07,0.5132792227903148,1.0185456511955657,-0.13153676493297772,2024-10-31
2024-11-08,0.5328554933645708,0.9829691744273238,-0.1693990042086525,2024-11-01
2024-11-11,0.4126675201461019,0.9491715214974938,-0.214363934660589,2024-11-04
2024-11-12,0.5205456340109754,0.703311709236197,-0.1034620632205579,2024-11-05
2024-11-13,0.7710676344642179,0.9399993799394735,0.03797751194955796,2024-11-06
2024-11-14,0.8097818914387814,0.8442246041406487,-0.07678524529552869,2024-11-07
2024-11-15,0.675747598316602,0.916018968330364,0.09770827263865656,2024-11-08
2024-11-18,0.34654530310287773,0.8855688257053822,0.19854691480720998,2024-11-11
2024-11-19,0.4375425561451473,1.0703932321896077,0.26851284948010995,2024-11-12
2024-11-20,0.16350830948592157,1.1391003973606426,0.17548107542612296,2024-11-13
2024-11-21,-0.017518264689478955,0.8837441413061884,0.4979668810288341,2024-11-14
2024-11-22,0.0484243702964827,0.7266565148456402,0.6525837186217621,2024-11-15
2024-11-25,-0.04754204676858185,0.38504643192795684,0.728516011669826,2024-11-18
2024-11-26,-0.015345316079048862,0.3811449161230953,0.7243097940429715,2024-11-19
2024-11-27,0.03991454345627596,0.3774384761084768,0.9208802721596956,2024-11-20
2024-11-29,0.31446809843725354,0.28230934010403563,1.1127000626943397,2024-11-21
2024-12-02,0.5382845275987791,0.20338766314863577,1.3405902091126487,2024-11-22
2024-12-03,0.5886379399166145,0.33682031096951537,1.3760284282317865,2024-11-25
2024-12-04,0.6507080847225591,0.22845408022359667,1.208872816737327,2024-11-26
2024-12-05,0.7096747222882067,0.23238218200395316,1.049638837045058,2024-11-27
2024-12-06,0.9071997411859375,0.1445058607047382,1.4620759533121628,2024-11-28
2024-12-09,1.0855183961798562,0.3129454049445064,1.4852708534696462,2024-11-29
2024-12-10,1.3077917585246546,0.4195249614777966,1.3151250856822716,2024-12-02
2024-12-11,1.5453867728025013,0.41389951919544304,1.333066949745111,2024-12-03
2024-12-12,1.87924652748127,0.40855534902720714,1.2816563566932697,2024-12-04
2024-12-13,2.061833483260998,0.5200704102644513,1.4048348893662077,2024-12-05
2024-12-16,2.087253298970127,0.5094176955427651,1.519402203905921,2024-12-06
2024-12-17,1.88934543547138,0.49929761655716315,1.0328049047148442,2024-12-09
2024-12-18,1.4792762767251513,0.3471821802022023,1.0296437671213805,2024-12-10
2024-12-19,1.311767264338653,0.2535658589930749,1.5810433953920526,2024-12-11
2024-12-20,1.4302045630995042,0.19794236038642332,1.564785766535272,2024-12-12
2024-12-23,1.4359619736423035,-0.010355993819319986,1.7213609921656572,2024-12-13
2024-12-24,1.3715535347837748,0.26201506203673247,1.6043116504771096,2024-12-16
2024-12-26,1.3019542796703538,-0.010558939245228707,1.0414910106299007,2024-12-17
2024-12-27,1.1433113671365958,0.21907185548652744,1.007916419592054,2024-12-18
2024-12-30,1.1512125205312536,0.22346906850373735,0.6485708159472161,2024-12-19
2024-12-31,1.092630316130459,0.067332389386618,0.11895998090671438,2024-12-20
2025-01-02,0.8651476416228314,0.0793165757088234,0.1997503557632132,2024-12-23
2025-01-03,0.8763828532730622,0.09070155271491853,0.06880109405339974,2024-12-24
2025-01-06,0.553971271707153,0.3152693228486673,-0.03157313220482774,2024-12-25
2025-01-07,0.27411558926982693,0.4431078876845453,-0.20542318067951507,2024-12-26
2025-01-08,0.07434099108008731,0.3869759047892486,-0.7950573389126221,2024-12-27
2025-01-10,-0.12385611539798429,0.29747709855013904,-0.6392258551707894,2024-12-30
2025-01-13,-0.33457333507966946,0.08420200743620997,-0.6176758628284984,2024-12-31
2025-01-14,-0.6334465552983454,0.024092032196616306,-0.33016226925220477,2025-01-01
2025-01-15,-0.36223439345003955,-0.033012444280997665,-0.8032656429801018,2025-01-02
2025-01-16,-0.6755857527803699,0.1122402089113636,-1.5403894401439908,2025-01-03
2025-01-17,-0.7689966164828673,0.12197900425733174,-1.880982277962231,2025-01-06
2025-01-21,-1.00913922456098,0.05107384409426707,-1.2865100426949416,2025-01-07
2025-01-22,-0.8671802215311554,-0.06438026750568501,-1.2182309835320733,2025-01-08
2025-01-23,-0.6953097205824187,-0.04581044833886443,-1.2324461164793057,2025-01-09
2025-01-24,-0.8045568622904515,0.030126891318149246,-0.49338107992579705,2025-01-10
2025-01-27,-0.8578742177261693,0.043971352543778104,-0.1539700019389595,2025-01-13
2025-01-28,-1.155255359192789,-0.07112763447864955,0.2855562860654025,2025-01-14
2025-01-29,-1.3298232200474018,-0.09229895483404796,1.0644743006463782,2025-01-15
2025-01-30,-0.9058246092372331,0.00782381444092518,-0.534841947960221,2025-01-16
2025-01-31,-0.9540785773256117,0.022783429510415218,-0.7728163558731692,2025-01-17
2025-02-03,-1.147957639291184,0.03699506382643077,-0.6090214872347228,2025-01-20
2025-02-04,-1.0453195256128531,-0.020754564232673953,-0.3102195845105822,2025-01-21
2025-02-05,-1.3333284016851388,-0.1875820662106111,-0.16885811031027645,2025-01-22
2025-02-06,-1.2676835599751142,-0.16285215710854423,-0.42575142958012985,2025-01-23
2025-02-07,-1.0416253246545766,-0.13935874346158073,-0.537064825665002,2025-01-24
2025-02-10,-0.9350514646904752,-0.11704000049696538,-0.21810348080740793,2025-01-27
2025-02-11,-0.8708157457949822,-0.09583719468058081,0.3415671672954437,2025-01-28
2025-02-12,-0.7357729167034572,0.08461950232845339,0.7315352372919067,2025-01-29
2025-02-13,-0.5149586088905007,-0.011136687985412199,0.9620546983545367,2025-01-30
2025-02-14,-0.544470241061316,-0.08072986458578865,0.9603671135124521,2025-01-31
2025-02-18,-0.6107919275584905,-0.1682185865539421,0.9377778669216489,2025-02-03
2025-02-19,-0.3962266692027824,-0.07320617077538923,0.9825104484774617,2025-02-04
2025-02-20,-0.2991476970448688,-0.008391047449806618,0.8412353897616235,2025-02-05
2025-02-21,-0.14802169513346639,0.1521790810863854,1.0776801788302592,2025-02-06
2025-02-24,-0.4192130492790491,0.15992093282360242,0.6949807683203375,2025-02-07
2025-02-25,-0.39086273699151025,0.03902446678718359,0.21280067117314938,2025-02-10
2025-02-26,-0.363929940318348,-0.12246398510624162,-0.02615306852224487,2025-02-11
2025-02-27,-0.597890562154399,-0.1009899800593932,0.4290191847892046,2025-02-12
2025-02-28,-0.8003266628609312,0.04766154992188783,0.032631143348941766,2025-02-13
2025-03-03,-0.8538555282681249,0.06062927821732977,-0.18305652111081808,2025-02-14
2025-03-04,-1.028072777306303,0.286700662075958,-0.26639881397346893,2025-02-17
2025-03-05,-0.8851670966392122,0.5014684767416548,-0.18957797287507197,2025-02-18
2025-03-06,-2.0447373824695876,0.49174585869610843,-0.13946148460942995,2025-02-19
2025-03-07,-2.5911874329523963,,-1.2390387615820904,2025-02-20
