date,meta_news,meta_reddit,meta_stock,date
2024-03-01,-0.4050014247387859,0.28715525973033157,2.3361085681628717,2024-03-01
2024-03-04,-0.48013921787992575,0.13253470331687006,2.310584620264606,2024-03-04
2024-03-05,-0.8892739465665197,-0.01435482527591821,2.390115883805407,2024-03-05
2024-03-06,-1.2183483226065757,-0.2459824460410002,2.64303886029419,2024-03-06
2024-03-07,-1.3521581312080055,-0.22047516949600657,1.9368657469066262,2024-03-07
2024-03-08,-0.7640340548328702,-0.004404572190901668,1.7103973296215882,2024-03-08
2024-03-11,-0.8013523443985701,0.3159657060013645,1.6990637509742734,2024-03-11
2024-03-12,-0.5507073616673872,-0.30050821573531367,1.78300388740331,2024-03-12
2024-03-13,-0.5776554154635231,-0.11880370303571668,1.3075001558701664,2024-03-13
2024-03-14,-0.7618394436412466,-0.2531263113108761,1.3440094269450655,2024-03-14
2024-03-15,-0.6800602313421118,0.07968005383738834,1.1461883945166313,2024-03-15
2024-03-18,-0.10169960347538835,0.3958461007282394,1.4876143940626256,2024-03-18
2024-03-19,-0.052927383184546636,0.23579100226488203,1.9363797507553215,2024-03-19
2024-03-20,-0.0065937739082469506,0.0837386587246923,1.5822125734345398,2024-03-20
2024-03-21,-0.7043107357365704,-0.521123910648152,1.4620993721538813,2024-03-21
2024-03-22,-0.9591882096210333,-0.4818595608728002,1.3665769423941996,2024-03-22
2024-03-25,-1.284766872508364,-0.5980293762561051,1.099961102594951,2024-03-25
2024-03-26,-1.4152557536147043,-0.7083907008702449,0.8226844121676564,2024-03-26
2024-03-27,-1.3008057258168968,-0.8132339592536784,0.584942394902643,2024-03-27
2024-03-28,-1.705586277544924,-0.6497420015695596,0.4816426865961057,2024-03-28
2024-04-01,-1.7852323802933328,-0.5273112734131942,0.9473600247500638,2024-03-29
2024-04-02,-2.2085839391422,-1.1016213461791444,1.5022440512714634,2024-04-01
2024-04-03,-1.8875773766738355,-0.7263902292874663,1.441767567078077,2024-04-02
2024-04-04,-1.3918895704498244,-0.8303335112500377,1.7825192956912594,2024-04-03
2024-04-05,-0.8613825383248062,-0.8633063658273848,1.4645502994172213,2024-04-04
2024-04-08,-0.21832575331088733,-0.7301974194581277,0.9656267276334072,2024-04-05
2024-04-09,0.6707284014426387,-0.9260329105140995,1.316075765555832,2024-04-08
2024-04-10,0.5139890960933972,-1.1734650060852274,1.139498377200382,2024-04-09
2024-04-11,0.5319768814057996,-1.7154673922175765,1.04834565245386,2024-04-10
2024-04-12,0.9199322227729861,-1.7699568160336432,0.3771719792821114,2024-04-11
2024-04-15,1.1743768908193812,-1.3613089256492397,0.5304235707102495,2024-04-12
2024-04-16,0.8255650356071208,-1.2800353251238334,0.3918949971385666,2024-04-15
2024-04-17,0.827974023943837,-1.3562963522945868,0.47473045180565115,2024-04-16
2024-04-18,0.7375458265336164,-0.9683314850971361,0.0040628188703272445,2024-04-17
2024-04-19,0.744355775324008,-1.1113346868258533,0.05753475827342385,2024-04-18
2024-04-22,0.6465188983035162,-1.0425597982416173,0.642544863086488,2024-04-19
2024-04-23,0.8168231700713001,-1.2841655494263693,-2.320015374711002,2024-04-22
2024-04-24,0.850012910847386,-1.4259933286690905,-1.386182172735173,2024-04-23
2024-04-25,0.8104945967893618,-1.402873887060648,-1.3908145984858016,2024-04-24
2024-04-26,0.6050444503242386,-1.2427865646297283,-1.6538869389904032,2024-04-25
2024-04-29,0.47940436342994747,-0.8604971868155212,-1.668841338967713,2024-04-26
2024-04-30,0.7772715943658254,-0.4973222778920243,-1.174934715323879,2024-04-29
2024-05-01,1.449655756341334,-0.15230611441470215,-0.8386212233758341,2024-04-30
2024-05-02,0.8645597906607334,-0.745366445130577,-0.4249074572751661,2024-05-01
2024-05-03,0.865019041244769,-0.47165949929308426,0.00021980127164020937,2024-05-02
2024-05-06,1.421755747280209,-0.588339317755375,-0.10258895270016326,2024-05-03
2024-05-07,1.394355200033271,-0.23877230228488489,0.1434708568572297,2024-05-06
2024-05-08,1.1299102152998486,-0.520567428267474,0.39546245498063964,2024-05-07
2024-05-09,0.5608015266713221,-0.17438900727137965,0.21940487808862552,2024-05-08
2024-05-10,0.5764486904548284,-0.07572592882992278,-0.13244286872270652,2024-05-09
2024-05-13,0.4522383915540077,-0.058731478145483226,0.3046378517590002,2024-05-10
2024-05-14,0.10244676677297543,-0.08095448691273768,0.2901296273548964,2024-05-13
2024-05-15,0.32644514121160106,-0.21716955599404592,0.12479880757552309,2024-05-14
2024-05-16,0.35381012426809333,,0.08644880158603975,2024-05-15
2024-05-17,0.5652403308319631,-0.01770755518581287,-0.021332117470126706,2024-05-16
2024-05-20,0.34225108955860606,0.30332787215619866,0.007319490800255831,2024-05-17
2024-05-21,0.6072402400465793,0.6083115281311096,0.19092098206603017,2024-05-20
2024-05-22,0.6205654681613226,0.8980460013072753,-0.00972596200537269,2024-05-21
2024-05-23,0.936661026496114,0.9430873293197995,0.3199473085802105,2024-05-22
2024-05-24,0.9335152152883806,1.0187632225752445,0.23473584233627964,2024-05-23
2024-05-28,1.208676903631337,,0.11477678294213586,2024-05-24
2024-05-29,1.0064968259066402,0.7354796994176038,-0.10477156650519745,2024-05-27
2024-05-30,0.9998592247283806,0.3282364995149457,0.08709478492085071,2024-05-28
2024-05-31,0.3259930020323065,0.4478095869180526,0.30676970836810763,2024-05-29
2024-06-03,0.3533805920477635,0.5614040199510049,0.5597600077179823,2024-05-30
2024-06-04,0.5648322752226498,-0.06734181748315525,0.8342737261400307,2024-05-31
2024-06-05,0.20941095625818537,0.256175322973723,0.8946692616089209,2024-06-03
2024-06-06,0.45124030530507586,0.41004565873786825,0.77891563118027,2024-06-04
2024-06-07,0.2869320574966922,0.2911362953749094,0.9591317656355566,2024-06-05
2024-06-10,0.31627269473893,0.1363166871792187,1.386227163503049,2024-06-06
2024-06-11,0.647582891744841,-0.010761940606687172,1.040155762004189,2024-06-07
2024-06-12,0.40213694820669915,-0.15048663700329803,0.9011469023229449,2024-06-10
2024-06-13,0.42571734091343655,0.17718774442958815,0.8225948973916252,2024-06-11
2024-06-14,-0.02871021571282535,0.2838504765643109,0.8804351568655672,2024-06-12
2024-06-17,0.016412535189888302,0.28286610697903936,0.7492462199899023,2024-06-13
2024-06-18,-0.10761097684671564,0.2819309558730312,0.7614076471558835,2024-06-14
2024-06-20,-0.05854318788730755,-0.02589933301745365,0.578306314921977,2024-06-17
2024-06-21,0.09933129522025136,-0.1648671597935261,0.4753974929610015,2024-06-18
2024-06-24,-0.41824844740429523,0.1635262477788705,0.7834464517254244,2024-06-19
2024-06-25,-0.9099492028976144,0.08086040525007811,1.001984667439274,2024-06-20
2024-06-26,-1.0989147116259645,,1.0487693228059092,2024-06-21
2024-06-27,-1.2088943926703213,0.3969674345702952,0.5910359590538155,2024-06-24
2024-06-28,-1.4756293782401368,0.9274755339293339,0.4189251150079759,2024-06-25
2024-07-01,-1.7753859826965122,1.2012518068155884,0.5904480574274942,2024-06-26
2024-07-02,-1.364779234454311,1.1543973707177528,0.7383687530667083,2024-06-27
2024-07-03,-0.7760241029168605,1.1098856564248094,1.7340760144644882,2024-06-28
2024-07-05,-0.484923000911218,0.9141285801766236,1.3749472879157993,2024-07-01
2024-07-08,0.059839318949077736,0.7281593577408473,1.210923804592754,2024-07-02
2024-07-09,0.10053459311869621,0.09107575341719454,1.1536145507765911,2024-07-03
2024-07-10,0.13919510357983372,-0.2839472491854422,0.023810247586253688,2024-07-04
2024-07-11,-0.1022276204723887,-0.317930111551182,0.05264853531327041,2024-07-05
2024-07-12,-0.05342899933169695,-0.21208997789573517,0.1489011724897928,2024-07-08
2024-07-15,-0.007070309248039754,-0.11154185092306089,-0.6235165469247134,2024-07-09
2024-07-16,-0.5193299716491715,-0.24622755180385342,-0.7418520187662168,2024-07-10
2024-07-17,-0.6165663583438225,0.08623387536906006,-0.666420380837641,2024-07-11
2024-07-18,-0.33343814356683177,-0.058340611826338575,-0.2534517537916961,2024-07-12
2024-07-19,0.060701254516945816,-0.04221542699207771,-0.12567422847873425,2024-07-15
2024-07-22,0.1013534319081709,0.2800453939402467,-0.7342222009174155,2024-07-16
2024-07-23,0.035666672058471106,-0.33463251219337553,-1.0267014649415807,2024-07-17
2024-07-24,-0.04163665385179572,-0.4581636800106518,-0.9405059162898527,2024-07-18
2024-07-25,-0.35348927831538035,-1.035931132446729,-0.6832627686903098,2024-07-19
2024-07-26,-0.5488816133505111,-1.0323148006494047,-0.7544012641099032,2024-07-22
2024-07-29,-0.22099625349794108,-0.6605490110342136,-0.5687914531463952,2024-07-23
2024-07-30,-0.6741856692969601,-0.30737151089978193,1.2826397872180355,2024-07-24
2024-07-31,0.1184542488314539,0.028147114227927837,0.16329446161139893,2024-07-25
2024-08-01,0.5734440899924081,0.3468898080992521,-1.1676382983656224,2024-07-26
2024-08-02,-0.000564846369605201,0.38660231412862944,-0.05678814595522634,2024-07-29
2024-08-05,0.2517632928086748,,0.8115182335857517,2024-07-30
2024-08-06,0.4682958409455154,-0.2334034380144117,0.5786958574786369,2024-07-31
2024-08-07,-0.06773212896529418,-0.36199605954063657,0.9023431632849768,2024-08-01
2024-08-08,-0.2060917550601592,-0.023746206980884414,1.166848003283882,2024-08-02
2024-08-09,0.1816803235982848,-0.07073912145685175,1.213212386340052,2024-08-05
2024-08-12,-0.3400168704451633,0.25294788419871156,1.418510268940122,2024-08-06
2024-08-13,-0.6965541002912875,0.3302441180666637,1.468934974824915,2024-08-07
2024-08-14,-1.174339573140257,0.6338819617460514,1.399044420047382,2024-08-08
2024-08-15,-0.9050452289719897,0.9223379132414692,1.1666231435587715,2024-08-09
2024-08-16,-1.2333310408917726,1.1963710671621164,1.1565522986887307,2024-08-12
2024-08-19,-1.1279772487301114,1.4567025633867314,1.0597059558426474,2024-08-13
2024-08-20,-1.0278911461765337,1.704017484800116,1.3277402044079272,2024-08-14
2024-08-21,-1.6003698503273616,1.6320247648030537,1.2587908100258693,2024-08-15
2024-08-22,-1.476664117693921,1.8705735761456215,0.8976342962309884,2024-08-16
2024-08-23,-1.5445771443523544,1.965648420346871,0.5720600808178279,2024-08-19
2024-08-26,-1.7018112560079672,1.5736322582326938,0.5000895413478695,2024-08-20
2024-08-27,-1.5730334530904966,1.8151006949037796,0.5208850060991398,2024-08-21
2024-08-28,-1.6891090051677307,2.0444957097413115,0.5709707979087636,2024-08-22
2024-08-29,-1.5609663147922717,2.2624209738369663,0.4860711917622379,2024-08-23
2024-08-30,-1.85645607242104,2.0508928447190518,0.013119378191553972,2024-08-26
2024-09-03,-1.958360493531747,1.9615563567260428,0.20427120050938838,2024-08-27
2024-09-04,-2.2339805422235415,1.8152983140647287,0.5351638455640847,2024-08-28
2024-09-05,-2.495819588480747,,-0.009093355121926846,2024-08-29
2024-09-06,-2.3273413689396367,1.7377415526044355,0.05924573690436133,2024-08-30
2024-09-09,-2.405701525224414,1.510591681547269,0.01740334591103137,2024-09-02
2024-09-10,-2.798029626826727,0.834386461033295,0.35674233288557805,2024-09-03
2024-09-11,-2.614440905368318,0.6524043445546845,0.4482239634294901,2024-09-04
2024-09-12,-2.44003161998283,0.9399341769096712,0.5810053145522397,2024-09-05
2024-09-13,-1.7975138691689536,0.9619532396416369,0.9797077507473578,2024-09-06
2024-09-16,-1.9023654004422645,,0.9137851333207532,2024-09-09
2024-09-17,-3.0152358307594427,0.9270637319024992,1.281710564097046,2024-09-10
2024-09-18,-2.4870065483160344,0.280034908870764,1.5299915817938206,2024-09-11
2024-09-19,-2.3189689807831604,0.5861832130099467,1.7449424321526639,2024-09-12
2024-09-20,-1.603032873646324,0.6468176804373374,1.5726232516818766,2024-09-13
2024-09-23,-1.1083270445265312,0.013801159978860326,1.4142570852782697,2024-09-16
2024-09-24,-1.1946569248433343,0.33326115156263825,1.6993023104889486,2024-09-17
2024-09-25,-0.4493517408141647,0.3736550904188467,1.4463332430571105,2024-09-18
2024-09-26,0.2843635879203433,0.2147095424709589,1.3016928761598745,2024-09-19
2024-09-27,0.3138326486413984,-0.02837129668146726,1.5477092238079313,2024-09-20
2024-09-30,0.5087183817205827,-0.16721552527433947,1.3775827387220443,2024-09-23
2024-10-01,0.5269697027516258,-0.1456465947676792,1.1679414739936858,2024-09-24
2024-10-02,1.0449788339136623,0.18178578455342548,1.5187475316668535,2024-09-25
2024-10-03,1.0364171323350515,0.4928465449084748,1.8692751477030336,2024-09-26
2024-10-04,1.385905213108618,0.32794142423610617,1.5308406632178124,2024-09-27
2024-10-07,1.0821469835799564,0.44752926540315535,1.5795748881280054,2024-09-30
2024-10-08,0.8492067073257884,0.4383609563759417,1.314908246221734,2024-10-01
2024-10-09,1.5179941136532986,,1.1690486352160812,2024-10-02
2024-10-10,1.8195618988760698,0.5063865366350327,1.3864376370405702,2024-10-03
2024-10-11,2.0504212530396417,0.45590762712875277,1.199732754740138,2024-10-04
2024-10-14,2.230001895353563,0.7532622953550354,0.8847342691391421,2024-10-07
2024-10-15,2.162189040702957,0.7288073348302279,0.8975297895493338,2024-10-08
2024-10-16,1.9460485329719888,0.09169133165210608,0.7869741566837397,2024-10-09
2024-10-17,1.8924333464404615,-0.2066269760273322,0.5977322146876604,2024-10-10
2024-10-18,2.0982529583034832,-0.37841413365378884,0.5159491068278256,2024-10-11
2024-10-21,2.037027550505381,-0.4997562203980448,0.6600699586978017,2024-10-14
2024-10-22,1.7007132041068809,-0.6150312028050877,0.2467139364848074,2024-10-15
2024-10-23,1.420950319169778,-0.571071488421889,0.44037215663778556,2024-10-16
2024-10-24,0.9763647298429069,-0.4525742859229064,0.6599232380272568,2024-10-17
2024-10-25,1.52753415144844,-0.4167374173838168,0.5723184092123006,2024-10-18
2024-10-28,1.2862320272503631,-0.9965761829512357,1.1605464311926046,2024-10-21
2024-10-29,1.7291913476554222,-0.93353921956073,0.6457003537474865,2024-10-22
2024-10-30,1.9471848413181323,-0.5667122089999724,0.1027088684759362,2024-10-23
2024-10-31,2.038634687538152,-0.8321103396468066,-0.008667185007834118,2024-10-24
2024-11-01,1.8135000678841344,-0.864994352804315,0.08922582805229144,2024-10-25
2024-11-04,1.6147940087941073,-1.1154783762609322,-0.05302794712641043,2024-10-28
2024-11-05,1.2743049568456892,-1.1999672508748311,0.3813047186892857,2024-10-29
2024-11-06,1.254276949120477,-0.8198188387483683,0.798525396001188,2024-10-30
2024-11-07,1.569030592569889,-0.4586778472282289,0.6081549265268544,2024-10-31
2024-11-08,1.905133248378871,-0.4225358006238732,0.6416200010046983,2024-11-01
2024-11-11,1.8535638260769998,-0.6951427516895126,0.4364360019477343,2024-11-04
2024-11-12,1.5264226658999187,-0.9541193552018701,0.24918604835949293,2024-11-05
2024-11-13,1.3083553000617931,-1.0466761808687215,0.06462480565060515,2024-11-06
2024-11-14,0.9831881835499905,-0.6741923222425649,-0.3650879054349674,2024-11-07
2024-11-15,0.5604907010041087,-0.8319024821140111,-0.5065938661545782,2024-11-08
2024-11-18,0.1910223474690175,-0.6543224456294557,-0.1366399735028286,2024-11-11
2024-11-19,0.7814588881932452,-0.7618691167749279,0.07131440544754679,2024-11-12
2024-11-20,0.7860731839006552,-0.8640384543631268,-0.1123422540711858,2024-11-13
2024-11-21,1.0288712296715259,-0.8076283774020268,-0.15093002977643183,2024-11-14
2024-11-22,0.8820398038098705,-0.5622001197016211,-0.02418329049844491,2024-11-15
2024-11-25,0.8816250537364492,-0.827823854813373,0.2468719369432051,2024-11-18
2024-11-26,0.8812310411666989,-0.4662826124899832,0.058508617849717594,2024-11-19
2024-11-27,0.8808567292254365,-0.3069835694866301,0.3122300313256894,2024-11-20
2024-11-29,0.8805011328812368,-0.15564947863344467,0.8172302082241188,2024-11-21
2024-12-02,0.8801633163542474,-0.2881297981287174,1.2949507093606498,2024-11-22
2024-12-03,0.5460621398652435,-0.32190353304729347,1.3456793051415659,2024-11-25
2024-12-04,0.9796715864745082,-0.5995420974917623,1.0840632048324859,2024-11-26
2024-12-05,0.9743752472678552,-0.24941494303445383,1.4190268888611797,2024-11-27
2024-12-06,1.1450175412259367,-0.14700056780484372,1.172947583200582,2024-11-28
2024-12-09,0.8930394394328809,-0.5101197543463785,1.275930263902927,2024-11-29
2024-12-10,0.8920747075783092,-0.8019584227520298,1.4361982300920737,2024-12-02
2024-12-11,0.5877216206906809,-1.3625361380510383,1.2479487675096472,2024-12-03
2024-12-12,0.7410978842683708,-1.1584244187696313,1.2750701193799516,2024-12-04
2024-12-13,0.6193532106380385,-1.1989102782572154,1.1074141326680942,2024-12-05
2024-12-16,1.017203848825167,-1.2792275577712993,0.9101948988814191,2024-12-06
2024-12-17,1.010030896500981,-1.585735394814512,0.571156061253934,2024-12-09
2024-12-18,1.003216591793004,-1.4493916286394457,-0.01497889431618155,2024-12-10
2024-12-19,1.2053556590631536,-1.3637138929645296,-0.0427397179162721,2024-12-11
2024-12-20,1.188775116227068,-1.0674607173355155,0.3416971681048369,2024-12-12
2024-12-23,1.4511738095230904,-1.307821422565573,0.4032848194611576,2024-12-13
2024-12-24,1.422302359164008,-1.2906105762623068,0.21088717057651565,2024-12-16
2024-12-26,0.5604238543519707,,-0.10519158770119831,2024-12-17
2024-12-27,0.099260972053782,-1.519813788546025,0.002784943055514092,2024-12-18
2024-12-30,0.1379851635681652,-1.7375568402155566,-0.07132449081813987,2024-12-19
2024-12-31,0.41318761035566043,-1.7251685283446276,0.3704000882394737,2024-12-20
2025-01-02,0.43621546995494975,-1.5233879825711936,0.5527268142917799,2024-12-23
2025-01-03,0.4580919365742746,-1.382853446643061,1.083040044897098,2024-12-24
2025-01-06,0.7733865658523659,-0.9935607247281875,0.5311877652961978,2024-12-25
2025-01-07,0.5216504386088479,-1.281465271780008,0.4102411014450556,2024-12-26
2025-01-08,0.7061452821896596,-1.415206406994161,0.3072103543624424,2024-12-27
2025-01-10,0.5290917855370467,-1.2244755340224565,0.23440420614435467,2024-12-30
2025-01-13,0.5463244363772668,-1.3692878140353741,0.368628148278371,2024-12-31
2025-01-14,0.4236203501803242,-1.2876152690906617,0.38651549521059775,2025-01-01
2025-01-15,-0.22143392878834706,-0.9030844560534075,0.7197836330000384,2025-01-02
2025-01-16,-0.1666749922318573,-0.5377801836680163,0.5125577204404989,2025-01-03
2025-01-17,-0.34223144622253093,-0.5803212228331495,0.6390350001928807,2025-01-06
2025-01-21,0.21923774238821353,-0.4713705084616402,0.718990087516369,2025-01-07
2025-01-22,0.41885322078005705,-0.40790322920085176,0.9306011453435868,2025-01-08
2025-01-23,0.6502104566008539,-0.021316733857121548,0.6197801910166066,2025-01-09
2025-01-24,0.2287090710140787,9.544069123127742e-05,1.6687738823381626,2025-01-10
2025-01-27,0.18148936929750334,0.08150813297511919,1.8174999209050362,2025-01-13
2025-01-28,0.14656458870212477,0.3293734658335783,2.2819906676765527,2025-01-14
2025-01-29,0.821032902361845,0.38750132585279873,2.0243980774735353,2025-01-15
2025-01-30,1.3601010432706955,0.33748557161170584,1.5479979539461228,2025-01-16
2025-01-31,0.6682227296475055,0.4175308732758208,2.1464598388015426,2025-01-17
2025-02-03,0.9819354249079877,0.532639241990884,2.064815124456354,2025-01-20
2025-02-04,0.3089653922029331,0.5192154341342833,2.01847172806674,2025-01-21
2025-02-05,0.3372043627098589,0.5901742426722703,2.1833261524904533,2025-01-22
2025-02-06,0.15541872794871098,0.8323510703308858,2.116343582414714,2025-01-23
2025-02-07,0.30259511526446903,0.9225328578931078,1.885242461415727,2025-01-24
2025-02-10,0.48287089543121053,0.9000191792529131,1.8386678288582636,2025-01-27
2025-02-11,0.9575694782154001,0.9065941114506827,1.896128160682586,2025-01-28
2025-02-12,0.2858177428449749,1.039748965304049,1.9113289496405097,2025-01-29
2025-02-13,0.037063886829495414,1.1352567504929427,2.049045919233998,2025-01-30
2025-02-14,0.15145885668951986,1.1948546713828032,1.2019625262457083,2025-01-31
2025-02-18,0.3392914497850088,1.1483200920566072,0.9754562496856936,2025-02-03
2025-02-19,0.8428430471104932,1.1599198590312256,0.9094359292177578,2025-02-04
2025-02-20,0.5662379258817376,1.2379087784585183,0.6099290683119545,2025-02-05
2025-02-21,0.08094289352217755,1.2763533866491816,0.07099487068715013,2025-02-06
2025-02-24,-0.3562459407345213,1.3544614405731208,-0.09559207301224187,2025-02-07
2025-02-25,0.03903384720764094,1.2845994280204196,0.5029995715200348,2025-02-10
2025-02-26,-0.6344739995821626,1.2418733377634168,-0.13665553263039684,2025-02-11
2025-02-27,-0.559063059485982,1.2597143241050983,0.2785087066082121,2025-02-12
2025-02-28,-0.8582896117150146,1.297901817514552,-0.4538077602398942,2025-02-13
2025-03-03,-0.7716878910121915,1.3857339242180304,-0.5511508720791456,2025-02-14
2025-03-04,-0.6894162563445095,1.3854629995845775,-0.33597814668080767,2025-02-17
2025-03-05,-0.6112582034102116,1.3182364803813915,-0.9191603944926922,2025-02-18
