date,nvda_news,nvda_reddit,nvda_stock,date
2024-03-01,0.5296155952432265,-0.018687694351353302,2.6939571882253808,2024-03-01
2024-03-04,0.4810962072986782,-0.09851265461849419,2.905772618884145,2024-03-04
2024-03-05,0.34630092139501173,0.04975337691180887,3.0210237547548524,2024-03-05
2024-03-06,0.9151886433006725,0.19060610686559706,3.4630255038266458,2024-03-06
2024-03-07,1.3204672288537616,0.2870662430243479,2.3070383696062557,2024-03-07
2024-03-08,1.2941109060852747,-0.03214615789566534,2.3929298781179056,2024-03-08
2024-03-11,1.2960686199549696,-0.11129819498559061,2.63983044203177,2024-03-11
2024-03-12,1.4457648937250889,0.9340060886994164,2.3335635035002475,2024-03-12
2024-03-13,1.5541851662423802,0.8065464392797368,1.8996178080762118,2024-03-13
2024-03-14,1.296745091114371,1.2457091317912592,2.2317312846388115,2024-03-14
2024-03-15,1.6356381916867242,1.1026643302169876,1.6820703643088117,2024-03-15
2024-03-18,1.6779148672128055,1.4149712562896037,1.981487715177609,2024-03-18
2024-03-19,1.9476590127084183,1.263463348490415,2.1816857475962665,2024-03-19
2024-03-20,2.086279249836343,1.4396733272013098,1.9377826347548193,2024-03-20
2024-03-21,2.0690982082161025,1.8471796753167535,2.1707395626797394,2024-03-21
2024-03-22,2.113912274947094,1.674061346566207,2.280497691021522,2024-03-22
2024-03-25,1.9861780530173523,1.5095989342531881,1.8596676037045037,2024-03-25
2024-03-26,2.03179876309016,1.9136090020160377,1.4078447615362937,2024-03-26
2024-03-27,2.1662120126989977,,1.3731226110795338,2024-03-27
2024-03-28,1.9523786934286296,2.4094684382827882,1.0843806436446783,2024-03-28
2024-04-01,1.7144519940996836,,1.0345328971208918,2024-03-29
2024-04-02,1.4647677984421594,2.4883603511140495,1.2160187524628425,2024-04-01
2024-04-03,1.4641061255177659,,0.7348092071090216,2024-04-02
2024-04-04,1.2853781006064595,,0.9247497514686498,2024-04-03
2024-04-05,1.2825546978467808,2.8434323480338555,0.7262388509141525,2024-04-04
2024-04-08,1.0071577044118507,1.500002666727018,0.2582139883633833,2024-04-05
2024-04-09,0.8113499172956947,0.97074361543248,0.6922890575944588,2024-04-08
2024-04-10,0.3432495624766576,1.9619458085965833,0.937573322572871,2024-04-09
2024-04-11,0.528137404228574,1.7830891731820453,0.8187566605025338,2024-04-10
2024-04-12,0.568393793191104,1.6131753695382345,0.4566772902986566,2024-04-11
2024-04-15,0.7759772912948945,,0.6707278625791143,2024-04-12
2024-04-16,1.069947287973145,1.171632576346505,0.227612684878902,2024-04-15
2024-04-17,0.9944113153921008,1.032291602544471,-0.013739412058877047,2024-04-16
2024-04-18,0.8212785787471425,0.15291853148558146,-0.6646094978577235,2024-04-17
2024-04-19,0.6087834229219742,0.06451325992659385,-0.26503328514097696,2024-04-18
2024-04-22,0.45493208090052223,-0.01947174805444433,0.17106874519679569,2024-04-19
2024-04-23,0.6284899267810368,0.27424206733704776,-0.48743695516526214,2024-04-22
2024-04-24,0.7419950431656603,,0.2107987877536769,2024-04-23
2024-04-25,0.5054529481122991,0.1797706189854868,0.6840698539577238,2024-04-24
2024-04-26,0.38344538317158516,0.3141224868355912,0.6063538717304744,2024-04-25
2024-04-29,0.6002763017763516,1.3381557364295387,0.3098363417970771,2024-04-26
2024-04-30,0.5482238785051471,1.1904886046233527,0.21509152597106432,2024-04-29
2024-05-01,0.38960254734353894,1.0502048294074764,0.6289754613714068,2024-04-30
2024-05-02,0.3480838117939751,,0.7933282502143246,2024-05-01
2024-05-03,0.43766191099475565,0.9169352429523941,0.9588089087110008,2024-05-02
2024-05-06,0.5829708576228348,,0.7205301512017762,2024-05-03
2024-05-07,0.14472101264070725,0.7903291358200657,0.8100068736603366,2024-05-06
2024-05-08,0.22461788288024873,0.6700533340443537,0.7429412130669942,2024-05-07
2024-05-09,-0.12403603671315713,0.5557913223574273,0.7263616534236768,2024-05-08
2024-05-10,0.089035201730683,0.4472424112548474,0.585737161764592,2024-05-09
2024-05-13,0.06254483346176189,,0.9007196697414593,2024-05-10
2024-05-14,0.2954207795520194,0.34412094570739643,1.1387521328688373,2024-05-13
2024-05-15,0.37688028886715885,0.9931546993842754,1.0206135366938194,2024-05-14
2024-05-16,0.23462410354844757,0.8627376194303529,0.8991582120382929,2024-05-15
2024-05-17,0.8012976999854391,0.7388413934741266,0.8369071794400093,2024-05-16
2024-05-20,0.6256558165876579,-0.1258591671312456,1.00841996152514,2024-05-17
2024-05-21,0.8170292240761517,-0.3603967993194541,1.6968379743902056,2024-05-20
2024-05-22,1.3937920573159983,-0.42313630433819,1.8667622842853506,2024-05-21
2024-05-23,1.6568713156931938,0.07751052535422881,2.3691081585519105,2024-05-22
2024-05-24,1.685041942760665,0.1422754832912003,2.523927390162584,2024-05-23
2024-05-28,1.6970203939153723,0.05440236414193166,2.5496861782489826,2024-05-24
2024-05-29,1.8405830973963095,-0.029077099049873437,2.2227335200561615,2024-05-27
2024-05-30,1.5771227156386831,-0.6686319485423063,2.2166550641366394,2024-05-28
2024-05-31,1.7465574721889388,-0.7159596960998996,2.303789120104001,2024-05-29
2024-06-03,1.7554601468722322,-0.536821312495526,2.4349416124097356,2024-05-30
2024-06-04,1.9731631185081249,-0.5907395918554583,2.8281148374150065,2024-05-31
2024-06-05,2.1363123299406372,-0.4382349174436784,2.3164397658492217,2024-06-03
2024-06-06,2.007458105261218,-0.3570201766911486,2.25440364401371,2024-06-04
2024-06-07,2.0624503265284617,-0.2598572672812375,2.2674502778557395,2024-06-05
2024-06-10,1.6711835999506148,-0.3276237489018841,2.26781902789359,2024-06-06
2024-06-11,1.7429895464833884,-0.3920019064414985,2.7067020785873765,2024-06-07
2024-06-12,1.6983119099632653,-0.1330186649840078,2.6186649471012093,2024-06-10
2024-06-13,1.4623368083098487,-0.20712707671951594,2.73805467006219,2024-06-11
2024-06-14,1.4962022576848355,-0.3895799397602925,2.4517955807948426,2024-06-12
2024-06-17,1.3993535366182068,-0.29078904219692414,3.038212337161229,2024-06-13
2024-06-18,1.57139001954938,-0.35700893507178655,1.9124798706673165,2024-06-14
2024-06-20,1.6410894957137074,-0.41991783330290583,1.4891496952082843,2024-06-17
2024-06-21,1.2865440813865416,-0.47968128662246917,1.236968204169035,2024-06-18
2024-06-24,1.1086150512186,-0.16295699430257563,1.6118480328976006,2024-06-19
2024-06-25,1.0769272994333967,-0.23556848957215543,1.3584548605104683,2024-06-20
2024-06-26,0.9503555449328566,-0.5286491538623435,1.3320602750038746,2024-06-21
2024-06-27,0.7625300030286993,0.16402310479302223,1.1697957518778035,2024-06-24
2024-06-28,0.8693331156009396,-0.02680091533319523,0.9078247397538102,2024-06-25
2024-07-01,0.6461356430050024,-0.10622021455124411,0.9094124642631094,2024-06-26
2024-07-02,0.5917902526723653,-0.18166854880839037,1.368735623404383,2024-06-27
2024-07-03,0.54016213185636,-0.15996957310930981,1.3095696418170426,2024-06-28
2024-07-05,0.5528210639377432,-0.31276606221858405,1.4849492580704367,2024-07-01
2024-07-08,0.7396797155087239,-0.09776242436225464,1.7138135696761982,2024-07-02
2024-07-09,0.5516362235780344,0.19986592484462803,1.7659049520724774,2024-07-03
2024-07-10,0.4133139368604002,-0.17101139611242083,1.0852184955176627,2024-07-04
2024-07-11,0.37060963183499324,0.20497931627666616,1.2234889188121734,2024-07-05
2024-07-12,0.4187424094172022,0.25403334534317895,0.98797716130193,2024-07-08
2024-07-15,0.7032812679258467,0.16057233309131144,0.34590791932855297,2024-07-09
2024-07-16,0.2676172956267595,0.07178437145203731,0.37285076297810377,2024-07-10
2024-07-17,-0.0831865946039719,-0.012564192105273063,0.22203758351411834,2024-07-11
2024-07-18,-0.3849118485964661,-0.09269532748471791,0.2109358345990632,2024-07-12
2024-07-19,-0.3877048643490297,0.0035645122002610475,0.4171732309282736,2024-07-15
2024-07-22,-0.39035822931396513,-0.07737305839446047,0.08063468927293635,2024-07-16
2024-07-23,-0.3928789260306538,0.1258609292706627,-0.47567870020897457,2024-07-17
2024-07-24,-0.7331854635547292,-0.241316141907688,-0.15270492973256572,2024-07-18
2024-07-25,-0.9369078566673071,-1.0570088257439694,-0.37608395576876535,2024-07-19
2024-07-26,-0.9121010720163287,-1.2449889750015417,-0.5622096475318912,2024-07-22
2024-07-29,-1.0068037830730265,-1.2634988712361732,-0.40123955808060596,2024-07-23
2024-07-30,-1.0836303411907644,-1.121012027099011,0.05912886243336189,2024-07-24
2024-07-31,-0.9726413279968614,-1.1457207707287689,-1.2017451420705887,2024-07-25
2024-08-01,-1.446952532497592,-1.8414933085293006,-2.3523202716850515,2024-07-26
2024-08-02,-1.7940278798115277,-1.9276126592980167,-0.8608485029218699,2024-07-29
2024-08-05,-1.962903406953593,-2.360190858885999,-0.4073247656484148,2024-07-30
2024-08-06,-1.5826761567094008,-2.136190874439668,-0.9655659695709646,2024-07-31
2024-08-07,-1.7496698851144536,-2.2968904621891326,-0.5341384277929638,2024-08-01
2024-08-08,-1.841917207674621,-2.262805284064384,-0.4383197481595156,2024-08-02
2024-08-09,-1.7718599554732768,-2.0986009861493518,0.2016169041272381,2024-08-05
2024-08-12,-1.6039320031890334,-1.7542877907064682,0.7730544755194756,2024-08-06
2024-08-13,-1.5457740112119687,-1.6352828742638097,0.7552359962488358,2024-08-07
2024-08-14,-1.6932710442196899,-1.2607785025618492,1.004963970589488,2024-08-08
2024-08-15,-1.6306461001910921,-1.278498922418465,1.1607477571741724,2024-08-09
2024-08-16,-1.2670317152850252,-1.4198331789400769,1.4586399957140561,2024-08-12
2024-08-19,-0.8472574369827532,-1.4296008649777814,1.2954001911163748,2024-08-13
2024-08-20,-0.9688561610861555,-1.4388801667136009,1.4583155654370603,2024-08-14
2024-08-21,-0.8332804321602706,-1.2876242578025672,1.0418809066223718,2024-08-15
2024-08-22,-0.7249531513782984,-0.8371279236802991,1.306272432784075,2024-08-16
2024-08-23,0.04061289208550988,-0.4278313849128183,0.8664170270946081,2024-08-19
2024-08-26,0.21929076468478026,-0.48719916065188595,1.0866804810136041,2024-08-20
2024-08-27,0.3439798269016575,-0.48757361165797847,0.4658504545507417,2024-08-21
2024-08-28,0.41391375642815154,-0.5439542760597882,0.28065974241031344,2024-08-22
2024-08-29,0.42186624177084014,-0.5975159072415073,-0.04955183218770582,2024-08-23
2024-08-30,0.2651959312837889,-0.9388991247324016,-1.0280928337066597,2024-08-26
2024-09-03,-0.3705458832595883,-1.1327847590405522,-1.0194679291144322,2024-08-27
2024-09-04,-0.7119690729222171,-0.9968336205131709,-0.6565929094639457,2024-08-28
2024-09-05,-0.793024552638595,-0.8876889446071664,-0.9377912041609321,2024-08-29
2024-09-06,-1.2982860986580367,-1.1826404698046942,-0.5909567213233432,2024-08-30
2024-09-09,-1.1060177832020974,-1.3910175777859073,-0.40405969026135063,2024-09-02
2024-09-10,-0.9635839731704159,-1.6263257876654076,0.34834019551381196,2024-09-03
2024-09-11,-0.937443382694282,-1.6257688432668458,0.5367600847985079,2024-09-04
2024-09-12,-0.9126098217419547,-1.0649903866279942,0.3034488966571355,2024-09-05
2024-09-13,-0.889017938837244,-0.9804503403892594,0.41514141665458554,2024-09-06
2024-09-16,-1.181990067344775,-1.012187168354505,0.18722930277355737,2024-09-09
2024-09-17,-1.1449291721599233,-0.7622124751913794,0.3131297738441142,2024-09-10
2024-09-18,-1.227990478209441,,0.27094017839345985,2024-09-11
2024-09-19,-1.0309373538478528,-0.24461183695630107,0.21061741790712937,2024-09-12
2024-09-20,-1.1196982508129745,-0.473211835653257,0.19732180207818079,2024-09-13
2024-09-23,-1.3437937424004451,-0.1568110158818241,0.6942474858829439,2024-09-16
2024-09-24,-1.1567196756926568,0.21846967749573287,1.0801305159459198,2024-09-17
2024-09-25,-1.0374381896373799,0.6870362080964557,0.7864979721439125,2024-09-18
2024-09-26,-0.804857762951965,0.5719250527069245,0.2569794066570322,2024-09-19
2024-09-27,-0.8753553503430992,0.2135697397712173,0.5581247862281354,2024-09-20
2024-09-30,-0.9826470889811973,0.1221319077979478,0.06026669315840577,2024-09-23
2024-10-01,-0.9555533427145244,0.9316649425596905,0.47034135185906567,2024-09-24
2024-10-02,-0.5919024081179638,0.8043223504469972,0.8037641173445399,2024-09-25
2024-10-03,-0.43495327718902843,0.6833468879399388,0.7678722472949898,2024-09-26
2024-10-04,-0.518728331964995,0.8672198569370162,1.1821697949015324,2024-09-27
2024-10-07,-0.4313464130961011,1.2233132557856434,1.4403951319691835,2024-09-30
2024-10-08,-0.16148820010910594,1.3054879917957394,1.1922473402476097,2024-10-01
2024-10-09,-0.1754523982860376,1.159454247221244,1.3035614753816704,2024-10-02
2024-10-10,-0.18871838655412262,1.2448219336595603,1.4354746255378255,2024-10-03
2024-10-11,-0.012090425048599505,1.4753210649653523,1.4738434057195697,2024-10-04
2024-10-14,-0.12222637933490203,1.3207956667323757,1.0972174767967044,2024-10-07
2024-10-15,-0.3339095137507548,1.3340677839711106,1.471885871708034,2024-10-08
2024-10-16,-0.18986002754017983,1.346676295347909,1.3466651655876503,2024-10-09
2024-10-17,-0.08413647787043031,2.0949821107321536,1.237522849457436,2024-10-10
2024-10-18,0.18187771338101008,2.1584733755264898,1.5471885252219222,2024-10-11
2024-10-21,0.3399758698897765,1.9697903617654564,1.4037151745995922,2024-10-14
2024-10-22,0.5847844437532066,1.7905414986924748,1.2420613758452144,2024-10-15
2024-10-23,0.45466050906640776,1.6202550787731427,1.1883438667960835,2024-10-16
2024-10-24,0.5872926101433916,2.0187323393099947,1.2866283065103972,2024-10-17
2024-10-25,0.8906968408792175,1.6969740374947317,1.0188261332936328,2024-10-18
2024-10-28,0.8241233906528698,1.5313659906352863,0.9104860430730949,2024-10-21
2024-10-29,0.870050141991803,1.3740383461188133,0.7156943775320498,2024-10-22
2024-10-30,0.5861659686018983,1.2245770838281638,0.45362857237994536,2024-10-23
2024-10-31,0.25097308644911054,1.0825888846520468,0.6310136355428368,2024-10-24
2024-11-01,0.6894624498447779,0.8730001808400404,0.6182416819817264,2024-10-25
2024-11-04,0.41460766106222446,0.6085284869482752,1.0177319859720297,2024-10-28
2024-11-05,0.2626671407727626,0.4973427176161529,1.2244457426890203,2024-10-29
2024-11-06,0.22749517555173748,0.39171623675063666,1.3377775642150644,2024-10-30
2024-11-07,0.3517740172252669,0.15130874006334166,1.2643926310417912,2024-10-31
2024-11-08,0.06169437682252315,0.5431976947556529,1.063969004969501,2024-11-01
2024-11-11,0.27310936274926495,0.9955278244933795,1.1782799626889275,2024-11-04
2024-11-12,0.5212612619697208,1.051741874770741,1.016370288030452,2024-11-05
2024-11-13,0.6759067160747806,1.2385379271676198,0.7641135354803574,2024-11-06
2024-11-14,0.8228198974745874,1.3199514296086174,0.3279264936641667,2024-11-07
2024-11-15,0.6545121553294689,1.1142208963581917,0.4516072436735548,2024-11-08
2024-11-18,0.6884498067369541,1.2578751862856827,0.891706661132265,2024-11-11
2024-11-19,0.9158346837580253,1.6044402715143808,0.9884216087025494,2024-11-12
2024-11-20,1.2103609059072762,1.6302086994406924,0.6931387637724038,2024-11-13
2024-11-21,1.653444947874536,1.467938919483949,0.36860308510843365,2024-11-14
2024-11-22,1.44360595320942,1.313782628525043,0.02578360729790999,2024-11-15
2024-11-25,1.4676562038416894,1.1673341521140819,-0.18524847605596637,2024-11-18
2024-11-26,1.2539656289920904,1.1882793450837315,-0.035226507626032924,2024-11-19
2024-11-27,1.4057670523103536,1.3682485239649604,0.12744948050151034,2024-11-20
2024-11-29,1.4080554166925512,1.0466923344865524,0.0769961121813576,2024-11-21
2024-12-02,1.3156140376755365,1.0736696183375785,0.36357641337223606,2024-11-22
2024-12-03,1.1264211649164064,0.7151270486519036,0.581300631756687,2024-11-25
2024-12-04,1.284599811438454,0.5986113512345997,0.5145005050557209,2024-11-26
2024-12-05,1.1983312126841443,0.4879214386881611,0.07074566146002033,2024-11-27
2024-12-06,1.1910723532202623,-0.14452749301704285,0.07029874102314503,2024-11-28
2024-12-09,0.7940957101098557,-0.21806046335089924,-0.06065597629955804,2024-11-29
2024-12-10,0.5746601077884728,-0.28791678516806285,-0.07950885089528069,2024-12-02
2024-12-11,0.5238884942166621,-0.5410300773811075,0.07014905704993038,2024-12-03
2024-12-12,0.475655461323442,-0.9148804096168852,-0.30118933977216256,2024-12-04
2024-12-13,0.4298340800748829,-1.0566098978274576,-0.6934128513215605,2024-12-05
2024-12-16,0.14976545493849686,-1.0186270585725326,-0.26201387135233806,2024-12-06
2024-12-17,0.12023857400918508,-0.9239551929707881,-0.4173502634283659,2024-12-09
2024-12-18,0.2949351625122717,-1.070566650199001,-0.5553800456183481,2024-12-10
2024-12-19,0.46089692159020385,-0.5375483032135414,0.007523653587335059,2024-12-11
2024-12-20,0.41581346732830665,-0.3555357658964287,0.3002222541099943,2024-12-12
2024-12-23,0.6095224987297592,-0.23176853609957662,0.26220419392644156,2024-12-13
2024-12-24,0.7064003843163084,0.07256011869417221,0.16071082637140202,2024-12-16
2024-12-26,-0.06057318193265872,-0.011827232225244963,-0.13559750907935078,2024-12-17
2024-12-27,-0.07958313101841272,0.11173182420502432,0.12600115974005974,2024-12-18
2024-12-30,0.18620339289042678,0.02538588801006462,-0.038202389975932845,2024-12-19
2024-12-31,0.1548546150635185,0.06785710628267892,0.28027938701381977,2024-12-20
2025-01-02,0.24334243260308314,0.20780464976792348,0.9242189112590573,2024-12-23
2025-01-03,0.5079219402013905,0.340754816078906,1.198827306657067,2024-12-24
2025-01-06,0.7219243177434262,0.6164573032637304,0.4057137406860956,2024-12-25
2025-01-07,0.38782812856523735,0.19928453341026187,-0.0008735260299954397,2024-12-26
2025-01-08,0.054203727368979625,0.05762920180411121,-0.5835508301850364,2024-12-27
2025-01-10,-0.029679645419419982,0.060180605876922894,-0.05384390868222254,2024-12-30
2025-01-13,-0.05023427133083589,-0.34373026052175654,-0.240552282543411,2024-12-31
2025-01-14,-0.06976116594668103,-0.31392819923700765,0.1723410211256247,2025-01-01
2025-01-15,0.21580897224716517,-0.4723660275032354,0.01271161559906519,2025-01-02
2025-01-16,0.257676224805132,-0.27093044366960484,0.20608724662078967,2025-01-03
2025-01-17,0.28188838362005214,-0.2806817937056827,0.6201247877116414,2025-01-06
2025-01-21,0.4822936692069174,-0.13731353920752545,0.6180640293565552,2025-01-07
2025-01-22,0.5855329962696088,-0.21120720723185776,0.8329058605746994,2025-01-08
2025-01-23,0.2976794253234865,-0.2253812559089517,-0.9143515057175207,2025-01-09
2025-01-24,-0.009572654639651706,-0.42172044967411104,-1.125864624944096,2025-01-10
2025-01-27,-0.33966086437299714,-0.5308275391863098,-0.6561846597340083,2025-01-13
2025-01-28,-0.38206458401309024,-0.6384025890650568,-0.9119486594205651,2025-01-14
2025-01-29,-0.7256151336431897,-0.6577549962038696,-0.8070420511700123,2025-01-15
2025-01-30,-0.8127465478363836,-0.73435732776096,-1.549946761715835,2025-01-16
2025-01-31,-1.047581735359367,-0.9001921453707113,-1.2656704835245147,2025-01-17
2025-02-03,-1.3720487261991678,-0.7831466032340977,-0.7617603317319417,2025-01-20
2025-02-04,-1.4924531189776584,-0.637998831570362,-0.22458323105769804,2025-01-21
2025-02-05,-1.356384960758131,-0.6518426500102887,-0.06168306629246524,2025-01-22
2025-02-06,-1.1332005861899204,-0.6569137579206199,0.013687665297398099,2025-01-23
2025-02-07,-1.0985791650628112,-0.666189528149972,0.21850917880971144,2025-01-24
2025-02-10,-1.1543906823484031,-0.623999499213547,0.0002698015887258174,2025-01-27
2025-02-11,-1.0004405999382424,-0.549059011579752,0.1274236496618608,2025-01-28
2025-02-12,-1.1498609128364083,-0.3319001979701954,0.5225725572967855,2025-01-29
2025-02-13,-1.0355603710602233,-0.3960645330563942,0.8732645492570067,2025-01-30
2025-02-14,-0.9311246513368867,-0.3655513682111046,0.6958395105887238,2025-01-31
2025-02-18,-1.3796836528529388,-0.42803314478525806,0.7010671013872869,2025-02-03
2025-02-19,-1.3327380783926788,-0.4873908325307037,0.6667797985109251,2025-02-04
2025-02-20,-1.417160680628298,-0.7538741456864587,0.36663605070013494,2025-02-05
2025-02-21,-1.36834125477927,-0.8733374233132377,-0.16902786320506571,2025-02-06
2025-02-24,-1.2036936437475658,-1.003804790375654,-0.1597496208925681,2025-02-07
2025-02-25,-1.4493935452828801,-0.9612978924337254,0.2620413277983289,2025-02-10
2025-02-26,-1.1151165006608172,-1.029007927763011,-1.1014874742138585,2025-02-11
2025-02-27,-1.0813992838101634,-0.8662313816874945,-0.5469721373125389,2025-02-12
2025-02-28,-1.2324943636344972,-0.9476202838200022,-1.6375306550372495,2025-02-13
2025-03-03,-1.2604906287638036,-1.057396254540104,-0.8832216806376336,2025-02-14
2025-03-04,-2.63873458320953,-0.898536000311068,-1.2088793447913382,2025-02-17
2025-03-05,-2.6578573602043063,-0.8970185879828753,-1.3640559079114598,2025-02-18
2025-03-06,-2.310464787426223,-0.9329270035684399,-1.4261404561254796,2025-02-19
2025-03-07,-2.7846721073179106,-0.9670399983747267,-1.6391238676354847,2025-02-20
