date,pltr_news,pltr_reddit,pltr_stock,date
2024-03-01,-0.24901090293915376,1.2149413745292235,1.227161576985407,2024-03-01
2024-03-04,0.20563638648261845,1.0769406135365345,1.7869686498106427,2024-03-04
2024-03-05,0.41935511875899095,1.3970754025913577,2.104469933900923,2024-03-05
2024-03-06,0.7678520428710857,2.002027126858691,2.054656581448715,2024-03-06
2024-03-07,1.2443882492271165,2.8274176604670345,1.5543889587043227,2024-03-07
2024-03-08,1.115241131467182,2.393919031845132,1.3739014524532907,2024-03-08
2024-03-12,0.9925513695952444,2.009867226321087,1.0149544313079957,2024-03-11
2024-03-13,0.46869653615818935,2.333492963847558,0.6360435824208931,2024-03-12
2024-03-14,0.37833400405170153,2.139564623388952,0.5763518338604804,2024-03-13
2024-03-15,-0.04692670116505734,1.9553326999532765,0.4530899018313619,2024-03-14
2024-03-18,0.3976163781680101,1.7803123726893852,0.5259648541024398,2024-03-15
2024-03-19,-0.198316595612362,1.614043061788688,1.0348498722797956,2024-03-18
2024-03-20,-0.0856203212725246,1.456087216433026,0.6216041322068748,2024-03-19
2024-03-21,-0.14826701050747684,1.306029163345147,0.5630377181255543,2024-03-20
2024-03-22,-0.20778136528068145,1.1634740129116623,0.7555048102040536,2024-03-21
2024-03-25,-0.2643200023152258,1.7801058066629805,0.7983232169821166,2024-03-22
2024-03-26,-0.31803170749804294,1.6138468240636037,0.4823628279170966,2024-03-25
2024-03-27,-0.7084741271373145,0.3278120105995021,0.04887928761645751,2024-03-26
2024-03-28,-0.9096862759368249,0.23416771780329934,-0.30814651265103576,2024-03-27
2024-04-01,-0.5917133677229667,0.14520563964690664,-0.12644726614890078,2024-03-28
2024-04-02,-0.8836176294220934,-0.4406811257104191,0.3911995785366213,2024-03-29
2024-04-03,-0.5669481535339718,-0.49590076169112585,-0.11704290708544021,2024-04-01
2024-04-04,-0.6055284511558517,-0.1723298225412326,0.13357397692249381,2024-04-02
2024-04-05,-0.6421797338966376,-0.24096702368039863,0.1016778395530096,2024-04-03
2024-04-09,-0.6769984525003842,-0.3681174387907036,-0.018523259384451738,2024-04-04
2024-04-10,0.3081726639728426,-0.42696525911739613,0.0007578183691270975,2024-04-05
2024-04-11,0.22583632547562188,-0.48287068842775394,0.03368530098327532,2024-04-08
2024-04-12,0.14761680390326243,-0.5359808462725939,-0.405801030082288,2024-04-09
2024-04-15,0.07330825840952078,-0.5864354962251918,-0.2237635626770795,2024-04-10
2024-04-16,0.0027151401904662834,-0.6343674136801597,-0.4996761187772336,2024-04-11
2024-04-17,-0.0643483221176356,-0.6799027352623793,-0.580336642862944,2024-04-12
2024-04-18,-0.1280586113103323,-0.7231612907654881,-0.6543605303393245,2024-04-15
2024-04-19,-0.1885833860433942,-1.0650805931586929,-0.408962175178172,2024-04-16
2024-04-22,-0.24608192203980292,-1.0890802557669856,-0.07549465852845966,2024-04-17
2024-04-23,-0.30070553123639115,-1.111879935244864,-0.535526604427164,2024-04-18
2024-04-24,-0.3525979599731501,-1.5095692240804133,-0.01754292242183648,2024-04-19
2024-04-25,0.6163531318737151,-1.51134445514262,0.24728963009209975,2024-04-22
2024-04-26,1.027732219554844,-1.5130309246517166,0.24223484200048565,2024-04-23
2024-04-29,1.9276668024253094,-1.5146330706853586,-0.07660739318520196,2024-04-24
2024-04-30,1.7643557570054653,-1.516155109417318,0.18124819965415903,2024-04-25
2024-05-01,1.6092102638566137,-1.5176010462126799,0.4959392647132825,2024-04-26
2024-05-02,1.4618220453652047,-1.1429450928367089,0.7863038187307667,2024-04-29
2024-05-03,1.4784569145901791,-1.0126396931284751,-0.06502297516244882,2024-04-30
2024-05-06,1.2244675969902263,-1.4152909940698435,-0.2167958831071343,2024-05-01
2024-05-07,1.0037484301015196,-1.4217801366325789,-0.24063236360359946,2024-05-02
2024-05-08,0.8866333032978649,-0.6758856354040483,-0.31371955508561084,2024-05-03
2024-05-09,0.775373932834393,-0.7193450459000735,-0.5599411044573386,2024-05-06
2024-05-10,0.8733273107234522,-0.7606314858712975,-0.39067666084122427,2024-05-07
2024-05-14,1.0172954646753973,-0.8371146159179899,-0.054673443328154644,2024-05-08
2024-05-15,1.9177518852898354,-0.872512577388318,-0.0366411946303476,2024-05-09
2024-05-16,1.7549365857267651,-0.9061406407851297,-0.03862675473131031,2024-05-10
2024-05-17,1.6002620511418482,-0.9380873010121008,-0.20092483460520977,2024-05-13
2024-05-20,1.4533212432861773,-0.9684366282277235,-0.23373752084807434,2024-05-14
2024-05-21,1.31372747582329,-0.9972684890825649,-0.15938778506847429,2024-05-15
2024-05-22,1.181113396733547,-1.0246587568946641,-0.4118566090371551,2024-05-16
2024-05-24,1.055130021598291,-1.0753992280165783,-0.35657904416601677,2024-05-17
2024-05-28,1.139095595049155,-0.34682377221884786,-0.13458828912342724,2024-05-20
2024-05-29,1.015213109998119,0.1949110734563703,0.07140995059115494,2024-05-21
2024-05-30,1.1011745290289916,0.10791182751732405,0.03349737078075213,2024-05-22
2024-05-31,0.9791880972789634,0.025262543875230248,-0.21723249156089738,2024-05-23
2024-06-04,1.2706005467751513,0.6242139325913806,0.5254776884828101,2024-05-24
2024-06-05,1.1401428141378152,0.5157495436955841,0.5932766627841939,2024-05-27
2024-06-06,1.525332417705739,0.4127083742445773,0.38830537468348675,2024-05-28
2024-06-07,1.0427217918062783,0.3148192632661208,0.4821875654877338,2024-05-29
2024-06-11,0.4145335473439927,0.13347968517853007,0.7054122056795249,2024-05-30
2024-06-12,0.3268791646782145,0.049552008653375834,0.4261073640962378,2024-05-31
2024-06-14,0.24360750114572538,0.2701055812220924,1.088911205483202,2024-06-03
2024-06-17,0.29178053318320907,0.1793466098947601,1.4609397466945757,2024-06-04
2024-06-18,0.41391358105482756,0.09312558713379435,0.843859270015678,2024-06-05
2024-06-20,0.32629019670350773,0.011215615510877072,0.3743286902885148,2024-06-06
2024-06-21,-0.09636831814584164,-0.06659885753089448,0.6110088444906051,2024-06-07
2024-06-24,-0.15847760753712808,-0.14052260692057747,0.687143717695626,2024-06-10
2024-06-25,0.12193486725674513,-0.21075016884077616,0.5270657305257151,2024-06-11
2024-06-26,0.048910418595329436,-0.27746635266496505,0.9078167512562761,2024-06-12
2024-06-27,0.31895349208257984,-0.34084672729794435,0.928205487658872,2024-06-13
2024-06-28,0.23607811217987223,-0.4010580831992747,0.9992699413425895,2024-06-14
2024-07-01,0.36099628110165766,-0.45825887130553855,0.9879187286157499,2024-06-17
2024-07-02,0.2760187617479963,-1.013972411115242,0.9513344663768156,2024-06-18
2024-07-03,0.19529011836201804,-0.7397038081604559,1.5209659516663558,2024-06-19
2024-07-05,0.2640620355948797,-0.7799723100186606,1.4449176540830377,2024-06-20
2024-07-08,0.7948805680046291,-0.8182273867839552,1.2446633769108224,2024-06-21
2024-07-09,0.6882088343058193,-0.10251052304785599,1.4817552331174189,2024-06-24
2024-07-10,0.7905204671213071,-0.17463868916169087,1.0662120037266172,2024-06-25
2024-07-11,0.6840667384666631,-0.24316044696983385,1.3476762139570198,2024-06-26
2024-07-12,0.5829356962447515,-0.3082561168875698,1.210077810720572,2024-06-27
2024-07-15,0.23229898134723898,-0.370097003309419,1.0964643391883158,2024-06-28
2024-07-16,0.15375632698129865,-0.4288458454101757,1.1663599341569477,2024-07-01
2024-07-17,0.07914080533365514,-0.4846572454058945,1.0758600399462512,2024-07-02
2024-07-18,0.34767235948398945,-0.5376780754018274,1.2041599508793648,2024-07-03
2024-07-19,0.2633610362112116,-0.5880478638979637,0.9743837912771215,2024-07-04
2024-07-22,0.1832652791020724,-0.6358991629692932,0.9550034077272649,2024-07-05
2024-07-23,0.10717430984839024,-0.6813578970870562,0.2056005391295832,2024-07-08
2024-07-24,0.034887889057392395,-0.724543694498931,0.5018487234089153,2024-07-09
2024-07-25,-0.03378421069405566,-0.7655702020402121,0.6492067943634956,2024-07-10
2024-07-26,-0.09902270545793128,-0.804545384204429,0.5232226065159234,2024-07-11
2024-07-29,-0.1609992754836132,-0.8415718072604352,0.4268834592091694,2024-07-12
2024-07-30,-0.219877017008011,-0.37537411805488835,0.40553928624871094,2024-07-15
2024-07-31,-0.27581087145618893,-0.43385910441837144,-0.313261497318958,2024-07-16
2024-08-01,-0.12529825335260075,-0.48941984146368056,-1.3087865281941158,2024-07-17
2024-08-02,-0.3132421583768974,-0.5422025416567242,0.7874921462769511,2024-07-18
2024-08-05,-0.03866810802965954,-0.9683757001716803,0.7542652480143366,2024-07-19
2024-08-06,0.023618704466593293,-0.6211810140977593,0.707337821161603,2024-07-22
2024-08-07,0.3628096236033997,-0.06572830632859562,1.3607531045753438,2024-07-23
2024-08-08,0.48139121695400816,-0.1396955832783935,1.5596450665864654,2024-07-24
2024-08-09,0.7298102505233245,-0.20996449638070155,1.3630796035749533,2024-07-25
2024-08-12,1.1355164822719728,-0.27671996382789404,1.5268713646249197,2024-07-26
2024-08-13,1.0118129528597957,-0.34013765790272693,1.6378907203307111,2024-07-29
2024-08-14,0.8942945999182274,-0.40038446727381827,1.4842962101046604,2024-07-30
2024-08-15,0.7826521646237374,-0.45761893617635496,1.7797368582964939,2024-07-31
2024-08-16,0.6765918510939721,-0.3752536476950142,1.7112676630729418,2024-08-01
2024-08-19,1.0849590028140883,-0.43374465757649117,1.5796541873444812,2024-08-02
2024-08-20,0.9637833473748054,-0.4893111169638943,1.5598407533729297,2024-08-05
2024-08-21,0.8486664747074865,-0.5420992533819272,1.338802208745404,2024-08-06
2024-08-22,0.7393054456735336,-0.5922479829790583,1.1263114973175246,2024-08-07
2024-08-27,0.6354124680912785,-0.18515803882530543,0.7818161967924299,2024-08-08
2024-08-28,0.5367141393881361,-0.0024674335958912038,0.8512353788038057,2024-08-09
2024-08-29,0.4429507271201509,-0.0795977541823242,0.8890080820707262,2024-08-12
2024-08-30,0.3538754854655649,-0.15287155873943575,0.4865132100337437,2024-08-13
2024-09-03,0.2692540058937082,-0.22248167306869168,0.528704173708853,2024-08-14
2024-09-04,0.18886360030044425,-0.28861128168148475,0.6012522996801029,2024-08-15
2024-09-06,0.45190901470243866,0.3033398456932889,1.62121575492109,2024-08-16
2024-09-09,0.44723993359763703,-0.290453629966356,1.3490692483329911,2024-08-19
2024-09-10,0.3579502316191767,-0.018936113328430728,1.4894198858325367,2024-08-20
2024-09-11,-0.23599943483375363,-0.09524299992823676,1.441185538513735,2024-08-21
2024-09-12,-0.29112716839064434,-0.16773454219805267,1.5617140249951325,2024-08-22
2024-09-13,-0.3434985152696906,-0.23660150735437768,1.76713322471112,2024-08-23
2024-09-16,-0.13868907001808797,-0.30202512425288647,1.4315865132159455,2024-08-26
2024-09-17,-0.19868232181576206,-0.3641775603064698,1.6147712953787325,2024-08-27
2024-09-18,-0.08596776116575462,-0.0471927812258093,1.3115609995895814,2024-08-28
2024-09-19,0.19081922130954995,-0.12208683443074642,1.4422455827336187,2024-08-29
2024-09-20,-0.14021166984120245,0.25799932702244066,1.620518418305832,2024-08-30
2024-09-23,-0.20012879164772077,0.9199048550682202,1.302996111733528,2024-09-02
2024-09-24,-0.2570500573639132,0.7966559200485815,1.3212398537755004,2024-09-03
2024-09-25,-0.311125259794296,0.6795694317799246,1.1770755388358358,2024-09-04
2024-09-26,-0.36249670210315965,0.568337267924701,1.0438842684729264,2024-09-05
2024-09-27,-0.9204240218699731,0.3122548749296123,1.134887596070444,2024-09-06
2024-09-30,-0.9413305260750529,0.2193884389169039,0.8748034653040377,2024-09-09
2024-10-01,-1.164841484899236,0.6325381158135838,1.0944733948556338,2024-09-10
2024-10-02,-0.918964891166156,0.22283384309142526,1.5281901807654439,2024-09-11
2024-10-03,-0.9399443519064267,0.8864976453337554,1.5042055496056732,2024-09-12
2024-10-04,-0.9598748396096837,1.207306827661504,1.301879925978099,2024-09-13
2024-10-08,-0.9788088029277779,1.5405970613758666,1.9034474014315763,2024-09-16
2024-10-09,-0.742233843293271,1.8876863071495982,1.901262667392184,2024-09-17
2024-10-10,-0.7720498564271859,1.5489240358229723,1.8675051762697363,2024-09-18
2024-10-11,-0.8003750689044051,1.394224141765596,1.7275357651704797,2024-09-19
2024-10-14,-0.8272840207577632,1.0323851890787659,1.4355659961764318,2024-09-20
2024-10-15,-1.10740974980515,1.154198632912976,1.314763016814051,2024-09-23
2024-10-16,-1.3735291924001676,1.0192350090010998,1.222394099076791,2024-09-24
2024-10-17,-1.3717804380787373,0.6403331707304406,1.328496466733408,2024-09-25
2024-10-18,-0.860994671899986,0.5310628199276908,1.2290922667099944,2024-09-26
2024-10-22,-0.884872643603565,0.466517012620504,1.1466220176458164,2024-09-27
2024-10-23,-0.6529944919352688,0.36593746972325103,1.275394787474746,2024-09-30
2024-10-24,-0.4836226928077265,0.08237210730507864,1.4391623304847685,2024-10-01
2024-10-25,0.4918796356808674,0.15141164700622278,1.339520110003365,2024-10-02
2024-10-28,0.4003579485982454,0.06658737238968404,1.2132865348672959,2024-10-03
2024-10-29,0.31341234586975475,0.41575241816861747,0.8187703495746603,2024-10-04
2024-10-30,0.2308140232776885,0.08630827832838074,0.61072389005049,2024-10-07
2024-10-31,0.49176191653082074,0.2196132254780567,0.4116356964949903,2024-10-08
2024-11-01,0.40024611540570126,0.41787760971435634,1.7633246051675782,2024-10-09
2024-11-04,0.5346645606730958,0.5159193900049662,2.6445560457108375,2024-10-10
2024-11-05,0.4410036273408625,0.8230838300547426,2.882626221607338,2024-10-11
2024-11-06,0.35202574067524084,0.8121129729519392,2.70125652824032,2024-10-14
2024-11-07,-0.24162770123049274,0.6942536320381147,3.248926356523438,2024-10-15
2024-11-08,-0.29647402146754653,0.5822872581699813,2.931202749218048,2024-10-16
2024-11-11,-0.34857802569274765,0.4759192029952544,3.138305195959215,2024-10-17
2024-11-12,-0.3980768297066887,0.37486955057926397,2.9178680649361053,2024-10-18
2024-11-13,-0.3178195811265844,0.27887238078407317,2.766526814769605,2024-10-21
2024-11-14,-0.2415751949754854,0.3033764828114309,3.161064442168806,2024-10-22
2024-11-15,-0.29642414052528965,0.27111870133768207,2.3101290574348208,2024-10-23
2024-11-18,-0.09396841401090703,0.18030907400457033,2.6249526445126072,2024-10-24
2024-11-19,-0.15619769860894014,0.09403992803811419,2.4206419683717444,2024-10-25
2024-11-20,0.03924670580962481,0.012084239369980791,2.240640848935149,2024-10-28
2024-11-21,-0.02964333477943485,0.23505000980050586,2.8439875728628827,2024-10-29
2024-11-22,0.312210686319673,0.28278185098300374,2.412206728605305,2024-10-30
2024-11-25,-0.1097438530104845,0.19138906616762577,2.506639653444675,2024-10-31
2024-11-26,0.16823193405705647,0.5343140272576621,2.337375115068546,2024-11-01
2024-11-27,0.3838208889547068,0.43034463362855113,2.4160995254756634,2024-11-04
2024-11-29,0.2977021392083931,0.3315737096808959,2.16830740403012,2024-11-05
2024-12-02,0.7250137765227881,0.23774133193062352,2.6508390333976957,2024-11-06
2024-12-03,0.912763639297152,0.336615369733647,2.3990667979305447,2024-11-07
2024-12-04,1.003847531863073,0.24253090898073698,2.6159183852596053,2024-11-08
2024-12-05,1.2940270096300552,0.31147892108928915,3.354763782823133,2024-11-11
2024-12-06,1.586668328494468,0.49212735064609825,2.3006725943420183,2024-11-12
2024-12-09,2.4586561059179526,0.39026729084756584,2.2999810400470206,2024-11-13
2024-12-10,2.4724453751528337,0.29350023403895986,2.107509793959089,2024-11-14
2024-12-11,2.4855451809259708,0.35198336740341,2.1389851165527345,2024-11-15
2024-12-12,1.785215767007701,0.37283192009980104,2.2096640793386473,2024-11-18
2024-12-13,1.8326770531880947,0.27693663182858336,1.902005904342874,2024-11-19
2024-12-16,1.6741154952301116,0.18583610797092648,1.9226385967834259,2024-11-20
2024-12-17,1.5234820151700277,0.22463380808334066,1.7918153523403242,2024-11-21
2024-12-18,1.762223546292993,-0.23988116791861866,1.5505192370876806,2024-11-22
2024-12-19,0.9962353241916935,-0.30514080178891534,2.389841455203547,2024-11-25
2024-12-20,1.1849705224275662,-0.5342617176686149,2.3157105059830196,2024-11-26
2024-12-23,1.0587942910076091,-0.5848023240514117,2.4121737733185102,2024-11-27
2024-12-24,0.9389268711586504,-0.5171144867822796,2.1175941299639667,2024-11-28
2024-12-26,0.8250528223021393,-0.8191988502637697,1.564430409096968,2024-11-29
2024-12-27,0.7168724758884537,-0.5015823945282775,1.5444887948296515,2024-12-02
2024-12-30,0.6141011467954525,-0.5537569670680913,1.3193632344278414,2024-12-03
2024-12-31,0.5164683841571014,-0.4153080143151322,1.1650119415888365,2024-12-04
2025-01-02,0.4237172596506678,-0.8478258991971678,1.4707109298152894,2024-12-05
2025-01-03,0.3356036913695558,-0.7573450987263489,1.028412519633553,2024-12-06
2025-01-06,-0.08752049821309592,-0.5818574827239364,0.1941830809548779,2024-12-09
2025-01-07,-0.15007217860101954,-0.6300183008539672,-0.07306836207023408,2024-12-10
2025-01-08,-0.209496274969547,-0.6757710780774965,-0.2860654139472858,2024-12-11
2025-01-10,-0.6732487261783625,-0.318137983552847,0.10199968569461361,2024-12-12
2025-01-13,-0.91016377499738,-0.16461072330910967,0.2664591765291279,2024-12-13
2025-01-14,-0.9315832915460895,-0.3276412777427731,0.31742097639670275,2024-12-16
2025-01-15,-0.9519318322673634,-0.6391993016762384,0.5206081715436303,2024-12-17
2025-01-16,-0.9712629459525737,-0.8212310627974049,0.768993845602224,2024-12-18
2025-01-17,-0.9896275039535234,-0.8574232019237623,0.8735861572317346,2024-12-19
2025-01-21,-1.0070738340544256,-0.6183296662163004,1.0017789296057291,2024-12-20
2025-01-22,-0.7690856228635864,-1.1660396662804655,1.2808183520704788,2024-12-23
2025-01-23,-0.542996822232289,-1.0482533412939192,0.6929739638598186,2024-12-24
2025-01-24,-0.5827746864192529,-1.1566564983469099,0.8233374372438951,2024-12-25
2025-01-27,-1.1296881069702616,-1.176077365695792,1.2675728769439363,2024-12-26
2025-01-28,-1.3946936317070235,-1.19452718967723,1.2114740142275873,2024-12-27
2025-01-29,-1.391886655420251,-1.212054522459596,1.2527288874454892,2024-12-30
2025-01-30,-1.89834447752121,-1.2287054886028437,1.100274384955088,2024-12-31
2025-01-31,-2.096632492087458,-1.0166271832076779,3.3982498928463465,2025-01-01
2025-02-03,-1.9569036828669846,-0.8502138274255399,3.1458382450667437,2025-01-02
2025-02-04,-1.8852562480563426,-0.7266285784966737,2.932178827658862,2025-01-03
2025-02-05,-2.8761700400988897,-0.7048792429494737,3.6549460618523466,2025-01-06
2025-02-06,-2.6141530799112895,-0.5506996200256721,3.499749861236875,2025-01-07
2025-02-07,-2.5503731312143034,-0.4876094532911467,3.6565146645049995,2025-01-08
2025-02-10,-2.6594903298099646,-0.6196467978047252,3.0304823119954163,2025-01-09
2025-02-11,-2.18614395895933,-0.7450822750926249,3.4081844633603917,2025-01-10
2025-02-12,-2.1437644663099418,-0.9354936909368472,3.279592977809084,2025-01-13
2025-02-13,-2.103503948293023,-0.8155608613236066,3.330001357567319,2025-01-14
2025-02-14,-2.0652564561769506,-0.7064766679436933,3.36425021695725,2025-01-15
2025-02-18,-1.9157825720948163,-1.124436120144301,1.7896873956654078,2025-01-16
2025-02-19,-2.15845418856113,-1.458826000846284,2.085593616357609,2025-01-17
2025-02-20,-2.4568754841472473,-1.5383443117365103,1.0701685109128682,2025-01-20
2025-02-21,-2.4009594152384635,-1.8968042106364502,0.5631218057644336,2025-01-21
2025-02-24,-2.460977916346984,-1.8792176923708552,0.39830035312278567,2025-01-22
2025-02-25,-2.9139811754016054,-1.8625105000185398,0.6348356543034999,2025-01-23
2025-02-26,-3.038859601759461,-2.120114735161342,-0.47614678760638673,2025-01-24
2025-02-27,-2.9538443269700663,-2.0913626906695026,0.43858323339724453,2025-01-27
2025-02-28,-3.0767295957494984,-1.9136364110696291,-0.371142299296396,2025-01-28
2025-03-03,-2.989820821260602,-2.020551480559563,0.28947122226236427,2025-01-29
2025-03-04,-3.110907265325507,-1.9967775987978127,0.38621175256845036,2025-01-30
2025-03-05,-2.895008494964462,-1.9741924111241498,-0.3438361568772802,2025-01-31
2025-03-06,-2.817185775514817,-1.802324645501544,-0.12144229649907619,2025-02-03
