date,spy_news,spy_reddit,spy_stock,date
2024-03-01,1.0952585737860907,1.6399356999687638,1.4033668279836218,2024-03-01
2024-03-04,1.2457126744041118,1.5712170500478815,1.356924054454716,2024-03-04
2024-03-05,1.1945602157461397,1.7062090481520615,1.487173109309988,2024-03-05
2024-03-06,1.2751543232492235,1.934588804115542,1.5893636750265487,2024-03-06
2024-03-07,1.3618134893131206,1.7009314623405571,1.1326313777600399,2024-03-07
2024-03-08,1.145623106395923,1.6291630243010848,1.3031895897157801,2024-03-08
2024-03-11,0.899682923239001,1.5609830081635867,1.5163801761396651,2024-03-11
2024-03-12,0.8335673727890776,1.4962119928329634,1.4299874857254753,2024-03-12
2024-03-13,0.6732869825239616,1.4346795282688711,0.9676166138191769,2024-03-13
2024-03-14,0.2968381918954177,1.2260176502862197,1.2093034635330628,2024-03-14
2024-03-15,0.6242136793103902,0.9376652442146426,1.0082952179729932,2024-03-15
2024-03-18,0.22858691683687996,0.9040601170814664,1.2338871049105025,2024-03-18
2024-03-19,0.2853742325999437,0.872135246304949,1.7490990102860209,2024-03-19
2024-03-20,0.6073663802534978,0.9419439768317667,1.5661456679479138,2024-03-20
2024-03-21,1.056215825952984,0.9081249130677342,1.315070498092363,2024-03-21
2024-03-22,0.729120777004198,0.8759968024919035,1.3567423703851584,2024-03-22
2024-03-25,0.6923812159076868,0.6452003819158459,1.3248710310844816,2024-03-25
2024-03-26,0.7259788167172101,0.6262184978976094,1.370900560257225,2024-03-26
2024-03-27,0.8369352111607291,0.6081857080802849,1.348622756974275,2024-03-27
2024-03-28,0.6064294227655669,0.5910545577538266,0.8644878310251092,2024-03-28
2024-04-01,0.6443246132321963,,0.782078705855096,2024-03-29
2024-04-02,0.5016289123897318,0.5747799649436912,1.1804422629280136,2024-04-01
2024-04-03,0.4843227896829096,0.33401004680391694,0.4456423353873218,2024-04-02
2024-04-04,0.3660860342613349,0.33058767954127705,0.7793419372196638,2024-04-03
2024-04-05,0.47153908376226417,0.32733643064176915,0.841917506282178,2024-04-04
2024-04-08,0.6140361966807855,0.4243851019517459,0.27316600604287167,2024-04-05
2024-04-09,0.3946753590096204,0.4164439819317145,0.42681594684769514,2024-04-08
2024-04-10,0.1862825632220137,0.4088999179126847,0.3062768721191645,2024-04-09
2024-04-11,0.02886872660937152,0.16140339845978438,0.348660670904927,2024-04-10
2024-04-12,-0.16123373755822265,0.016405326967587376,-0.44121534850667155,2024-04-11
2024-04-15,-0.45859275553654344,0.028863195696763988,-0.3333156763632049,2024-04-12
2024-04-16,-0.6243221455968417,0.04069817098948176,-0.6307032874686485,2024-04-15
2024-04-17,-0.7765227051451045,-0.1483333180114548,-0.796757351604169,2024-04-16
2024-04-18,-0.9434806436877773,-0.3851345798563497,-0.8827990274916724,2024-04-17
2024-04-19,-1.038859746363739,-0.3525997157859763,-0.5288276290958519,2024-04-18
2024-04-22,-1.0268582824688688,-0.4075236158601294,-0.13040445805023834,2024-04-19
2024-04-23,-0.6504230172984843,,-0.6927793188108753,2024-04-22
2024-04-24,-0.6705678822131388,-0.3738692999895669,-0.09725836279887695,2024-04-23
2024-04-25,-0.9602524485044821,-0.34189769991253255,0.19602657996985842,2024-04-24
2024-04-26,-0.9467734402511637,-0.31152467983934995,0.0690970269027953,2024-04-25
2024-04-29,-0.69421773893128,-0.08239559524080808,-0.4856599057660093,2024-04-26
2024-04-30,-0.9582554610112848,-0.15082970134221957,-0.24564297781020936,2024-04-29
2024-05-01,-0.8421260263558127,-0.2501749105149636,0.30960020354236956,2024-04-30
2024-05-02,-0.5116239010542287,-0.22438802991165943,0.49197798515245533,2024-05-01
2024-05-03,-0.3244167027813248,-0.30002785110302965,0.7569659167249612,2024-05-02
2024-05-06,-0.1971665911303451,-0.5721603967638498,0.5455874413893117,2024-05-03
2024-05-07,-0.2771689473178638,-0.5302742418481012,0.6789741410787837,2024-05-06
2024-05-08,-0.4152730007259487,-0.6406884313249038,0.9793729036154925,2024-05-07
2024-05-09,-0.4730787973373342,-0.5953758746811025,0.986529390287182,2024-05-08
2024-05-10,-0.5245806736936716,-0.6524663036340006,0.8288482541924106,2024-05-09
2024-05-13,-0.650314140782966,-0.6733230918844175,1.1410965653190084,2024-05-10
2024-05-14,-0.5985104748897737,-0.9267908755061682,1.384797721654154,2024-05-13
2024-05-15,-0.45143958678951357,-0.8671731966533038,1.2367072059218858,2024-05-14
2024-05-16,-0.5074370540977209,-0.8105364017430827,1.2309973492633988,2024-05-15
2024-05-17,-0.5606346480405175,-0.7567314465783724,1.1480672349144767,2024-05-16
2024-05-20,-0.5199269436426723,-0.5053420236428795,1.1917358917448169,2024-05-17
2024-05-21,-0.7831061984271555,-0.5669341451476888,1.3021322404157873,2024-05-20
2024-05-22,-0.7631812701151993,-0.825721376106276,0.8626239652369043,2024-05-21
2024-05-23,-0.8035916532571223,-0.7711571722234062,0.998521723739323,2024-05-22
2024-05-24,-0.3378031454178335,-0.7193211785346798,0.610586201450538,2024-05-23
2024-05-28,-0.6636974296492876,-0.6700769845303899,0.4938921398112186,2024-05-24
2024-05-29,-1.0760472754459824,-0.8235697157553329,0.39996003070629943,2024-05-27
2024-05-30,-1.1171239259049872,-0.7691130948900102,0.7849288737219188,2024-05-28
2024-05-31,-0.9930510680048302,-0.7173793050679538,0.5567187461007204,2024-05-29
2024-06-03,-0.9512931683899131,-0.6682322047370001,0.8485638440220153,2024-05-30
2024-06-04,-0.7828193992491951,-0.7717484960693577,1.1158654271361796,2024-05-31
2024-06-05,-0.7417522681829974,-0.8533994132076793,0.9637267141988753,2024-06-03
2024-06-06,-0.6364479931689397,-0.9613124383571181,0.8804168051288009,2024-06-04
2024-06-07,-0.33090838035195835,-0.8398862667030006,0.9015778998502556,2024-06-05
2024-06-10,-0.7869372248705754,-0.7846138182902945,1.4092550905850387,2024-06-06
2024-06-11,-0.747873885873348,-0.5318302767692052,1.4483756299195296,2024-06-07
2024-06-12,-0.6985650509483693,-0.49196062785318895,1.2127570475713256,2024-06-10
2024-06-13,-0.7598205780389444,-0.4540844613829735,1.2387553720784332,2024-06-11
2024-06-14,-0.5482279892994604,-0.23785485926015237,1.5427516690071483,2024-06-12
2024-06-17,-0.5851809292319194,-0.21268398121958873,1.6283348877885304,2024-06-13
2024-06-18,-0.6803619882469408,-0.1286892324223478,1.3135445878307503,2024-06-14
2024-06-20,-0.8716994437348673,-0.10897663572367443,1.2428429435238453,2024-06-17
2024-06-21,-0.8626480857200297,-0.09024966885993473,1.156313515119117,2024-06-18
2024-06-24,-0.8882993875315385,-0.072459050339382,1.076965435981064,2024-06-19
2024-06-25,-0.976156099529202,-0.05555796274485694,1.1437740114015,2024-06-20
2024-06-26,-1.2327689994089737,-0.039501929530058114,1.2147467207405502,2024-06-21
2024-06-27,-1.1584545774427053,0.12595733867076453,1.044823067349273,2024-06-24
2024-06-28,-1.2449019644349313,0.13293760681478226,0.8544586875498581,2024-06-25
2024-07-01,-1.3270269820775458,0.13956886155159912,1.170124321572212,2024-06-26
2024-07-02,-1.2413876741196241,,1.3308087999903533,2024-06-27
2024-07-03,-1.111101628808735,0.1458685535515751,1.5239943843318435,2024-06-28
2024-07-05,-0.7304541963213573,0.3020592975983161,1.505446076761672,2024-07-01
2024-07-08,-0.6257148249003818,-0.0001776054975713234,1.4870343177048546,2024-07-02
2024-07-09,-0.4486650441056902,0.0131094098548632,1.7190027779287809,2024-07-03
2024-07-10,-0.2947841913559207,-0.12447396220708778,1.368063103618016,2024-07-04
2024-07-11,-0.32925720678528947,0.09530258650984096,1.607780575214116,2024-07-05
2024-07-12,-0.016243738670421053,0.10381559226190487,1.5857478619459762,2024-07-08
2024-07-15,0.13182378354247942,0.11190294772636561,1.2241064724725383,2024-07-09
2024-07-16,0.2329685928074991,-0.24090855253462976,1.1426377928919804,2024-07-10
2024-07-17,-0.039264057713771,-0.3357498191477533,0.659714801243026,2024-07-11
2024-07-18,-0.33604946385465095,-0.5059589086418279,0.6677316625078243,2024-07-12
2024-07-19,-0.40910767640595425,-0.5424858464555624,0.7430817957264689,2024-07-15
2024-07-22,-0.6006636558266035,-0.20167134576170068,0.3059639755378395,2024-07-16
2024-07-23,-0.6546364422108296,-0.37858435892507797,-0.24363616947099115,2024-07-17
2024-07-24,-0.92732532495652,-0.3463770059012682,-0.16436958831227425,2024-07-18
2024-07-25,-0.7366310817135541,-0.3157800205286488,0.11316322499910074,2024-07-19
2024-07-26,-0.14805215648502365,-0.28671288442466036,0.12466587306669484,2024-07-22
2024-07-29,-0.48343399016311817,-0.5595111784193988,0.3128675012706076,2024-07-23
2024-07-30,-0.3910456290500547,-0.5933605027442548,0.5525860814149716,2024-07-24
2024-07-31,-0.5179787547800152,-0.7006203791762498,-0.6636815175228497,2024-07-25
2024-08-01,-0.8642214801938783,-0.9527232984334089,-2.3877822637367654,2024-07-26
2024-08-02,-1.2270257866261076,-0.996300154362366,-1.6898864464281218,2024-07-29
2024-08-05,-1.439958754945939,-1.0424477654916107,-0.9097247684361331,2024-07-30
2024-08-06,-0.8887430524864809,-1.1105637191588198,-1.2011804087332187,2024-07-31
2024-08-07,-0.9815897898108757,-0.8915513614765591,-0.7013695298774323,2024-08-01
2024-08-08,-0.6271776176920086,-0.6334209427961569,-0.34200647496023034,2024-08-02
2024-08-09,-0.6254594807042275,-0.6346890026239511,-0.1553222616161311,2024-08-05
2024-08-12,-0.5922603455652782,-0.5896764174151976,0.3124137999923707,2024-08-06
2024-08-13,-0.49443066668210656,-0.7471891769958999,0.775148084408657,2024-08-07
2024-08-14,-0.4014924717430934,-0.696551583068549,0.8728298635201399,2024-08-08
2024-08-15,-0.24470100269982203,-0.7485832266020747,1.0635859359817328,2024-08-09
2024-08-16,-0.0933870318035001,-0.6978759301944149,1.3215473568054714,2024-08-12
2024-08-19,-0.12865920363664204,-0.7999100352539019,1.2987697108128897,2024-08-13
2024-08-20,-0.2957749366188747,-0.8668012277310618,1.4284544799494774,2024-08-14
2024-08-21,-0.3739464313623384,-0.5097709579734251,1.146712694606101,2024-08-15
2024-08-22,-0.22074194768814395,-0.3851722540561899,1.344100899368642,2024-08-16
2024-08-23,-0.09136610295404199,-0.3526355062758245,1.0210475954724525,2024-08-19
2024-08-26,-0.1603056545142783,0.27909855070257783,1.0900428496174615,2024-08-20
2024-08-27,-0.0840737101836567,0.15825692892759388,0.9729139466115997,2024-08-21
2024-08-28,-0.09385358369101689,0.01341618091200636,0.9563282049378892,2024-08-22
2024-08-29,0.14345619834134302,0.3264355802374896,0.8876192329967296,2024-08-23
2024-08-30,-0.1691373164319558,0.32339193630317103,0.12771086710758678,2024-08-26
2024-09-03,-0.4730203659566108,0.08017081593074639,0.17029821506330403,2024-08-27
2024-09-04,-0.6033154444902258,0.08944041021176503,0.09444671557617457,2024-08-28
2024-09-05,-0.817651241285891,-0.20216554851479482,-0.2858960775038946,2024-08-29
2024-09-06,-0.9456680386401041,-0.17877913601149914,-0.005615884974246839,2024-08-30
2024-09-09,-0.7323105696014643,-0.1565620441333682,0.018876312428692175,2024-09-02
2024-09-10,-1.038479482623737,-0.3071198487311595,0.4669901991848829,2024-09-03
2024-09-11,-1.0724642605528623,-0.2784857212170455,0.7743209959628089,2024-09-04
2024-09-12,-1.2075000753623448,-0.1311184707612262,0.8772285161834606,2024-09-05
2024-09-13,-0.9504705652683031,-0.1863874304689908,1.066934146109898,2024-09-06
2024-09-16,-0.8347303753999801,-0.16378992386798533,0.9196148733490638,2024-09-09
2024-09-17,-0.882854542374017,-0.2024047072557356,1.3772097565188888,2024-09-10
2024-09-18,-0.7704951536504084,-0.1039033184920109,1.2106746390613163,2024-09-11
2024-09-19,-0.9799084290608674,-0.08543001748985439,1.2532921642254344,2024-09-12
2024-09-20,-0.8626963460029163,-0.0678803815378057,1.2688109085135733,2024-09-13
2024-09-23,-1.0217403296684242,-0.351620300676887,1.2505523071270586,2024-09-16
2024-09-24,-1.089255334810665,-0.3207611505654867,1.4095438861870095,2024-09-17
2024-09-25,-0.966575906465224,-0.49171967348867474,1.2717602316358572,2024-09-18
2024-09-26,-0.9142493718975635,-0.45385555473668504,1.0059071885746727,2024-09-19
2024-09-27,-1.1358313462751273,-0.4846428804319676,1.1596168038436216,2024-09-20
2024-09-30,-1.197641800587033,-0.44713260133281324,0.7141442430385614,2024-09-23
2024-10-01,-1.5766223320071768,-0.4114978361886165,0.6543597629145727,2024-09-24
2024-10-02,-1.8405756569091642,-0.49780963861904065,0.9650789624646002,2024-09-25
2024-10-03,-1.9800185168078375,-0.45964102161053266,0.845190374646453,2024-09-26
2024-10-04,-1.7149435238608106,-0.4233808354524501,0.742782225939181,2024-09-27
2024-10-07,-1.8349804214676977,-0.5391396952490353,0.8932136480974385,2024-09-30
2024-10-08,-1.8330920861383486,-0.49890457540902755,1.0263709859882046,2024-10-01
2024-10-09,-1.633701483389288,-0.4606812115610202,0.9940383336949827,2024-10-02
2024-10-10,-1.6795145586183697,-0.42436901590541315,1.2947977267174473,2024-10-03
2024-10-11,-1.5273221690825436,-0.3898724300325865,1.4564707230924778,2024-10-04
2024-10-14,-1.6110733451942048,-0.3571006734534012,1.0623556396342193,2024-10-07
2024-10-15,-1.7937555188354368,-0.32596750470317515,1.42209585904463,2024-10-08
2024-10-16,-1.3196963865908702,-0.2963909943904604,1.2283641383008528,2024-10-09
2024-10-17,-0.9174507079777753,-0.2682933095933814,1.1522363574065733,2024-10-10
2024-10-18,-0.6511388801935146,-0.3274325299771642,0.9073564480680149,2024-10-11
2024-10-21,-1.064116653462998,-0.41794759771816115,0.8761032461690798,2024-10-14
2024-10-22,-1.4358954829136445,-0.383772082754697,0.7463048401763649,2024-10-15
2024-10-23,-1.6695214136241938,-0.35130534353940623,0.812003406457626,2024-10-16
2024-10-24,-1.6071767472309577,-0.3204619412848799,0.8432566700263938,2024-10-17
2024-10-25,-1.4586012482645019,-0.2911607091430799,0.6181046065795208,2024-10-18
2024-10-28,-1.4500355252487087,-0.2633245386083699,0.6841746927901783,2024-10-21
2024-10-29,-1.1038165358277388,-0.4371548921294138,0.26504792924554615,2024-10-22
2024-10-30,-1.3229099666874886,-0.8025684435034239,-0.035867114482562135,2024-10-23
2024-10-31,-1.6244580676195357,-0.8993679228974605,-0.04364605717727575,2024-10-24
2024-11-01,-1.475018502633651,-0.9412587494395406,-0.07154188340965723,2024-10-25
2024-11-04,-1.2396415742817757,-0.8809176768900076,1.1950330359840704,2024-10-28
2024-11-05,-0.7585882337492703,-0.995257699849967,1.392422974800459,2024-10-29
2024-11-06,-0.46562347722632913,-1.0414574337048317,1.526250922434609,2024-10-30
2024-11-07,-0.127524979895753,-0.9761064269420341,1.688355068614139,2024-10-31
2024-11-08,0.4831563260612294,-0.8138856127528672,1.5303747572957396,2024-11-01
2024-11-11,0.86971609061912,-0.6397483677202568,1.3684112271978175,2024-11-04
2024-11-12,0.8944469476930718,-0.594482814256688,1.2967229116216483,2024-11-05
2024-11-13,0.9179412619133257,-0.5514805384662975,0.7350433178685635,2024-11-06
2024-11-14,0.7934747521699766,-0.5106283764654267,0.4665348692424871,2024-11-07
2024-11-15,0.4550524055349092,-0.37168146480009023,0.3426291110921918,2024-11-08
2024-11-18,0.6179453334651438,-0.13954454095351135,0.704157926452576,2024-11-11
2024-11-19,0.44976417684316755,0.08098553670073858,0.8687008595005465,2024-11-12
2024-11-20,0.22149189420108129,-0.059991641703506154,0.8423723259141392,2024-11-13
2024-11-21,-0.21954919418558436,-0.04371392454077487,1.1857071478637453,2024-11-14
2024-11-22,0.09450270033274735,-0.02825009323618015,1.0795214397597614,2024-11-15
2024-11-25,0.5153864904925425,-0.08866247182019707,1.133799231061023,2024-11-18
2024-11-26,0.3294998814021266,-0.3713632864451588,1.0250825755604345,2024-11-19
2024-11-27,0.23951703062408192,-0.2932997450001868,1.1893715008820192,2024-11-20
2024-11-29,0.9807596792098745,-0.26535662267262156,1.157102918510873,2024-11-21
2024-12-02,1.311302828905238,-0.6393600875194712,1.2442109463891473,2024-11-22
2024-12-03,1.3139543490648837,-0.7142787773833527,1.3128857300939503,2024-11-25
2024-12-04,1.356767519011376,-0.5150806667898652,1.23310669133021,2024-11-26
2024-12-05,1.1288118584950184,-0.47604849837281593,1.18752236730985,2024-11-27
2024-12-06,1.1732070623424173,-0.4389679383766192,0.9790661994053832,2024-11-28
2024-12-09,0.8582888157455305,-0.20346669085121383,0.9565622245678962,2024-11-29
2024-12-10,0.7857336310614346,-0.38028993676011563,0.9603016408632412,2024-12-02
2024-12-11,1.0309799811697198,-0.34799730484455377,0.9007010477979169,2024-12-03
2024-12-12,0.9582995778232603,-0.4374841338421811,0.829905755855867,2024-12-04
2024-12-13,0.6361003412809604,-0.48816381301352385,0.671777927655785,2024-12-05
2024-12-16,0.6062214853206501,-0.5506148450498008,0.6246160845936911,2024-12-06
2024-12-17,0.5507177310442405,-0.6600120043665186,-0.2225298480896553,2024-12-09
2024-12-18,0.659898689948145,-0.7639393057174005,-0.7153567391545068,2024-12-10
2024-12-19,0.5840390378374689,-0.66239552647172,-0.0674473875174248,2024-12-11
2024-12-20,0.7284386457831322,-0.549239376560905,0.2775825312001681,2024-12-12
2024-12-23,0.7602333750988833,-0.5084992726553037,0.4890636667126519,2024-12-13
2024-12-24,1.0644391033536822,-0.2895489299688661,0.3369429941310664,2024-12-16
2024-12-26,1.079433809790906,-0.17596132745185894,-0.3105234631540817,2024-12-17
2024-12-27,0.7511778616502237,-0.15388512600171,-0.16082744213875716,2024-12-18
2024-12-30,0.9102734748936369,-0.25307756394147957,-0.18720453563874995,2024-12-19
2024-12-31,1.189852152195896,-0.2817659276293092,-0.301073987233584,2024-12-20
2025-01-02,1.9458509391132879,-0.25439949617028773,0.2948637511507693,2024-12-23
2025-01-03,2.225025881092971,-0.32853874404872657,0.3554300353988748,2024-12-24
2025-01-06,2.2641914692646807,-0.16531719474938872,-0.23230076797269647,2024-12-25
2025-01-07,1.8648872616242393,-0.22960522087537114,-0.4077387633708506,2024-12-26
2025-01-08,1.5829838707059016,-0.2477628352245506,-1.0611819371814886,2024-12-27
2025-01-10,1.0392721310438895,-0.2793179056797723,-0.42554903485344364,2024-12-30
2025-01-13,0.9661771202037214,-0.19199146065952225,-0.005334199244280586,2024-12-31
2025-01-14,1.3285858450544876,-0.048948923231579136,0.24893680373033272,2025-01-01
2025-01-15,1.5308615573858189,-0.07077485115413512,0.4198514584079615,2025-01-02
2025-01-16,1.779410830563469,-0.0873370927737088,0.6415381411052501,2025-01-03
2025-01-17,1.9230573918831044,-0.13464606485066258,0.9507578158412787,2025-01-06
2025-01-21,2.408872562777924,-0.005394872605654369,0.8954867674048888,2025-01-07
2025-01-22,2.6135212856859686,-0.03991292562478006,1.1091911136578243,2025-01-08
2025-01-23,2.5510618830065774,-0.024639144265985097,0.0932140535877298,2025-01-09
2025-01-24,2.1755707557632693,-0.030156523528031696,0.46997580428073576,2025-01-10
2025-01-27,1.8610081441751776,-0.2156452778030925,0.6480197047698216,2025-01-13
2025-01-28,1.9389246743481399,-0.26911057516919545,0.6311453433050359,2025-01-14
2025-01-29,1.877575967068398,-0.2904428430601441,0.8284644367210448,2025-01-15
2025-01-30,1.723475985598869,-0.32426555522312506,-0.16620246413588527,2025-01-16
2025-01-31,1.2839792549933169,-0.39055770198524775,0.18208362103698983,2025-01-17
2025-02-03,1.1575204131795893,-0.40225717414821116,0.35652200228787395,2025-01-20
2025-02-04,1.1074197154332743,-0.45079674580693396,0.686509136992832,2025-01-21
2025-02-05,0.7888128887606688,-0.41497877343903133,0.7101795951392244,2025-01-22
2025-02-06,0.7648964568112283,-0.3991584920103437,0.4906517359888927,2025-01-23
2025-02-07,0.636790948226631,-0.3659224323322705,0.37043854059543424,2025-01-24
2025-02-10,0.5447302176991904,-0.31496675155464765,0.1348179625443402,2025-01-27
2025-02-11,0.5278228891082577,-0.3193193981541957,0.4721639048064994,2025-01-28
2025-02-12,0.49625535213145716,-0.29007529316892994,0.8012683573402061,2025-01-29
2025-02-13,0.539659246129792,-0.3958098704522731,0.8213846964103583,2025-01-30
2025-02-14,0.46672597234286195,-0.3490861476114885,0.7291783710760784,2025-01-31
2025-02-18,0.3472058940877252,-0.344476494135404,0.7861659441595219,2025-02-03
2025-02-19,0.2696244162672299,-0.4513057678566903,0.6587397071781377,2025-02-04
2025-02-20,0.07971634330445843,-0.5247030983112188,0.10486383142608177,2025-02-05
2025-02-21,-0.3395835217938021,-0.5690257357488538,-0.21626228977623574,2025-02-06
2025-02-24,-0.44120636732977403,-0.5926032863389696,-0.2852295807572255,2025-02-07
2025-02-25,-0.5377480705889474,-0.5697224584973669,-0.21068534822154744,2025-02-10
2025-02-26,-0.5568109785399402,-0.6030612188183245,-0.93879730334287,2025-02-11
2025-02-27,-0.5933347690103753,-0.7190323474045812,-0.18364837269915937,2025-02-12
2025-02-28,-0.8309624735322986,-0.8119330382354544,-1.2532238665114792,2025-02-13
2025-03-03,-1.2349490671348429,-0.9316296713712748,-1.3939891643176714,2025-02-14
2025-03-04,-1.3333188983438893,-0.9235652377757632,-1.4062228083796993,2025-02-17
2025-03-05,-1.3051898250963985,-0.9905981348277464,-1.646682074288532,2025-02-18
2025-03-06,-1.3772142237902973,-1.0409888452643352,-1.7907478424681837,2025-02-19
2025-03-07,-1.5235858876215667,-1.3762106989815992,-2.2646636381163954,2025-02-20
