date,tsla_news,tsla_reddit,tsla_stock,date
2024-03-01,-0.5552635887693862,-0.7274202186394166,-0.6681253119412033,2024-03-01
2024-03-04,-0.9570372196611792,-0.7628136742773914,-0.7616845270109837,2024-03-04
2024-03-05,-0.9414186000952689,-0.6936886167636436,-0.9615937417489002,2024-03-05
2024-03-06,-1.126076675930038,-0.7748038697967601,-0.6020427616241831,2024-03-06
2024-03-07,-1.2582168460492147,-0.8078281428768678,-0.8251112323622344,2024-03-07
2024-03-08,-1.2698031649910912,-1.044698883042618,-0.6834240867012171,2024-03-08
2024-03-11,-1.4939834478159912,-0.9614795650906087,-0.8509120404669849,2024-03-11
2024-03-12,-1.4973034299884613,-0.8824212130362,-1.04010405317879,2024-03-12
2024-03-13,-1.6814207840584046,-1.1926239299713512,-1.196798148857684,2024-03-13
2024-03-14,-1.8326335576162998,-0.5882641578237859,-0.8176245292330242,2024-03-14
2024-03-15,-1.693783095399071,-0.4911705617149242,-0.6722112505806005,2024-03-15
2024-03-18,-1.5435118221431898,-0.6068757271123396,-0.6103988512884482,2024-03-18
2024-03-19,-1.452783559307058,-0.6311716005983644,-0.4310498145411664,2024-03-19
2024-03-20,-1.0613522886385933,-0.054884444919448314,-0.8271660526577896,2024-03-20
2024-03-21,-1.2999714234518307,-0.1679399065447747,-0.6914899962126692,2024-03-21
2024-03-22,-1.3587779199886298,-0.06434051218651783,-0.21496194228804844,2024-03-22
2024-03-25,-1.0941426996757426,0.10997294227244608,-0.08385217234754433,2024-03-25
2024-03-26,-1.025882892962983,0.13545866895870196,-0.24545364091341298,2024-03-26
2024-03-27,-0.9133424170586525,0.05692126894082108,-0.28796674286662777,2024-03-27
2024-03-28,-0.6994404854695825,0.14927760452479807,-0.7659121295366499,2024-03-28
2024-04-01,-0.8877394781539633,0.02601404042725924,-0.7612699439191402,2024-03-29
2024-04-02,-1.27004899738384,-0.2011743887187853,-0.44305485360186214,2024-04-01
2024-04-03,-1.192993875785676,-0.24575532912448775,-0.4651145216143256,2024-04-02
2024-04-04,-1.0524592850525363,0.017692897638380417,-0.4301797796234071,2024-04-03
2024-04-05,-1.049875195107216,-0.054956213813484416,-0.24855141694437435,2024-04-04
2024-04-08,-0.941434399598697,-0.2267217100625799,-0.23041401989446894,2024-04-05
2024-04-09,-0.8808100078897899,-0.1844012507595728,-0.24040009216450794,2024-04-08
2024-04-10,-0.8834614583270135,-0.2726328648839958,-0.23762392989415382,2024-04-09
2024-04-11,-0.8666159932764415,-0.3307656882097418,-0.3182904362761515,2024-04-10
2024-04-12,-0.9137914153975584,-0.5768111453417305,-0.904667041945946,2024-04-11
2024-04-15,-1.2492553207100954,-0.6882342815578057,-0.8158228923902763,2024-04-12
2024-04-16,-1.3004229750181762,-0.5761341753301172,-1.0829026991906514,2024-04-15
2024-04-17,-1.4419737369715688,-0.6305084709524263,-1.1432491453011244,2024-04-16
2024-04-18,-1.547097016502855,-1.0817428754540466,-1.5148638893240358,2024-04-17
2024-04-19,-1.6418080607573382,-1.09942019825129,-1.2894444014895285,2024-04-18
2024-04-22,-1.693861480010244,-1.047714427995455,-0.19112972706516362,2024-04-19
2024-04-23,-1.3917743401370704,-1.028562358026944,-0.36254208041777075,2024-04-22
2024-04-24,-1.3495132309959954,-0.5608417149388788,0.12812952497656188,2024-04-23
2024-04-25,-1.0777102596083863,-0.7586873563166163,1.00200924254116,2024-04-24
2024-04-26,-0.7813425091683902,-0.6640814046084512,0.8938630133342661,2024-04-25
2024-04-29,-0.8215319953852975,-0.7579680996086489,0.646882782269057,2024-04-26
2024-04-30,-0.7669027238870604,-0.5863364804585142,0.6504276708942796,2024-04-29
2024-05-01,-1.0764726513278475,-0.4526432538001219,0.5863398144799943,2024-04-30
2024-05-02,-1.1362794391050408,-0.33480869207909764,0.6279271121997849,2024-05-01
2024-05-03,-0.984152236231315,-0.19075684582855468,0.5386785826746746,2024-05-02
2024-05-06,-1.102125820372833,-0.3557323104768967,0.06161761828893498,2024-05-03
2024-05-07,-1.2623964233558238,-0.3069613211531737,0.20991664301949836,2024-05-06
2024-05-08,-1.1857239304590603,-0.2606288812956369,0.114360757973773,2024-05-07
2024-05-09,-0.9493639438281318,-0.11386422306115303,-0.025221029083474983,2024-05-08
2024-05-10,-0.9924019684216641,-0.1562242076234663,0.17708716913793823,2024-05-09
2024-05-13,-1.017279031244918,-0.2201774638122387,0.40326760485649926,2024-05-10
2024-05-14,-0.9528624079536998,-0.3494322841047886,0.13823722909038966,2024-05-13
2024-05-15,-0.8201261265362286,-0.4037251364694949,0.10733147923616479,2024-05-14
2024-05-16,-0.9372643227783983,-0.35255450584614195,0.27745534964938723,2024-05-15
2024-05-17,-0.9226343480566271,-0.34063842117175097,0.1758938685993168,2024-05-16
2024-05-20,-0.8629499589248236,-0.21923009747769676,0.4847348071236741,2024-05-17
2024-05-21,-0.6501614489787434,0.07958788212062604,0.4168836666179192,2024-05-20
2024-05-22,-0.48361145967946323,0.10659286181447288,0.10526915016328707,2024-05-21
2024-05-23,-0.5374500412587596,0.13224759252362736,0.16777256649154074,2024-05-22
2024-05-24,-0.6605459858458527,0.1295804181789494,0.06423009134728239,2024-05-23
2024-05-28,-0.6957265740140895,0.15408577106988006,0.2524334054247449,2024-05-24
2024-05-29,-0.8190847478823662,0.17736585631626423,0.23640920936386697,2024-05-27
2024-05-30,-0.9280989571382788,-0.14301419726575051,0.20884558220184132,2024-05-28
2024-05-31,-0.9771554164717282,-0.23331516406486466,0.05556560584009398,2024-05-29
2024-06-03,-0.7512238555401662,-0.23736905041166317,0.07755715553762225,2024-05-30
2024-06-04,-0.7603546135948711,-0.19451622409120187,0.04119377950128297,2024-05-31
2024-06-05,-0.6629982980400344,-0.08958801385562366,0.10568916157745954,2024-06-03
2024-06-06,-0.5122368178951493,-0.05412423936296434,0.09738583321028262,2024-06-04
2024-06-07,-0.5207659647986289,-0.12318249396476197,0.00019835185742217613,2024-06-05
2024-06-10,-0.6619088625117813,-0.18878783583646958,-0.1220881516137056,2024-06-06
2024-06-11,-0.6592856641438746,-0.0456152298749439,0.6505406976333251,2024-06-07
2024-06-12,-0.32660675204445294,0.12776196046844138,0.5135956011126485,2024-06-10
2024-06-13,-0.03825487817870466,0.49485437081097716,0.1657977487323958,2024-06-11
2024-06-14,0.018090817053953576,0.5010960260703065,0.5263353385017134,2024-06-12
2024-06-17,0.31690090509348373,1.0207698004157888,0.42348098363052056,2024-06-13
2024-06-18,0.24727630635289805,0.9150916505533575,0.30442793151570935,2024-06-14
2024-06-20,0.4937468403327302,0.9003214418255678,0.4004459276481517,2024-06-17
2024-06-21,0.2744943830172436,0.8862897435341676,0.3570183718898275,2024-06-18
2024-06-24,0.27432233559535363,1.0013956806196171,0.4273102992271663,2024-06-19
2024-06-25,0.4458560648425115,0.9089182415529258,0.7573218455133235,2024-06-20
2024-06-26,0.7893152652225958,0.9515393923695042,0.8899053029432552,2024-06-21
2024-06-27,0.6107824632033685,0.9777588133716671,0.9013600619392879,2024-06-24
2024-06-28,0.7028100906915077,0.9598552465029618,1.5314719163449508,2024-06-25
2024-07-01,0.6388278938617185,1.0829589130274517,1.9986208733927286,2024-06-26
2024-07-02,0.8883354712206526,1.1882313916382372,2.392488841981607,2024-06-27
2024-07-03,1.093134157640685,1.4594883136015233,2.2090171922818356,2024-06-28
2024-07-05,0.9804896321968092,1.4908903005569136,2.1994418516864647,2024-07-01
2024-07-08,1.0655070674373115,1.5207221881645345,2.446530546355782,2024-07-02
2024-07-09,1.1211717048488368,1.475670452556186,2.338654389635826,2024-07-03
2024-07-10,1.0309721318081577,1.3686532784971146,1.4284609762292013,2024-07-04
2024-07-11,0.7561525082598899,1.3312049883721373,2.0067132549518503,2024-07-05
2024-07-12,0.9608271203064721,1.5011267934930563,1.8867940343017793,2024-07-08
2024-07-15,0.9263384360201207,1.4570548276182815,1.7157028957738025,2024-07-09
2024-07-16,0.8390671464884191,1.5179353004070695,1.5806320182042588,2024-07-10
2024-07-17,0.8106664608929702,1.3017748419035542,1.4017800294876064,2024-07-11
2024-07-18,0.9183502600070612,1.2676704736082547,1.2219593664319643,2024-07-12
2024-07-19,0.7028417661511968,1.2352713237277202,1.45289742420888,2024-07-15
2024-07-22,0.7630129087621107,0.8962456102317404,0.5362841782081105,2024-07-16
2024-07-23,0.6343560415390662,0.6255456025954717,0.21903500406639764,2024-07-17
2024-07-24,0.3592291537383658,0.6252526962655762,0.3618772910296899,2024-07-18
2024-07-25,0.28327987848960573,0.21397907377287986,0.4711753037662701,2024-07-19
2024-07-26,0.3707183892674071,0.1315156535142901,0.6958341417687233,2024-07-22
2024-07-29,0.36573514153300896,0.15592424463845375,0.5187871315917357,2024-07-23
2024-07-30,0.28469120094179584,,0.4858494899130935,2024-07-24
2024-07-31,0.3793966316780968,0.17911240620640922,0.03425060623724615,2024-07-25
2024-08-01,0.517060450404792,0.3295772101582468,-1.0158196902264758,2024-07-26
2024-08-02,0.6608484398843912,,-0.32820699584363,2024-07-29
2024-08-05,0.41242912388853936,0.25845868980869263,-0.3110398104923038,2024-07-30
2024-08-06,0.3173105064497751,0.27652012911813617,-0.4872858225891733,2024-07-31
2024-08-07,-0.06655162336141564,0.29367849646210753,-0.41052781147033446,2024-08-01
2024-08-08,0.23649058669888295,0.5668510463634401,-0.31406950273640494,2024-08-02
2024-08-09,0.3097592183837249,0.5694928678451462,-0.31935555642663116,2024-08-05
2024-08-12,0.21977409622020141,,0.037965606905993834,2024-08-06
2024-08-13,0.06971835265109388,0.572002598252767,-0.050727524563673784,2024-08-07
2024-08-14,0.07978510674751138,0.7456349094230467,0.1788987536250905,2024-08-08
2024-08-15,0.08934852313910803,0.7393375377517725,0.382898077041576,2024-08-09
2024-08-16,-0.04464720987050296,,0.6370190467826331,2024-08-12
2024-08-19,-0.08336921710767332,0.7333550346640618,0.5305271591624175,2024-08-13
2024-08-20,0.0016841406915662162,0.727671656730737,0.5432267912596156,2024-08-14
2024-08-21,-0.19296518164186216,0.5510243804110383,0.1984429273187902,2024-08-15
2024-08-22,-0.6467008461028896,0.3832094679073247,0.3404511591435655,2024-08-16
2024-08-23,-0.529272642777959,0.4806574019533565,0.13246572400302772,2024-08-19
2024-08-26,-0.6164394309826469,0.14511277108948709,0.00011796099807104954,2024-08-20
2024-08-27,-1.0299239191657512,0.16884150633489084,0.003009369157434041,2024-08-21
2024-08-28,-0.9648750514784914,0.3198198552803043,-0.039497008980047266,2024-08-22
2024-08-29,-1.0938532652844315,0.3348132363161673,0.20384067858910074,2024-08-23
2024-08-30,-0.8560304741944937,0.2848389230690971,0.028875015549859655,2024-08-26
2024-09-03,-0.7996762787557967,0.3015813507155204,0.49268150186995785,2024-08-27
2024-09-04,-0.6745993037982208,0.4031106906211424,0.7776429139283234,2024-08-28
2024-09-05,-0.5670720443186521,0.41393952988996346,0.203249405484339,2024-08-29
2024-09-06,-0.6099544984221192,0.4242269271953434,0.3290405525967885,2024-08-30
2024-09-09,-0.23886186501403464,0.4339999546354544,0.46720332516461255,2024-09-02
2024-09-10,0.03191557753414413,,0.4475637877730605,2024-09-03
2024-09-11,0.04387247038640912,0.18641222977899996,0.5381013554395276,2024-09-04
2024-09-12,-0.07195157347649718,0.20807599208992814,0.5545018663601278,2024-09-05
2024-09-13,-0.054801323073700094,0.3020485951208984,0.5317450276995691,2024-09-06
2024-09-16,-0.14256747870495404,0.3179305391647316,0.526342647381733,2024-09-09
2024-09-17,-0.24906952511329214,0.24739435236485322,0.6290920790593386,2024-09-10
2024-09-18,-0.14130281793915372,0.2660090085464887,0.841719923778237,2024-09-11
2024-09-19,-0.0533527800983402,,0.8339111997483577,2024-09-12
2024-09-20,0.09005062270810706,0.2836929319190423,1.1512938789252252,2024-09-13
2024-09-23,0.41705849348306906,0.4717407264060082,1.0476943099677551,2024-09-16
2024-09-24,0.52422302340319,0.7360101648101457,1.237713654461432,2024-09-17
2024-09-25,0.675085662341006,0.7301940303695166,1.0819819349991788,2024-09-18
2024-09-26,0.7820671430254857,0.21092450080179925,1.0768684530384205,2024-09-19
2024-09-27,0.9711379254756254,0.29558067479272737,1.1294576337273312,2024-09-20
2024-09-30,1.1650632666614207,0.31178601485296914,0.6357890191075165,2024-09-23
2024-10-01,1.0567712290210427,0.12168340717055097,0.5098082667929896,2024-09-24
2024-10-02,0.9501531140840792,0.14658361061190156,0.5529748159198086,2024-09-25
2024-10-03,1.0306629129741496,0.1702388038811846,0.5964464919417984,2024-09-26
2024-10-04,1.130040178492777,0.19271123748700353,0.4006906691093108,2024-09-27
2024-10-07,1.1824781603515286,0.2996840830540514,0.38876421556650026,2024-09-30
2024-10-08,1.0224421411976221,0.31568425270122696,0.30671320139369607,2024-10-01
2024-10-09,1.0421050972993644,0.5021324811490836,-0.3895786927066473,2024-10-02
2024-10-10,0.9595275976767136,0.33676216360846767,-0.37009975807131495,2024-10-03
2024-10-11,0.7394853227132518,0.3509084292279225,-0.35573547120133214,2024-10-04
2024-10-14,0.7160637283065614,0.36434738156640445,-0.2899635847356403,2024-10-07
2024-10-15,0.6938132136202055,0.37711438628796234,-0.26894738235118704,2024-10-08
2024-10-16,0.6726752246681674,0.9029872426225619,-0.28566212346037584,2024-10-09
2024-10-17,0.5254110430911731,0.888822254291312,-0.33366552019077095,2024-10-10
2024-10-18,0.5647226094225423,0.801973486541036,-0.3721499210735542,2024-10-11
2024-10-21,0.41537470025062,0.9212952364761422,-0.3598332767298585,2024-10-14
2024-10-22,0.16718014672431963,1.126390934958979,0.6218451426064274,2024-10-15
2024-10-23,0.44609394405584213,1.2723038292939477,0.9424480747272214,2024-10-16
2024-10-24,0.6519633864544638,1.2396730116291286,1.3103702891677407,2024-10-17
2024-10-25,0.9971240161594017,1.2820657636831385,1.0904180559371826,2024-10-18
2024-10-28,1.2469824442436594,1.2489468492988598,0.8501181737390977,2024-10-21
2024-10-29,1.1981859937604487,1.2174838806337949,0.8061400329184032,2024-10-22
2024-10-30,1.1518293658013983,1.1875940604019832,0.5906676783089873,2024-10-23
2024-10-31,0.9647095906586728,1.159198731181762,0.3357279103847765,2024-10-24
2024-11-01,0.9300267828547113,1.217847202064072,0.40527782932552586,2024-10-25
2024-11-04,0.7698950233683899,1.1879392157607467,1.5313135893394025,2024-10-28
2024-11-05,1.2028120753901514,1.3063106864437641,1.5673392987388506,2024-10-29
2024-11-06,1.3055260340434884,1.2719795259214541,1.758451786171997,2024-10-30
2024-11-07,1.5081685882154026,1.459541009932025,2.867912947516455,2024-10-31
2024-11-08,1.6915945081021093,1.383298719778694,2.6464387849995563,2024-11-01
2024-11-11,2.00211673064365,1.601990258514197,2.361434872798005,2024-11-04
2024-11-12,1.9155635658404393,1.4244390689260855,2.0588278888287697,2024-11-05
2024-11-13,1.757028204033855,1.384201489279659,1.5590836592503745,2024-11-06
2024-11-14,1.4919548274522973,1.2432269482457305,2.218704495524098,2024-11-07
2024-11-15,1.7430864383503881,1.3588340323044992,1.9969844065199016,2024-11-08
2024-11-18,1.933634287081769,1.493124771772192,2.106149902517131,2024-11-11
2024-11-19,1.7869136984203735,,1.9746447125549258,2024-11-12
2024-11-20,1.5839375931557693,1.4494529069834605,1.8158248684311922,2024-11-13
2024-11-21,1.726411172254775,,2.149223928392768,2024-11-14
2024-11-22,1.6536432853710086,1.2538413748794297,1.6381124970657424,2024-11-15
2024-11-25,1.3825171171867792,1.735877881784456,1.5740250506081854,2024-11-18
2024-11-26,1.5177185711652492,,1.368220037451229,2024-11-19
2024-11-27,1.5126177057686103,1.6800683614951113,1.668175226015218,2024-11-20
2024-11-29,1.4007721953111942,1.569966628125887,1.572264914939598,2024-11-21
2024-12-02,1.5986524414197227,1.3940166200571908,1.5195590891760373,2024-11-22
2024-12-03,1.4368851720232905,1.3553001628542094,1.5913952963946807,2024-11-25
2024-12-04,1.4826524786650093,1.5753916294359367,1.8822215056376723,2024-11-26
2024-12-05,1.8308753224082386,1.2707343208394584,2.1944088292576174,2024-11-27
2024-12-06,1.8849589774767632,1.2381819785973636,1.9905160583563335,2024-11-28
2024-12-09,2.244512865198444,1.3356933039296535,2.220187052856646,2024-11-29
2024-12-10,2.4151687945270286,1.3855170461745687,2.389846259081393,2024-12-02
2024-12-11,2.765822157990858,1.4328496013072383,2.183826485529145,2024-12-03
2024-12-12,2.6410837218202876,,2.4560183412214474,2024-12-04
2024-12-13,2.7372036753306865,1.4388955133916743,2.9326096504179326,2024-12-05
2024-12-16,2.9801834684620916,1.3123110778804488,2.635960192832996,2024-12-06
2024-12-17,2.6639930990859026,1.2776798977863044,2.266133167261628,2024-12-09
2024-12-18,2.54434611586058,1.130614898508174,1.7096045730752414,2024-12-10
2024-12-19,2.2225636947687004,1.1050685273826435,1.72211758338536,2024-12-11
2024-12-20,1.8706219976141214,1.0807994748133893,1.7223597653922007,2024-12-12
2024-12-23,1.878693402435697,1.057743874872598,2.1460677133577475,2024-12-13
2024-12-24,1.852818443502552,1.0358410549288464,1.7833947772981695,2024-12-16
2024-12-26,1.6102090746773936,1.5287775778314014,1.185315945978184,2024-12-17
2024-12-27,1.3939494019786234,1.4833230727397095,1.2055510168350858,2024-12-18
2024-12-30,1.242417284554246,1.525765326544122,0.5414852250115669,2024-12-19
2024-12-31,1.2574406380917849,1.3703733907634112,0.3465825907635623,2024-12-20
2025-01-02,0.921959320752912,1.3328390950251185,1.1598819982613582,2024-12-23
2025-01-03,0.6537512381921459,1.1687454636114611,0.7901503543921191,2024-12-24
2025-01-06,0.5773839565788595,1.141292564230766,0.5095939185532783,2024-12-25
2025-01-07,0.2759054733156332,1.115212309819106,0.4541547721184303,2024-12-26
2025-01-08,0.2756628713788237,1.1760601017695487,0.2725200873639217,2024-12-27
2025-01-10,0.19367184034935314,1.1910534873017091,0.8758820391301712,2024-12-30
2025-01-13,0.44282259762936255,1.162485186736502,0.7506998816510557,2024-12-31
2025-01-14,0.4342341394768665,0.964097233916515,0.9649764974077254,2025-01-01
2025-01-15,0.578694814719065,0.8612527123790475,0.8810380366545179,2025-01-02
2025-01-16,0.8274622446320122,0.9225664793955617,1.037720858534625,2025-01-03
2025-01-17,0.7302692084534431,0.8788811846784884,0.707934512331045,2025-01-06
2025-01-21,0.6032495262458321,0.8316718857878341,0.6588712819318882,2025-01-07
2025-01-22,0.7627393876091314,0.6926366148360407,0.5965376705992823,2025-01-08
2025-01-23,0.08407061644163426,0.7160283264124914,0.20660901448226057,2025-01-09
2025-01-24,-0.033763334724033325,0.7112112838917449,0.23687079394554625,2025-01-10
2025-01-27,0.18347417938579158,0.6038862531272119,0.19249648623663582,2025-01-13
2025-01-28,0.1380858452475167,0.5019274739009056,0.48209483419678306,2025-01-14
2025-01-29,0.08448960215342767,0.3977274307523556,0.2869622704946536,2025-01-15
2025-01-30,0.0938177937747285,0.366013416193856,-0.008280162349208019,2025-01-16
2025-01-31,-0.20949710472676902,0.2612698730470997,-0.08741544906009402,2025-01-17
2025-02-03,-0.338089288248528,0.24494113973801485,0.013822257631392951,2025-01-20
2025-02-04,-0.19316736924182715,0.1846408870357431,-0.27067401554781384,2025-01-21
2025-02-05,-0.16995632905076358,0.20639321648383407,-0.31496434299170517,2025-01-22
2025-02-06,-0.4531452618433925,0.0729346689047847,-0.5860412224722318,2025-01-23
2025-02-07,-0.6932296304902216,0.08421780295163858,-0.7787014054259525,2025-01-24
2025-02-10,-0.5245262321153674,0.025367252962414908,-1.088113379428539,2025-01-27
2025-02-11,-0.8214083748550453,0.05508326411417232,-0.6870313329996834,2025-01-28
2025-02-12,-0.7209993712371999,0.0099214458727533,-0.3088083160174025,2025-01-29
2025-02-13,-0.6713967309463676,-0.02380827785214622,-0.411521306272489,2025-01-30
2025-02-14,-0.7080289418398105,-0.003309494747140752,-0.41255347604459364,2025-01-31
2025-02-18,-0.6590748230188477,0.027840353790094467,-0.23079760007826308,2025-02-03
2025-02-19,-0.8033430482477701,0.01791392514284329,-0.3888038666548816,2025-02-04
2025-02-20,-0.8376730570797188,-0.05474623768424461,-0.6981469386994916,2025-02-05
2025-02-21,-0.6677719496314583,-0.12377339236997817,-0.9130114718731759,2025-02-06
2025-02-24,-0.9478729171789194,-0.24883536006184936,-1.408740951023235,2025-02-07
2025-02-25,-1.1921660205651408,-0.3659542813367285,-1.6521513108921027,2025-02-10
2025-02-26,-1.1905455370987252,-0.44510824393229376,-1.873703180002181,2025-02-11
2025-02-27,-1.1937754437583517,-0.538652515606978,-1.2137133448714021,2025-02-12
2025-02-28,-1.213343283245761,-0.5865063811133344,-1.896759268574476,2025-02-13
2025-03-03,-1.4084523482140352,-0.5832793773521361,-1.7461340695329353,2025-02-14
2025-03-04,-1.4125268920476706,-0.6658377574205174,-1.6827608213520378,2025-02-17
2025-03-05,-1.4555309677888728,-0.8013509075798266,-1.954285812627172,2025-02-18
2025-03-06,-1.17842710956162,-0.8883741274314554,-2.055148496487164,2025-02-19
2025-03-07,-1.1059530823545667,,-2.7713304043257256,2025-02-20
