date,sentiment,count,rolling_sum,rolling_count,score,SMA1,SMA1_scaled,EMA0.2,EMA0.2_scaled,EMA0.1,EMA0.1_scaled,EMA0.05,EMA0.05_scaled,EMA0.02,EMA0.02_scaled
2023-09-05,0,1,0.0,1.0,0.0,0.0,-0.24818980015163392,,,,,,,,
2023-09-08,0,1,0.0,1.0,0.0,0.0,-0.24818980015163392,,,,,,,,
2023-09-11,0,1,0.0,1.0,0.0,0.0,-0.24818980015163392,,,,,,,,
2023-09-21,0,1,0.0,1.0,0.0,0.0,-0.24818980015163392,,,,,,,,
2023-09-25,1,1,1.0,1.0,1.0,1.0,4.2128773954951955,,,,,,,,
2023-09-27,1,1,1.0,1.0,1.0,1.0,4.2128773954951955,,,,,,,,
2023-10-04,0,1,0.0,1.0,0.0,0.0,-0.24818980015163392,,,,,,,,
2023-10-05,0,1,0.0,1.0,0.0,0.0,-0.24818980015163392,,,,,,,,
2023-10-06,0,1,0.0,1.0,0.0,0.0,-0.24818980015163392,,,,,,,,
2023-10-09,0,1,0.0,1.0,0.0,0.0,-0.24818980015163392,,,,,,,,
2023-10-11,0,1,0.0,1.0,0.0,0.0,-0.24818980015163392,,,,,,,,
2023-10-13,0,1,0.0,1.0,0.0,0.0,-0.24818980015163392,,,,,,,,
2023-10-26,1,1,1.0,1.0,1.0,1.0,4.2128773954951955,,,,,,,,
2023-11-01,1,1,1.0,1.0,1.0,1.0,4.2128773954951955,,,,,,,,
2023-11-06,1,1,1.0,1.0,1.0,1.0,4.2128773954951955,,,,,,,,
2023-11-13,1,2,1.0,2.0,0.5,0.5,1.9823437976717808,,,,,,,,
2023-11-20,-2,2,-2.0,2.0,-1.0,-1.0,-4.709256995798463,,,,,,,,
2023-11-22,0,1,0.0,1.0,0.0,0.0,-0.24818980015163392,,,,,,,,
2023-12-06,0,1,0.0,1.0,0.0,0.0,-0.24818980015163392,,,,,,,,
2023-12-07,0,1,0.0,1.0,0.0,0.0,-0.24818980015163392,0.11430080743997449,1.0893880692749995,0.1633936956644259,2.4499254663637884,0.13540272292470165,2.3648888268733717,0.07340183670062049,1.1513107667741873
2023-12-08,0,1,0.0,1.0,0.0,0.0,-0.24818980015163392,0.0914406459519796,0.7256301912140164,0.14705432609798333,2.0983097021231596,0.12863258677846656,2.1700797054523457,0.07193379996660808,1.0658640136778235
2023-12-13,0,1,0.0,1.0,0.0,0.0,-0.24818980015163392,0.07315251676158367,0.43462388876522984,0.132348893488185,1.781855514306593,0.12220095743954323,1.985011040102371,0.07049512396727592,0.982126195643387
2023-12-15,0,1,0.0,1.0,0.0,0.0,-0.24818980015163392,0.05852201340926694,0.20181884680620063,0.11911400413936649,1.4970467452716831,0.11609090956756607,1.809195808019895,0.06908522148793039,0.9000631339696387
2024-01-08,0,1,0.0,1.0,0.0,0.0,-0.24818980015163392,0.046817610727413556,0.015574813238977353,0.10720260372542983,1.2407188531402644,0.11028636408918777,1.642171337541543,0.06770351705817178,0.8196413335293653
2024-01-09,1,2,1.0,2.0,0.5,0.5,1.9823437976717808,0.13745408858193087,1.4578101568779402,0.14648234335288685,2.0860008949056152,0.12977204588472838,2.2028673810014547,0.07634944671700833,1.3228757552103225
2024-01-30,-1,1,-1.0,1.0,-1.0,-1.0,-4.709256995798463,-0.09003672913445532,-2.1620932796891137,0.03183410901759817,-0.3811767015564519,0.07328344359049194,0.5774207510453316,0.05482245778266816,0.06990213012038493
2024-01-31,0,2,0.0,2.0,0.0,0.0,-0.24818980015163392,-0.07202938330756425,-1.8755548879572743,0.028650698115838355,-0.4496822490050571,0.06961927141096734,0.47198503341570774,0.05372600862701479,0.00608354975709704
2024-02-02,2,6,2.0,6.0,0.3333333333333333,0.3333333333333333,1.2388325983973092,0.009043160020615261,-0.5855037942433086,0.059118961637587855,0.20598085474695,0.08280497450708563,0.8514006286104622,0.059318155121141164,0.33157319840935856
2024-02-05,4,8,4.0,8.0,0.5,0.5,1.9823437976717808,0.10723452801649222,0.9769472708921114,0.10320706547382907,1.1547366963516323,0.10366472578173135,1.4516352075169279,0.06813179201871834,0.8445689827927169
2024-02-06,1,2,1.0,2.0,0.5,0.5,1.9823437976717808,0.1857876224131938,2.2269081230004475,0.1428863589264462,2.0086169537958467,0.12348148949264479,2.0218580574780707,0.07676915617834397,1.3473048514884074
2024-02-07,0,4,0.0,4.0,0.0,0.0,-0.24818980015163392,0.14863009793055504,1.635646234194375,0.12859772303380157,1.7011320408120119,0.11730741501801255,1.8442004745268097,0.07523377305477709,1.257938216697759
2024-02-08,0,2,0.0,2.0,0.0,0.0,-0.24818980015163392,0.11890407834444404,1.1626367231495167,0.11573795073042141,1.4243956191265599,0.11144204426711192,1.675425770723112,0.07372909759368154,1.1703589146029234
2024-02-09,1,5,1.0,5.0,0.2,0.2,0.6440236389777321,0.13512326267555524,1.420721342510727,0.12416415565737927,1.6057236974831046,0.11586994205375631,1.8028375182753371,0.07625451564180791,1.3173503129949549
2024-02-12,0,1,0.0,1.0,0.0,0.0,-0.24818980015163392,0.1080986101404442,0.9906968098025983,0.11174774009164135,1.338528110130544,0.11007644495106848,1.6361309622842126,0.07472942532897175,1.228582768974176
2024-02-13,1,3,1.0,3.0,0.3333333333333333,0.3333333333333333,1.2388325983973092,0.15314555477902203,1.7074975639645897,0.13390629941581056,1.8153701779689912,0.12123928937018172,1.957339261035542,0.07990150348905899,1.5296224332420958
2024-02-14,0,2,0.0,2.0,0.0,0.0,-0.24818980015163392,0.12251644382321764,1.2201177869656887,0.12051566947422951,1.527209942567842,0.11517732490167262,1.7829076179064072,0.0783034734192778,1.4366094468163737
2024-02-15,0,1,0.0,1.0,0.0,0.0,-0.24818980015163392,0.09801315505857411,0.8302139653665678,0.10846410252680656,1.2678657307068073,0.10941845865658899,1.6171975569337294,0.07673740395089225,1.3454567201191663
2024-02-16,-1,6,-1.0,6.0,-0.16666666666666666,-0.16666666666666666,-0.9917009994261055,0.04507719071352596,-0.012119282076976134,0.08095102560745925,0.6757968918040005,0.0956142023904262,1.2199832355382367,0.07186932253854107,1.062111119251761
2024-02-20,0,2,0.0,2.0,0.0,0.0,-0.24818980015163392,0.03606175257082077,-0.15557568986756412,0.07285592304671332,0.5015939850193499,0.09083349227090488,1.0824193936839674,0.07043193608777025,0.9784483591058456
2024-02-21,0,1,0.0,1.0,0.0,0.0,-0.24818980015163392,0.028849402056656617,-0.2703408161000345,0.065570330742042,0.3448113689131647,0.08629181765735963,0.9517337439224115,0.06902329736601484,0.8964588541628483
2024-02-22,0,3,0.0,3.0,0.0,0.0,-0.24818980015163392,0.023079521645325295,-0.36215291708601083,0.0590132976678378,0.20370701441759795,0.08197722677449165,0.8275823766489336,0.06764283141869454,0.8161091393187109
2024-02-23,1,5,1.0,5.0,0.2,0.2,0.6440236389777321,0.05846361731626025,0.20088963032230486,0.07311196790105402,0.5071039532450389,0.08787836543576708,0.9973862939048683,0.07028997479032065,0.9701855332164268
2024-02-26,0,2,0.0,2.0,0.0,0.0,-0.24818980015163392,0.0467708938530082,0.014831440051860632,0.06580077111094862,0.34977034031628457,0.08348444716397872,0.8709522991322676,0.06888417529451424,0.8883612847912183
2024-02-27,0,3,0.0,3.0,0.0,0.0,-0.24818980015163392,0.037416715082406564,-0.1340151121644947,0.05922069399985376,0.2081700886804058,0.07931022480577979,0.750840004098297,0.06750649178862395,0.8081735213345134
2024-02-28,0,1,0.0,1.0,0.0,0.0,-0.24818980015163392,0.02993337206592525,-0.253092353937579,0.05329862459986839,0.08072986220811487,0.0753447135654908,0.6367333238160249,0.06615636195285146,0.7295895131469426
2024-02-29,1,2,1.0,2.0,0.5,0.5,1.9823437976717808,0.1239466976527402,1.2428764231366949,0.09796876213988155,1.0420108030666806,0.09657747788721627,1.2477012679622126,0.07483323471379442,1.2346249712355486
2024-03-01,0,4,0.0,4.0,0.0,0.0,-0.24818980015163392,0.09915735812219217,0.8484208743033729,0.0881718859258934,0.8311865051557622,0.09174860399285545,1.1087515244867445,0.07333657001951853,1.147511934049957
2024-03-04,0,2,0.0,2.0,0.0,0.0,-0.24818980015163392,0.07932588649775374,0.5328564352367151,0.07935469733330405,0.6414446370359355,0.08716117379321267,0.9767492681850498,0.07186983861912816,1.062141157608078
2024-03-05,4,10,4.0,10.0,0.4,0.4,1.536237078107098,0.14346070919820303,1.5533893403775825,0.11141922759997366,1.331458671474994,0.10280311510355204,1.4268425570299172,0.07843244184674558,1.4441160255849759
2024-03-06,1,2,1.0,2.0,0.5,0.5,1.9823437976717808,0.21476856735856242,2.688061778588824,0.1502773048399763,2.167666731406872,0.12266295934837444,1.9983050395154103,0.08686379300981066,1.934860953424821
2024-03-07,2,3,2.0,3.0,0.6666666666666666,0.6666666666666666,2.725854996946252,0.3051481872201833,4.126209919322065,0.20191624102264533,3.2789130335734376,0.14986314471428905,2.7809841613480772,0.09845985048294778,2.6098069114120115
2024-03-08,-1,7,-1.0,7.0,-0.14285714285714285,-0.14285714285714285,-0.8854851138154667,0.21554712120471806,2.7004503653965997,0.16743890263466651,2.536976471273664,0.13522713033571745,2.3598361902277887,0.09363351061614596,2.3288908679621976
2024-03-11,1,2,1.0,2.0,0.5,0.5,1.9823437976717808,0.27243769696377446,3.605710598604038,0.20069501237119985,3.2526327512256747,0.15346577381893156,2.8846489910533872,0.10176084040382304,2.801940298954499
2024-03-12,0,1,0.0,1.0,0.0,0.0,-0.24818980015163392,0.21795015757101957,2.7386882146772473,0.18062551113407987,2.820746258498857,0.14579248512798498,2.663851861423361,0.09972562359574658,2.6834809552145287
2024-03-13,1,3,1.0,3.0,0.3333333333333333,0.3333333333333333,1.2388325983973092,0.24102679272348232,3.1058906878643087,0.1958962933540052,3.1493665115004728,0.1551695275382524,2.9336741152177326,0.10439777779049832,2.955422655757642
2024-03-14,0,1,0.0,1.0,0.0,0.0,-0.24818980015163392,0.19282143417878586,2.338832286085464,0.1763066640186047,2.727806642746175,0.14741105116133976,2.7104257293794882,0.10230982223468835,2.8338936648816087
2024-03-15,0,5,0.0,5.0,0.0,0.0,-0.24818980015163392,0.1542571473430287,1.725185564662388,0.15867599761674422,2.348402760867307,0.14004049860327278,2.4983397628331567,0.10026362578999458,2.7147952538230964
2024-03-18,0,1,0.0,1.0,0.0,0.0,-0.24818980015163392,0.12340571787442296,1.2342681875239272,0.1428083978550698,2.006939267176326,0.13303847367310914,2.2968580946141417,0.09825835327419469,2.5980788109857547
2024-03-19,0,1,0.0,1.0,0.0,0.0,-0.24818980015163392,0.09872457429953838,0.8415342858131586,0.12852755806956281,1.699622122854443,0.12638654998945367,2.1054505098060767,0.09629318620871079,2.483696697005159
2024-03-20,0,1,0.0,1.0,0.0,0.0,-0.24818980015163392,0.0789796594396307,0.5273471644445437,0.11567480226260654,1.4230366929647484,0.12006722248998099,1.9236133042384156,0.09436732248453657,2.3716022253041755
2024-03-21,0,1,0.0,1.0,0.0,0.0,-0.24818980015163392,0.06318372755170457,0.27599746734965175,0.10410732203634589,1.1741098060640232,0.11406386136548194,1.7508679589491376,0.09247997603484584,2.261749643037212
2024-03-22,0,5,0.0,5.0,0.0,0.0,-0.24818980015163392,0.05054698204136365,0.07491770967373813,0.0936965898327113,0.9500756078533704,0.10836066829720783,1.5867598809243233,0.09063037651414892,2.1540941124155872
2024-03-25,1,2,1.0,2.0,0.5,0.5,1.9823437976717808,0.14043758563309094,1.505284474025749,0.13432693084944017,1.8244219741474106,0.12794263488234744,2.1502264972150957,0.09881776898386593,2.6306394785188205
2024-03-26,0,2,0.0,2.0,0.0,0.0,-0.24818980015163392,0.11235006850647276,1.058347315014616,0.12089423776449615,1.5353565591284193,0.12154550313823007,1.9661504922769837,0.09684141360418862,2.5156061511875643
2024-03-27,-3,4,-3.0,4.0,-0.75,-0.75,-3.593990196886756,-0.060119945194821806,-1.6860482679334028,0.03380481398804652,-0.33876803141411493,0.07796822798131856,0.7122243519642576,0.07990458533210484,1.5298018112342946
2024-03-28,0,8,0.0,8.0,0.0,0.0,-0.24818980015163392,-0.04809595615585745,-1.4947188785527055,0.030424332589241872,-0.4115144458769538,0.07406981658225262,0.6000484542886871,0.07830649362546274,1.4367852372487282
2024-04-01,0,2,0.0,2.0,0.0,0.0,-0.24818980015163392,-0.03847676492468596,-1.3416553670481477,0.027381899330317684,-0.47698621889350884,0.07036632575313999,0.4934813514968955,0.07674036375295348,1.3456289947428735
2024-04-02,-1,3,-1.0,3.0,-0.3333333333333333,-0.3333333333333333,-1.7352121987005769,-0.09744807860641544,-2.280024938172996,-0.008689623936047417,-1.2532289110641601,0.050181342798816315,-0.08733692309820425,0.06853888981122774,0.868264019678852
2024-04-03,0,5,0.0,5.0,0.0,0.0,-0.24818980015163392,-0.07795846288513236,-1.96990021474438,-0.007820661542442675,-1.2345292375619945,0.047672275658875496,-0.15953475702065145,0.06716811201500318,0.7884782015243944
2024-04-04,1,4,1.0,4.0,0.25,0.25,0.8670769987600735,-0.012366770308105887,-0.9261851507551165,0.017961404611801592,-0.6797109590682316,0.05778866187593172,0.13156194596019688,0.07082474977470313,1.0013119927892398
2024-04-05,0,3,0.0,3.0,0.0,0.0,-0.24818980015163392,-0.00989341624648471,-0.8868283848100764,0.016165264150621434,-0.7183630807656587,0.054899228782135136,0.04841916858482974,0.06940825477920906,0.9188652151725746
2024-04-08,0,2,0.0,2.0,0.0,0.0,-0.24818980015163392,-0.007914732997187769,-0.8553429720540444,0.014548737735559291,-0.7531499902933433,0.052154267343028374,-0.03056646992176922,0.06802008968362488,0.8380673731082432
2024-04-09,0,1,0.0,1.0,0.0,0.0,-0.24818980015163392,-0.006331786397750215,-0.8301546418492187,0.013093863962003363,-0.7844582088682593,0.049546553975876956,-0.10560282650303805,0.06665968788995238,0.7588854878851982
2024-04-10,0,1,0.0,1.0,0.0,0.0,-0.24818980015163392,-0.0050654291182001725,-0.8100039776853584,0.011784477565803027,-0.8126356055856838,0.047069226277083105,-0.17688736525524357,0.06532649413215334,0.6812872403666144
2024-04-11,0,2,0.0,2.0,0.0,0.0,-0.24818980015163392,-0.004052343294560138,-0.7938834463542699,0.010606029809222725,-0.8379952626313658,0.044715764963228946,-0.2446076770698388,0.06401996424951027,0.6052409577984018
2024-04-12,0,8,0.0,8.0,0.0,0.0,-0.24818980015163392,-0.003241874635648111,-0.7809870212893991,0.009545426828300452,-0.8608189539724797,0.042479976715067494,-0.3089419732937043,0.06273956496452006,0.5307156008815531
2024-04-15,0,1,0.0,1.0,0.0,0.0,-0.24818980015163392,-0.002593499708518489,-0.7706698812375026,0.008590884145470407,-0.8813602761794821,0.040355977879314116,-0.3700595547063765,0.061484773665229656,0.45768075110304185
2024-04-16,0,1,0.0,1.0,0.0,0.0,-0.24818980015163392,-0.0020747997668147914,-0.7624161691959853,0.007731795730923366,-0.8998474661657843,0.03833817898534841,-0.4281212570484151,0.06025507819192506,0.3861065983201009
2024-04-17,0,2,0.0,2.0,0.0,0.0,-0.24818980015163392,-0.0016598398134518332,-0.7558131995627715,0.006958616157831029,-0.9164859371534563,0.036421270036080984,-0.48327987427335173,0.05904997662808656,0.31596392859281863
2024-04-18,0,1,0.0,1.0,0.0,0.0,-0.24818980015163392,-0.0013278718507614667,-0.7505308238562005,0.006262754542047926,-0.9314605610423611,0.03460020653427694,-0.5356805606370414,0.057868977095524826,0.24722411226008206
2024-04-19,-1,5,-1.0,5.0,-0.2,-0.2,-1.1404032392809997,-0.04106229748060918,-1.3827971514880404,-0.01436352091215687,-1.3753285804158266,0.022870196207563087,-0.8732089288482853,0.052711597553614334,-0.05296002219096958
2024-04-22,0,2,0.0,2.0,0.0,0.0,-0.24818980015163392,-0.032849837984487346,-1.2521179853964155,-0.012927168820941184,-1.3444189399784943,0.021726686397184933,-0.9061131624832283,0.05165736560254205,-0.11432135950803027
2024-04-23,0,1,0.0,1.0,0.0,0.0,-0.24818980015163392,-0.026279870387589877,-1.1475746525231156,-0.011634451938847067,-1.3166002635848952,0.020640352077325685,-0.9373721844364241,0.050624218290491206,-0.1744554700787498
2024-04-24,-1,4,-1.0,4.0,-0.25,-0.25,-1.3634565990633412,-0.0710238963100719,-1.8595552714708465,-0.03547100674496236,-1.82955202717247,0.007108334473459396,-1.3267529004991336,0.04461173392468138,-0.5244107914942677
2024-04-25,0,1,0.0,1.0,0.0,0.0,-0.24818980015163392,-0.056819117048057526,-1.6335244813826606,-0.03192390607046613,-1.7532200420594735,0.006752917749786425,-1.3369799355515344,0.04371949924618775,-0.5763431134252625
2024-04-26,0,5,0.0,5.0,0.0,0.0,-0.24818980015163392,-0.045455293638446026,-1.4526998493121117,-0.028731515463419517,-1.6845212554577764,0.006415271862297104,-1.3466956188513148,0.042845109261263996,-0.6272367889176375
2024-04-29,0,1,0.0,1.0,0.0,0.0,-0.24818980015163392,-0.03636423491075682,-1.3080401436556728,-0.025858363917077565,-1.6226923475162494,0.006094508269182248,-1.3559255179861065,0.04198820707603872,-0.6771125909001647
2024-04-30,0,2,0.0,2.0,0.0,0.0,-0.24818980015163392,-0.029091387928605456,-1.1923123791305212,-0.023272527525369808,-1.5670463303688746,0.005789782855723135,-1.3646939221641583,0.04114844293451794,-0.7259908768430415
2024-05-01,0,1,0.0,1.0,0.0,0.0,-0.24818980015163392,-0.023273110342884366,-1.0997301675104005,-0.02094527477283283,-1.5169649149362376,0.005500293712936978,-1.3730239061333078,0.04032547407582758,-0.773891597067061
2024-05-02,1,4,1.0,4.0,0.25,0.25,0.8670769987600735,0.03138151172569251,-0.23004911296793285,0.006149252704450454,-0.9339030687050504,0.017725279027290132,-1.0212527456968266,0.044518964594311025,-0.5298104098303875
2024-05-03,2,10,2.0,10.0,0.2,0.2,0.6440236389777321,0.06510520938055402,0.3065726736167672,0.02553432743400541,-0.5167451215653447,0.026839015075925628,-0.7590070723236041,0.04762858530242481,-0.34881562494968943
2024-05-06,-2,8,-2.0,8.0,-0.25,-0.25,-1.3634565990633412,0.0020841675044432142,-0.6962374105589402,-0.0020191053093951312,-1.1096823993548746,0.012997064322129341,-1.1573060439919545,0.041676013596376314,-0.6952837432677883
2024-05-07,0,2,0.0,2.0,0.0,0.0,-0.24818980015163392,0.0016673340035545715,-0.7028701926531353,-0.0018171947784556182,-1.1053373770236374,0.012347211106022873,-1.176005421869714,0.04084249332444879,-0.7437986061633127
2024-05-08,1,2,1.0,2.0,0.5,0.5,1.9823437976717808,0.10133386720284367,0.88305415216425,0.04836452469938995,-0.025449712241896374,0.036729850550721733,-0.47440054043923935,0.05002564345795981,-0.20929538568850128
2024-05-09,0,1,0.0,1.0,0.0,0.0,-0.24818980015163392,0.08106709376227494,0.5605630575254169,0.04352807222945095,-0.12952795862195715,0.03489335802318565,-0.5272451934946347,0.04902513058880061,-0.26753001573561147
2024-05-10,0,4,0.0,4.0,0.0,0.0,-0.24818980015163392,0.06485367500981996,0.3025701818143504,0.03917526500650586,-0.22319838036401177,0.03314869012202636,-0.5774476138972604,0.0480446279770246,-0.3245999531817794
2024-05-13,0,1,0.0,1.0,0.0,0.0,-0.24818980015163392,0.051882940007855975,0.09617588124549714,0.03525773850585527,-0.307501759931861,0.03149125561592504,-0.6251399132797547,0.047083735417484104,-0.3805284918790241
2024-05-14,0,1,0.0,1.0,0.0,0.0,-0.24818980015163392,0.04150635200628478,-0.06893955920958551,0.03173196465526974,-0.38337480154292536,0.02991669283512879,-0.6704475976931243,0.04614206070913442,-0.43533845980232366
2024-05-15,0,1,0.0,1.0,0.0,0.0,-0.24818980015163392,0.033205081605027824,-0.2010319115736517,0.02855876818974277,-0.4516605389928832,0.02842085819337235,-0.7134898978858254,0.04521921949495174,-0.48905222836715717
2024-05-16,0,2,0.0,2.0,0.0,0.0,-0.24818980015163392,0.026564065284022262,-0.30670579346490456,0.02570289137076849,-0.5131177026978453,0.02699981528370373,-0.7543800830688916,0.0443148351050527,-0.5416917215606943
2024-05-17,0,3,0.0,3.0,0.0,0.0,-0.24818980015163392,0.021251252227217812,-0.3912448989779068,0.02313260223369164,-0.5684291500323112,0.025649824519518544,-0.7932257589928042,0.04342853840295165,-0.5932784248903604
2024-05-20,0,2,0.0,2.0,0.0,0.0,-0.24818980015163392,0.01700100178177425,-0.4588761833883087,0.020819342010322477,-0.6182094526333305,0.024367333293542615,-0.8301291511205214,0.042559967634892615,-0.6438333941534333
2024-05-21,0,2,0.0,2.0,0.0,0.0,-0.24818980015163392,0.013600801425419402,-0.5129812109166302,0.01873740780929023,-0.6630117249742478,0.023148966628865484,-0.8651873736418527,0.04170876828219476,-0.6933772640312449
2024-05-22,0,1,0.0,1.0,0.0,0.0,-0.24818980015163392,0.010880641140335523,-0.5562652329392873,0.016863667028361208,-0.7033337700810733,0.02199151829742221,-0.8984926850371174,0.040874592916550864,-0.7419302565115001
2024-05-23,0,1,0.0,1.0,0.0,0.0,-0.24818980015163392,0.008704512912268418,-0.5908924505574131,0.015177300325525087,-0.7396236106772164,0.0208919423825511,-0.9301327308626188,0.04005710105821984,-0.7895121891421505
2024-05-24,0,5,0.0,5.0,0.0,0.0,-0.24818980015163392,0.006963610329814735,-0.6185942246519138,0.01365957029297258,-0.7722844672137452,0.019847345263423542,-0.9601907743968453,0.03925595903705545,-0.8361424831201875
2024-05-28,2,4,2.0,4.0,0.5,0.5,1.9823437976717808,0.10557088826385179,0.9504749265652271,0.06229361326367532,0.2742979065870066,0.04385497800025237,-0.269376625340014,0.04847083985631434,-0.2997923851062384
2024-05-29,2,5,2.0,5.0,0.4,0.4,1.536237078107098,0.16445671061108147,1.8874841334403922,0.0960642519373078,1.0010266140709578,0.06166222910023975,0.2430229581811064,0.05550142305918805,0.10942115372494643
2024-05-30,0,2,0.0,2.0,0.0,0.0,-0.24818980015163392,0.1315653684888652,1.3641070425463306,0.08645782674357702,0.7943007350596116,0.05857911764522776,0.15430713019469358,0.05439139459800429,0.044812192889567226
2024-05-31,0,4,0.0,4.0,0.0,0.0,-0.24818980015163392,0.10525229479109216,0.9454053698310815,0.07781204406921932,0.6082474439494001,0.05565016176296637,0.07002709360760145,0.0533035667060442,-0.0185045887291044
2024-06-03,0,2,0.0,2.0,0.0,0.0,-0.24818980015163392,0.08420183583287373,0.610444031658882,0.0700308396622974,0.44079948195020985,0.05286765367481805,-0.010038941150135929,0.05223749537192331,-0.08055503471540251
2024-06-04,2,4,2.0,4.0,0.5,0.5,1.9823437976717808,0.16736146866629897,1.9337055316138634,0.11302775569606766,1.3660734608345662,0.07522427099107715,0.6332676162443598,0.061192745464484846,0.44068331433045077
2024-06-05,0,2,0.0,2.0,0.0,0.0,-0.24818980015163392,0.13388917493303917,1.4010841610851075,0.10172498012646089,1.1228428971468591,0.07146305744152329,0.5250395553547843,0.05996889055519515,0.3694491102829617
2024-06-06,0,1,0.0,1.0,0.0,0.0,-0.24818980015163392,0.10711133994643135,0.9749870646621029,0.09155248211381481,0.903935389827923,0.06788990456944712,0.4222228975096876,0.05876951274409125,0.29963959031642246
2024-06-07,0,3,0.0,3.0,0.0,0.0,-0.24818980015163392,0.08568907195714509,0.6341093875236993,0.08239723390243334,0.7069186332408804,0.06449540934097475,0.3245470725568457,0.05759412248920942,0.23122626074921368
2024-06-10,0,1,0.0,1.0,0.0,0.0,-0.24818980015163392,0.06855125756571608,0.3614072458129762,0.07415751051219001,0.5296035523125421,0.06127063887392601,0.23175503885164597,0.05644224003942523,0.16418119777334925
2024-06-11,0,1,0.0,1.0,0.0,0.0,-0.24818980015163392,0.05484100605257286,0.1432455324443977,0.06674175946097101,0.3700199794770376,0.05820710693022971,0.14360260683170628,0.05531339523863672,0.09847703605700191
2024-06-12,0,1,0.0,1.0,0.0,0.0,-0.24818980015163392,0.04387280484205829,-0.03128383825046502,0.06006758351487391,0.2263947639250834,0.05529675158371822,0.05985779641276353,0.054207127333863986,0.03408695757498161
2024-06-13,0,1,0.0,1.0,0.0,0.0,-0.24818980015163392,0.035098243873646635,-0.17090733480635525,0.05406082516338652,0.09713206992832471,0.052531914004532304,-0.01969977348523205,0.0531229847871867,-0.029015319337398326
2024-06-14,1,4,1.0,4.0,0.25,0.25,0.8670769987600735,0.07807859509891732,0.5130091531953034,0.07365474264704787,0.5187842176730557,0.06240531830430569,0.26440518031884547,0.057060525091442965,0.200168342344682
2024-06-17,0,1,0.0,1.0,0.0,0.0,-0.24818980015163392,0.06246287607913386,0.2645270583502595,0.06628926838234309,0.3602825783014998,0.059285052389090404,0.1746202412255457,0.055919314589614105,0.13374443773690822
2024-06-18,0,4,0.0,4.0,0.0,0.0,-0.24818980015163392,0.04997030086330709,0.06574138247422438,0.05966034154410878,0.21763110286709944,0.05632079976963588,0.08932454908691102,0.05480092829782182,0.06864901122128984
2024-06-20,0,2,0.0,2.0,0.0,0.0,-0.24818980015163392,0.039976240690645676,-0.09328715822660365,0.0536943073896979,0.08924477497613915,0.053504759781154085,0.008293641555208108,0.05370490973186538,0.004855493235983807
2024-06-21,0,4,0.0,4.0,0.0,0.0,-0.24818980015163392,0.03198099255251654,-0.22050999078726619,0.04832487665072811,-0.026302920125725143,0.05082952179209638,-0.06868572059990972,0.052630811537228074,-0.05766215438961605
2024-06-24,0,1,0.0,1.0,0.0,0.0,-0.24818980015163392,0.025584794042013234,-0.32228825683579615,0.0434923889856553,-0.13029584571740305,0.04828804570249155,-0.1418161146472717,0.05157819530648351,-0.11892944906270385
2024-06-25,0,3,0.0,3.0,0.0,0.0,-0.24818980015163392,0.02046783523361059,-0.40371086967462017,0.039143150087089774,-0.22388947874991305,0.04587364341736697,-0.2112899889922655,0.05054663140035384,-0.1789713978423299
2024-06-26,0,2,0.0,2.0,0.0,0.0,-0.24818980015163392,0.01637426818688847,-0.4688489599456794,0.035228835078380795,-0.3081237484791722,0.04357996124649862,-0.2772901696200097,0.049535698772346766,-0.23781250764636336
2024-06-27,0,1,0.0,1.0,0.0,0.0,-0.24818980015163392,0.013099414549510777,-0.5209594321625268,0.03170595157054271,-0.3839345912355054,0.04140096318417369,-0.3399903412163665,0.04854498479689983,-0.29547679525431625
2024-06-28,0,4,0.0,4.0,0.0,0.0,-0.24818980015163392,0.010479531639608623,-0.5626478099360046,0.028535356413488443,-0.4521643497162052,0.039330915024965,-0.39955550423290553,0.04757408510096183,-0.35198779711011013
2024-07-01,0,1,0.0,1.0,0.0,0.0,-0.24818980015163392,0.008383625311686899,-0.5959985121547869,0.0256818207721396,-0.5135711323488351,0.03736436927371675,-0.45614240909861764,0.04662260339894259,-0.4073685789287882
2024-07-02,-1,3,-1.0,3.0,-0.3333333333333333,-0.3333333333333333,-1.7352121987005769,-0.059959766417317144,-1.683499454258307,-0.010219694638407693,-1.2861553331739537,0.018829484143364245,-0.9894794956639417,0.03902348466429707,-0.8496736025193762
2024-07-03,1,5,1.0,5.0,0.2,0.2,0.6440236389777321,-0.00796781313385371,-0.8561875994155322,0.01080227482543308,-0.8337721595873576,0.027888009936196032,-0.7288224847923633,0.04224301497101113,-0.6622815537848988
2024-07-05,0,6,0.0,6.0,0.0,0.0,-0.24818980015163392,-0.006374250507082968,-0.830830343738409,0.009722047342889773,-0.8570181612328721,0.02649360943938623,-0.7689460406301025,0.04139815467159091,-0.7114564604700808
2024-07-08,0,3,0.0,3.0,0.0,0.0,-0.24818980015163392,-0.005099400405666375,-0.8105445391967104,0.008749842608600795,-0.8779395627138354,0.025168928967416918,-0.8070634186759548,0.04057019157815909,-0.7596478690215593
2024-07-09,1,2,1.0,2.0,0.5,0.5,1.9823437976717808,0.09592047967546691,0.7969146749293898,0.05787485834774072,0.17920832063692543,0.048910482519046075,-0.12390563740516806,0.04975878774659591,-0.2248276632895828
2024-07-10,0,1,0.0,1.0,0.0,0.0,-0.24818980015163392,0.07673638374037353,0.4916514757375287,0.05208737251296665,0.054664270968982506,0.046464958393093767,-0.1942750356122671,0.04876361199166399,-0.28275164778467116
2024-07-11,0,1,0.0,1.0,0.0,0.0,-0.24818980015163392,0.061389106992298825,0.24744091638403973,0.046878635261669986,-0.05742537373216608,0.04414171047343907,-0.2611259639090112,0.047788339751830715,-0.3395171525898577
2024-07-12,0,4,0.0,4.0,0.0,0.0,-0.24818980015163392,0.049111285593839066,0.05207246890124862,0.04219077173550299,-0.15830605396319988,0.041934624949767116,-0.3246343457909181,0.0468325729567941,-0.3951473472989408
2024-07-15,0,2,0.0,2.0,0.0,0.0,-0.24818980015163392,0.03928902847507126,-0.10422228908498428,0.037971694561952686,-0.24909866617113033,0.039837893702278755,-0.38496730857872963,0.04589592149765821,-0.44966493811384234
2024-07-16,0,1,0.0,1.0,0.0,0.0,-0.24818980015163392,0.03143122278005701,-0.22925809547397066,0.03417452510575742,-0.33081201715826763,0.037845999017164816,-0.44228362322715054,0.044978003067705045,-0.5030921771124458
2024-07-17,0,2,0.0,2.0,0.0,0.0,-0.24818980015163392,0.025144978224045607,-0.3292867405851598,0.030757072595181678,-0.40435403304669126,0.03595369906630658,-0.49673412214315027,0.04407844300635094,-0.5554508713310771
2024-07-18,0,1,0.0,1.0,0.0,0.0,-0.24818980015163392,0.020115982579236486,-0.409309656674111,0.02768136533566351,-0.4705418473462725,0.03415601411299125,-0.5484620961133502,0.043196874146223925,-0.6067623916653355
2024-07-19,0,5,0.0,5.0,0.0,0.0,-0.24818980015163392,0.01609278606338919,-0.47332798954527205,0.02491322880209716,-0.5301108802158957,0.032448213407341685,-0.5976036713850399,0.042332936663299445,-0.657047681592909
2024-07-22,0,1,0.0,1.0,0.0,0.0,-0.24818980015163392,0.012874228850711354,-0.5245426558422009,0.022421905921887444,-0.5837230097985565,0.0308258027369746,-0.6442881678931452,0.041486277930033455,-0.706327265721931
2024-07-23,0,1,0.0,1.0,0.0,0.0,-0.24818980015163392,0.010299383080569083,-0.5655143888797439,0.0201797153296987,-0.6319739264229512,0.029284512600125868,-0.6886384395758454,0.040656552371432786,-0.7546212581683726
2024-07-24,0,1,0.0,1.0,0.0,0.0,-0.24818980015163392,0.008239506464455267,-0.5982917753097784,0.01816174379672883,-0.6753997513849065,0.027820286970119575,-0.7307711976744105,0.039843421324004126,-0.8019493707658855
2024-07-25,0,1,0.0,1.0,0.0,0.0,-0.24818980015163392,0.006591605171564214,-0.624513684453806,0.016345569417055946,-0.7144829938506664,0.026429272621613594,-0.7707973178680473,0.03904655289752404,-0.8483309211114481
2024-07-26,0,4,0.0,4.0,0.0,0.0,-0.24818980015163392,0.005273284137251371,-0.645491211769028,0.014711012475350352,-0.74965791206985,0.025107808990532915,-0.8088221320520023,0.038265621839573556,-0.8937848404500994
2024-07-29,0,2,0.0,2.0,0.0,0.0,-0.24818980015163392,0.004218627309801097,-0.6622732336212056,0.013239911227815317,-0.7813153384671154,0.023852418541006268,-0.8449457055267595,0.03750030940278208,-0.9383296814019777
2024-07-30,1,3,1.0,3.0,0.3333333333333333,0.3333333333333333,1.2388325983973092,0.07004156851450755,0.3851215292255465,0.04524925343836712,-0.09248892576890257,0.03932646428062263,-0.39968357338488114,0.043416969881393104,-0.5939517681265348
2024-07-31,0,2,0.0,2.0,0.0,0.0,-0.24818980015163392,0.05603325481160604,0.16221695917445395,0.04072432809453041,-0.18986325079626262,0.037360141066591496,-0.45626407479299447,0.04254863048376524,-0.6444932705248844
2024-08-01,0,1,0.0,1.0,0.0,0.0,-0.24818980015163392,0.04482660384928483,-0.016106696866420092,0.03665189528507737,-0.27750014332088674,0.03549213401326192,-0.5100155511307021,0.04169765787408993,-0.694023942875267
2024-08-02,0,10,0.0,10.0,0.0,0.0,-0.24818980015163392,0.03586128307942787,-0.15876562169911926,0.03298670575656963,-0.3563733465930485,0.033717527312598826,-0.5610794536515242,0.040863704716608135,-0.7425640017786417
2024-08-05,-1,4,-1.0,4.0,-0.25,-0.25,-1.3634565990633412,-0.02131097353645771,-1.0685080468116495,0.004688035180912667,-0.9653478018798078,0.019531650946968876,-0.9692748062534787,0.03504643062227597,-1.0811571525601618
2024-08-06,1,4,1.0,4.0,0.25,0.25,0.8670769987600735,0.032951221170833836,-0.20507141640893203,0.0292192316628214,-0.4374476669542637,0.031055068399620432,-0.637691100810989,0.039345502009830446,-0.8309306542136262
2024-08-07,2,5,2.0,5.0,0.4,0.4,1.536237078107098,0.10636097693666709,0.9630470590610645,0.06629730849653927,0.36045559788381454,0.04950231497963942,-0.1068757935163197,0.046558591969633835,-0.41109435000029365
2024-08-08,0,1,0.0,1.0,0.0,0.0,-0.24818980015163392,0.08508878154933368,0.6245573830428685,0.05966757764688534,0.21778682049118275,0.04702719923065744,-0.17809668391786113,0.04562742013024116,-0.46529300076116775
2024-08-09,0,5,0.0,5.0,0.0,0.0,-0.24818980015163392,0.06807102523946694,0.35376564222831147,0.05370081988219681,0.08938492083781417,0.04467583926912457,-0.24575652979932536,0.044714871727636336,-0.5184076785068246
2024-08-12,0,3,0.0,3.0,0.0,0.0,-0.24818980015163392,0.05445682019157355,0.13713224957666595,0.048330737893977134,-0.026176788850217587,0.04244204730566834,-0.3100333833867165,0.04382057429308361,-0.5704600626975683
2024-08-13,0,1,0.0,1.0,0.0,0.0,-0.24818980015163392,0.043565456153258846,-0.036174464544650425,0.04349766410457942,-0.13018232756944623,0.04031994494038492,-0.3710963942947381,0.042944162807221936,-0.621471399204497
2024-08-14,0,3,0.0,3.0,0.0,0.0,-0.24818980015163392,0.03485236492260708,-0.17481983584170357,0.039147897694121477,-0.22378731241675204,0.03830394769336567,-0.4291062546573587,0.0420852795510775,-0.671462508981287
2024-08-15,0,4,0.0,4.0,0.0,0.0,-0.24818980015163392,0.027881891938085664,-0.28573613287934607,0.03523310792470933,-0.30803179877932724,0.036388750308697385,-0.4842156220018481,0.04124357396005595,-0.7204537965625414
2024-08-16,1,11,1.0,11.0,0.09090909090909091,0.09090909090909091,0.15736176308898694,0.04048733173228672,-0.08515452132896159,0.04080070622314749,-0.18821962838134884,0.03911476733871706,-0.4057751045401409,0.042236884299036645,-0.6626383881899117
2024-08-19,0,4,0.0,4.0,0.0,0.0,-0.24818980015163392,0.03238986538582938,-0.21400388126915246,0.036720635600832746,-0.2760208831474643,0.03715902897178121,-0.46205102939049125,0.04139214661305591,-0.7118061581869938
2024-08-20,0,3,0.0,3.0,0.0,0.0,-0.24818980015163392,0.025911892308663503,-0.3170833692213052,0.03304857204074947,-0.35504201243696826,0.03530107752319214,-0.5155131579983241,0.04056430368079479,-0.7599905727841341
2024-08-21,0,4,0.0,4.0,0.0,0.0,-0.24818980015163392,0.020729513846930805,-0.3995469595830274,0.029743714836674526,-0.4261610287975218,0.03353602364703254,-0.5663021801757652,0.03975301760717889,-0.8072112990893316
2024-08-22,0,2,0.0,2.0,0.0,0.0,-0.24818980015163392,0.016583611077544646,-0.46551783187240514,0.026769343353007072,-0.49016814352202004,0.03185922246468091,-0.6145517512443343,0.038957957255035314,-0.8534876108684252
2024-08-23,2,5,2.0,5.0,0.4,0.4,1.536237078107098,0.09326688886203574,0.7546899266902861,0.06409240901770638,0.313007168972834,0.05026626134144686,-0.08489341142799794,0.04617879810993461,-0.4332001675219963
2024-08-26,0,5,0.0,5.0,0.0,0.0,-0.24818980015163392,0.07461351108962859,0.4578716771462456,0.05768316811593575,0.17508323447130028,0.04775294827437452,-0.15721342093395538,0.04525522214773592,-0.48695670193243645
2024-08-27,0,1,0.0,1.0,0.0,0.0,-0.24818980015163392,0.059690808871702875,0.22041707751101328,0.051914851304342174,0.05095169341991992,0.045365300860655794,-0.22591742996461492,0.0443501177047812,-0.5396381056546679
2024-08-28,1,6,1.0,6.0,0.16666666666666666,0.16666666666666666,0.4953213991228376,0.08108598043069563,0.5608635879670745,0.06339003284057462,0.2978923547015534,0.051430369150956334,-0.05139647507229286,0.04679644868401891,-0.39724995259831286
2024-08-29,0,2,0.0,2.0,0.0,0.0,-0.24818980015163392,0.06486878434455651,0.30281060616767635,0.05705102955651716,0.16147990162714768,0.04885885069340851,-0.12539133139603567,0.045860519710338526,-0.45172549130722695
2024-08-30,0,7,0.0,7.0,0.0,0.0,-0.24818980015163392,0.05189502747564521,0.09636822072815786,0.05134592660086545,0.03870869386018256,0.046415908158738084,-0.1956864449035913,0.04494330931613175,-0.5051115192419626
2024-09-03,0,1,0.0,1.0,0.0,0.0,-0.24818980015163392,0.04151602198051617,-0.06878568762345692,0.046211333940778906,-0.07178539313008601,0.04409511275080118,-0.26246680273576917,0.04404444312980912,-0.5574298266180036
2024-09-04,0,1,0.0,1.0,0.0,0.0,-0.24818980015163392,0.03321281758441293,-0.2009088143047488,0.04159020054670102,-0.17123007142132776,0.04189035711326112,-0.325908142676338,0.04316355426721293,-0.6087017678465239
2024-09-05,3,6,3.0,6.0,0.5,0.5,1.9823437976717808,0.12657025406753036,1.2846232548429593,0.08743118049203091,0.8152468628001821,0.06479583925759806,0.33319187479446777,0.052300283181868676,-0.07690048413804793
2024-09-06,0,12,0.0,12.0,0.0,0.0,-0.24818980015163392,0.10125620325402429,0.8818183396683842,0.07868806244282782,0.6270989589159135,0.061556047294718155,0.23996760097738695,0.0512542775182313,-0.13778301221616726
2024-09-09,-1,3,-1.0,3.0,-0.3333333333333333,-0.3333333333333333,-1.7352121987005769,0.014338295936552767,-0.5012459727997701,0.037485922865211706,-0.25955225103567997,0.04181157826331557,-0.3281749860917374,0.04356252530120001,-0.5854797471410076
2024-09-10,2,9,2.0,9.0,0.2222222222222222,0.2222222222222222,0.7431584655476614,0.05591508119368666,0.16033654443986356,0.05595955280091276,0.13799182076747224,0.050832110461260904,-0.06861123223590958,0.047135719239620455,-0.3775027850202116
2024-09-11,0,2,0.0,2.0,0.0,0.0,-0.24818980015163392,0.04473206495494933,-0.017611028654092396,0.050363597520821486,0.017569421086474628,0.04829050493819786,-0.14174535070147146,0.046193004854828044,-0.4323732670806876
2024-09-12,0,2,0.0,2.0,0.0,0.0,-0.24818980015163392,0.03578565196395946,-0.1599690871292572,0.045327237768739335,-0.09081073862642328,0.04587597969128796,-0.2112227632437553,0.045269144757731486,-0.4861463394999538
2024-09-13,0,13,0.0,13.0,0.0,0.0,-0.24818980015163392,0.028628521571167572,-0.27385553390938894,0.0407945139918654,-0.18835288236803138,0.04358218070672356,-0.277226305158925,0.04436376186257686,-0.5388439504708347
2024-09-16,0,2,0.0,2.0,0.0,0.0,-0.24818980015163392,0.02290281725693406,-0.3649646913334944,0.036715062592678864,-0.27614081173547855,0.04140307167138738,-0.339929669978336,0.04347648662532532,-0.5904876092222981
2024-09-17,0,3,0.0,3.0,0.0,0.0,-0.24818980015163392,0.018322253805547247,-0.4378520172727788,0.03304355633341098,-0.355149948166181,0.03933291808781801,-0.3994978665567766,0.04260695689281881,-0.6410983947987323
2024-09-18,1,4,1.0,4.0,0.25,0.25,0.8670769987600735,0.0646578030444378,0.29945340722216446,0.054739200700069886,0.11173040138800056,0.04986627218342711,-0.09640300809912201,0.04675481775496244,-0.39967307160742516
2024-09-19,0,5,0.0,5.0,0.0,0.0,-0.24818980015163392,0.05172624243555024,0.09368246157174832,0.0492652806300629,-0.006065856355049853,0.047372958574255754,-0.16814753777152325,0.045819721399863185,-0.45410014793615694
2024-09-20,3,10,3.0,10.0,0.3,0.3,1.090130358542415,0.10138099394844019,0.8838040473470602,0.0743387525670566,0.5335037984863812,0.06000431064554297,0.19531673328830346,0.05090332697186592,-0.15821001107085877
2024-09-23,3,6,3.0,6.0,0.5,0.5,1.9823437976717808,0.18110479515875216,2.1523935441644064,0.11690487731035094,1.4495073457171201,0.08200409511326583,0.8283555069608772,0.0598852604324286,0.36458143750210376
2024-09-24,0,2,0.0,2.0,0.0,0.0,-0.24818980015163392,0.14488383612700173,1.576034571125542,0.10521438957931585,1.1979333935411578,0.07790389035760253,0.710373051535476,0.05868755522378003,0.2948692709911816
2024-09-25,0,3,0.0,3.0,0.0,0.0,-0.24818980015163392,0.11590706890160139,1.1149473926944504,0.09469295062138426,0.9715168365827916,0.0740086958397224,0.5982897188813447,0.05751380411930443,0.22655134781047775
2024-09-26,0,4,0.0,4.0,0.0,0.0,-0.24818980015163392,0.09272565512128111,0.746077649949577,0.08522365555924584,0.7677419353202621,0.07030826104773628,0.49181055285992026,0.05636352803691834,0.15959978309338801
2024-09-27,-1,10,-1.0,10.0,-0.1,-0.1,-0.6942965197163169,0.054180524097024896,0.13273574165513022,0.06670129000332126,0.36914909524726003,0.06179284799534947,0.24678148705669764,0.05323625747617997,-0.022422307551844933
2024-09-30,0,1,0.0,1.0,0.0,0.0,-0.24818980015163392,0.04334441927761992,-0.03969167088187899,0.06003116100298913,0.2256109681182836,0.058703205595581995,0.15787773262650545,0.052171532326656375,-0.08439439916168802
2024-10-01,3,9,3.0,9.0,0.3333333333333333,0.3333333333333333,1.2388325983973092,0.1013422020887626,0.8831867794170077,0.08736137823602355,0.8137447501579567,0.07243471198246956,0.5529986928607203,0.05779476834678991,0.2429048084689491
2024-10-02,-1,5,-1.0,5.0,-0.2,-0.2,-1.1404032392809997,0.04107376167101008,-0.0758230688694736,0.05862524041242119,0.19535619966445938,0.05881297638334607,0.1610363619745882,0.05263887297985412,-0.057192939906279945
2024-10-03,2,4,2.0,4.0,0.5,0.5,1.9823437976717808,0.13285900933680808,1.3846918511911794,0.10276271637117908,1.1451745067773909,0.08087232756417877,0.7957891542128476,0.06158609552025704,0.4635781672433911
2024-10-04,5,17,5.0,17.0,0.29411764705882354,0.29411764705882354,1.063888786803316,0.1651107368812112,1.8978911993897498,0.12189820943994353,1.5569615706622415,0.09153459353891101,1.102593422550934,0.06623672655102836,0.7342671167920104
2024-10-07,0,5,0.0,5.0,0.0,0.0,-0.24818980015163392,0.13208858950496896,1.3724326953058166,0.10970838849594919,1.2946421959917669,0.08695786386196545,0.9708990713460298,0.06491199202000779,0.65716123669529
2024-10-08,2,5,2.0,5.0,0.4,0.4,1.536237078107098,0.1856708716039752,2.2250503484328634,0.13873754964635426,1.919336474535242,0.10260997066886718,1.421284870032848,0.07161375217960764,1.0472357030904447
2024-10-09,2,6,2.0,6.0,0.3333333333333333,0.3333333333333333,1.2388325983973092,0.21520336394984685,2.6949803948688023,0.15819712801505217,2.3380977059332193,0.11414613880209049,1.7532354733967457,0.07684814380268215,1.351902308676039
2024-10-10,-1,9,-1.0,9.0,-0.1111111111111111,-0.1111111111111111,-0.7438639330012816,0.14994046893765525,1.6564972582462272,0.13126630410243587,1.75855868558373,0.1028832763064304,1.4291491773352518,0.07308895870440628,1.13309977227221
2024-10-11,0,10,0.0,10.0,0.0,0.0,-0.24818980015163392,0.1199523751501242,1.1793175423909985,0.11813967369219228,1.4760795994211067,0.09773911249110888,1.2811270383911317,0.07162717953031815,1.0480172390658855
2024-10-14,-1,7,-1.0,7.0,-0.14285714285714285,-0.14285714285714285,-0.8854851138154667,0.0673904715486708,0.34293646385174664,0.09203999203725877,0.9144263805365662,0.08570929972369629,0.9349719234186902,0.06733749308256892,0.7983369890629943
2024-10-15,1,6,1.0,6.0,0.16666666666666666,0.16666666666666666,0.4953213991228376,0.08724571057226997,0.6588790970396612,0.09950265950019956,1.075019573106535,0.0897571680708448,1.051448410641847,0.06932407655425087,0.9139656402249955
2024-10-16,0,7,0.0,7.0,0.0,0.0,-0.24818980015163392,0.06979656845781598,0.38122301342574577,0.0895523935501796,0.8608943981916313,0.08526930966730256,0.9223113100323974,0.06793759502316585,0.8332657896596154
2024-10-17,-1,6,-1.0,6.0,-0.16666666666666666,-0.16666666666666666,-0.9917009994261055,0.022503921432919453,-0.3713120436296337,0.06393048752849498,0.30952269254034187,0.0726725108506041,0.5598413009819714,0.0632455097893692,0.5601640074014014
2024-10-18,0,12,0.0,12.0,0.0,0.0,-0.24818980015163392,0.018003137146335564,-0.4429298991096902,0.05753743877564548,0.17194720568205732,0.0690388853080739,0.4552845558555155,0.06198059959358181,0.486540189492493
2024-10-21,-1,6,-1.0,6.0,-0.16666666666666666,-0.16666666666666666,-0.9917009994261055,-0.01893082361626488,-1.0306343736579826,0.03511702823141427,-0.3105297807182746,0.057253607709336865,0.11616588451393364,0.057407654268376844,0.22037291923762126
2024-10-22,1,4,1.0,4.0,0.25,0.25,0.8670769987600735,0.0348553411069881,-0.17477247788599856,0.056605325408272844,0.1518885520911163,0.06689092732387002,0.3934775554180526,0.0612595011830093,0.4445688161482012
2024-10-23,0,8,0.0,8.0,0.0,0.0,-0.24818980015163392,0.027884272885590478,-0.2856982465147821,0.05094479286744556,0.030076479277754326,0.06354638095767651,0.2972389975697924,0.06003431115934912,0.3732569020643571
2024-10-24,-1,8,-1.0,8.0,-0.125,-0.125,-0.8058231996074876,-0.0026925816915276193,-0.7722465040409943,0.03335031358070101,-0.3485486724251784,0.05411906190979268,0.025970045010358902,0.05633362493616213,0.15785927973408334
2024-10-25,1,10,1.0,10.0,0.1,0.1,0.19791691941304906,0.01784593464677791,-0.4454313533402303,0.04001528222263091,-0.20512159385018527,0.056413108814303045,0.0919807207653528,0.05720695243743889,0.20869111360100656
2024-10-28,0,6,0.0,6.0,0.0,0.0,-0.24818980015163392,0.01427674771742233,-0.5022253468781674,0.036013754000367826,-0.29123265206941706,0.05359245337358789,0.010817004649727702,0.05606281338869011,0.1420967535681063
2024-10-29,2,7,2.0,7.0,0.2857142857142857,0.2857142857142857,1.0264008271760316,0.068564255316795,0.36161407000162055,0.06098380717175962,0.24611147820963303,0.06519854499062278,0.3447796402909388,0.06065584283520202,0.4094330156572498
2024-10-30,-2,13,-2.0,13.0,-0.15384615384615385,-0.15384615384615385,-0.9345078302511461,0.02408217348420523,-0.34619841451014566,0.03950081106996828,-0.21619277788746602,0.05424631004878394,0.029631581148466438,0.056365802901574905,0.15973219108709394
2024-10-31,1,7,1.0,7.0,0.14285714285714285,0.14285714285714285,0.38910551351219885,0.04783716735879276,0.03179831004096923,0.04983644424868573,0.006225323635209433,0.058676851689201885,0.15711940498921323,0.05809562970068626,0.2604163769651648
2024-11-01,4,21,4.0,21.0,0.19047619047619047,0.19047619047619047,0.6015372847334765,0.07636497198227231,0.48574145830021753,0.06390041887143622,0.3088756287850107,0.06526681862855131,0.3467441986297652,0.060743240916196345,0.41452000161257196
2024-11-04,3,23,3.0,23.0,0.13043478260869565,0.13043478260869565,0.3336885297153438,0.08717893410755698,0.6578165295192537,0.07055385524516217,0.45205453821972746,0.06852521682755852,0.44050386264205316,0.06213707175004633,0.49564761671833407
2024-11-05,3,11,3.0,11.0,0.2727272727272727,0.2727272727272727,0.9684648895702286,0.12428860183150012,1.2483169069509148,0.09077119699337322,0.887122491166392,0.07873531962254424,0.7342972387495094,0.06634887576959085,0.7407947372298642
2024-11-06,1,14,1.0,14.0,0.07142857142857142,0.07142857142857142,0.07045785668028245,0.11371659575091439,1.0800919142822833,0.08883693443689304,0.8454980451145921,0.0783699822128456,0.7237847382224403,0.06645046968277046,0.7467079884547333
2024-11-07,0,21,0.0,21.0,0.0,0.0,-0.24818980015163392,0.09097327660073151,0.7181932672198433,0.07995324099320374,0.6543250229988825,0.07445148310220331,0.6110308212339609,0.06512146028911506,0.6693532909247587
2024-11-08,0,30,0.0,30.0,0.0,0.0,-0.24818980015163392,0.07277862128058521,0.4286743495698915,0.07195791689388337,0.4822693030947439,0.07072890894709315,0.5039146000949055,0.06381903108333276,0.5935456873453834
2024-11-11,0,10,0.0,10.0,0.0,0.0,-0.24818980015163392,0.05822289702446817,0.19705921544993,0.06476212520449504,0.3274191551810193,0.06719246349973848,0.40215419001280267,0.0625426504616661,0.5192542358375956
2024-11-12,0,12,0.0,12.0,0.0,0.0,-0.24818980015163392,0.04657831761957454,0.011767108153960752,0.05828591268404553,0.18805402205866692,0.06383284032475155,0.30548180043480494,0.061291797452432774,0.44644861335996333
2024-11-13,0,10,0.0,10.0,0.0,0.0,-0.24818980015163392,0.03726265409565963,-0.13646657768281462,0.05245732141564098,0.06262540224854991,0.060641198308513965,0.21364303033570725,0.06006596150338412,0.37509910333188407
2024-11-14,1,13,1.0,13.0,0.07692307692307693,0.07692307692307693,0.09496921489812221,0.0451947386611431,-0.010248823199505406,0.05490389696638458,0.11527458975538728,0.06145529223924211,0.23706839726684842,0.06040310381177797,0.3947223967524314
2024-11-15,1,25,1.0,25.0,0.04,0.04,-0.06974711232576072,0.04415579092891448,-0.02678087712616822,0.05341350726974613,0.08320208475028852,0.060382527627280004,0.20619984055929647,0.05999504173554241,0.37097123394549664
2024-11-18,0,7,0.0,7.0,0.0,0.0,-0.24818980015163392,0.035324632743131586,-0.1673049659069178,0.04807215654277151,-0.03174134132899075,0.057363401245916004,0.11932516845397433,0.058795140900831565,0.30113127150570673
2024-11-19,0,6,0.0,6.0,0.0,0.0,-0.24818980015163392,0.02825970619450527,-0.2797242369315175,0.04326494088849436,-0.13519042480034205,0.0544952311836202,0.036794229953918185,0.05761923808281493,0.23268810831471237
2024-11-20,0,6,0.0,6.0,0.0,0.0,-0.24818980015163392,0.022607764955604216,-0.3696596537511972,0.03893844679964493,-0.2282945999245582,0.05177046962443919,-0.041610161621135136,0.05646685332115863,0.16561380838753795
2024-11-21,1,5,1.0,5.0,0.2,0.2,0.6440236389777321,0.05808621196448338,0.19488424099015564,0.05504460211968044,0.1183025003370983,0.05918194614321723,0.1716533825483028,0.05933751625473546,0.33270010890387736
2024-11-22,1,11,1.0,11.0,0.09090909090909091,0.09090909090909091,0.15736176308898694,0.0646507877534049,0.29934177776663984,0.05863105099862149,0.1954812408234341,0.06076830338151091,0.21730044978250226,0.05996894774782257,0.3694524391671788
2024-11-25,0,7,0.0,7.0,0.0,0.0,-0.24818980015163392,0.05172063020272392,0.09359315800732865,0.05276794589875934,0.06930989913684032,0.05772988821243536,0.12987074721601977,0.058769568792866114,0.29964285262295487
2024-11-26,2,7,2.0,7.0,0.2857142857142857,0.2857142857142857,1.0264008271760316,0.09851936130503627,0.8382688739100176,0.07606257988031198,0.5705997742952645,0.06912910808752788,0.45788069572891654,0.06330846313129451,0.5638281927310019
2024-11-27,0,7,0.0,7.0,0.0,0.0,-0.24818980015163392,0.07881548904402902,0.5247348349220308,0.06845632189228079,0.4069165792614879,0.06567265268315149,0.35842198086511345,0.06204229386866862,0.4901310911155018
2024-11-29,0,11,0.0,11.0,0.0,0.0,-0.24818980015163392,0.06305239123522322,0.27390760373164136,0.061610689703052716,0.2596017037310888,0.062389020048993916,0.26393620174450044,0.06080144799129525,0.4179079315323116
2024-12-02,0,9,0.0,9.0,0.0,0.0,-0.24818980015163392,0.05044191298817857,0.07324581877932985,0.055449620732747444,0.12701831575372952,0.05926956904654422,0.17417471157991812,0.05958541903146934,0.34712923514078514
2024-12-03,1,8,1.0,8.0,0.125,0.125,0.3094435993042198,0.06535353039054287,0.31052403344066615,0.0624046586594727,0.2766875527450131,0.062556090594217,0.2687436185271513,0.060893710650839955,0.4232780592051957
2024-12-04,0,10,0.0,10.0,0.0,0.0,-0.24818980015163392,0.0522828243124343,0.10253896254654973,0.056164192793525435,0.14239557986626147,0.05942828606450615,0.1787417575234362,0.059675836437823156,0.35239196026021163
2024-12-05,2,19,2.0,19.0,0.10526315789473684,0.10526315789473684,0.22139622044276916,0.06287889102889481,0.2711468154086758,0.06107408930364657,0.24805430841930645,0.06172002965601768,0.24468615597292728,0.06058758286696143,0.40545995931779566
2024-12-06,6,33,6.0,33.0,0.18181818181818182,0.18181818181818182,0.5629133263296078,0.08666674918675221,0.6496664864819542,0.0731484985551001,0.5078900762217173,0.06772493726412589,0.41747600097486764,0.06301219484598583,0.5465839627750777
2024-12-09,0,5,0.0,5.0,0.0,0.0,-0.24818980015163392,0.06933339934940178,0.3738529249795802,0.06583364869959009,0.3504778509952952,0.0643386904009196,0.32003752084876697,0.06175195094906611,0.4732317457586958
2024-12-10,0,8,0.0,8.0,0.0,0.0,-0.24818980015163392,0.05546671947952142,0.15320207577768094,0.05925028382963108,0.20880684829151527,0.06112175588087361,0.22747096472897121,0.06051691193008479,0.4013465730826417
2024-12-11,1,10,1.0,10.0,0.1,0.1,0.19791691941304906,0.06437337558361714,0.2949275105147098,0.06332525544666798,0.296498374794839,0.06306566808682992,0.2834065944980344,0.06130657369148309,0.44730866108259376
2024-12-12,1,13,1.0,13.0,0.07692307692307693,0.07692307692307693,0.09496921489812221,0.0668833158515091,0.33486644735851406,0.06468503759430888,0.3257602650470476,0.06375853852864227,0.30334378322105937,0.061618903756114965,0.46548776334812714
2024-12-13,1,21,1.0,21.0,0.047619047619047616,0.047619047619047616,-0.03575802893035633,0.0630304622050168,0.27355866229918435,0.06297843859678276,0.28903503471748565,0.06295156398316254,0.2801232749744916,0.061338906633373616,0.44919059280718204
2024-12-16,0,6,0.0,6.0,0.0,0.0,-0.24818980015163392,0.050424369764013446,0.0729666656333643,0.05668059473710448,0.15350831364148668,0.05980398578400441,0.1895524311484095,0.060112128500706144,0.3777862431901583
2024-12-17,1,12,1.0,12.0,0.08333333333333333,0.08333333333333333,0.12356579948560185,0.05700616247787743,0.17769816338283187,0.059345868596727365,0.2108637887870255,0.06098045316147085,0.22340501124935588,0.06057655259735868,0.4048179449175456
2024-12-18,-1,4,-1.0,4.0,-0.25,-0.25,-1.3634565990633412,-0.004395070017698052,-0.7993370187460884,0.02841128173705463,-0.45483438003774124,0.0454314305033973,-0.22401456459764252,0.05436502154541151,0.043277155202101784
2024-12-19,0,6,0.0,6.0,0.0,0.0,-0.24818980015163392,-0.003516056014158442,-0.7853498792028539,0.025570153563349168,-0.5159741596382175,0.04315985897822743,-0.28937851644511775,0.053277721114503275,-0.02000892566282048
2024-12-20,-2,18,-2.0,18.0,-0.1111111111111111,-0.1111111111111111,-0.7438639330012816,-0.025035067033548977,-1.1277669610110979,0.01190202709590314,-0.8101059934305633,0.035446310473760505,-0.5113341130145184,0.049989944469990985,-0.21137323737987218
2024-12-23,0,11,0.0,11.0,0.0,0.0,-0.24818980015163392,-0.020028053626839182,-1.0480938330148615,0.010711824386312827,-0.8357186116917573,0.03367399495007248,-0.5623320874411498,0.048990145580591164,-0.26956631039315493
2024-12-24,1,13,1.0,13.0,0.07692307692307693,0.07692307692307693,0.09496921489812221,-0.0006378275168559613,-0.739550627465143,0.017332949639989235,-0.6932350227908893,0.0358364490487227,-0.5001079646211656,0.04954880420744088,-0.23704970869810651
2024-12-26,-1,6,-1.0,6.0,-0.16666666666666666,-0.16666666666666666,-0.9917009994261055,-0.0338435953468181,-1.2679309563423449,-0.0010670119906763548,-1.0891937863439267,0.02571129326295323,-0.7914570099389134,0.04522449478995873,-0.4887451809891663
2024-12-27,5,17,5.0,17.0,0.29411764705882354,0.29411764705882354,1.063888786803316,0.03174865313431023,-0.22420704663706995,0.028451453914273638,-0.4539698931469446,0.03913161095274675,-0.405290433393239,0.050202357835336026,-0.1990097644758951
2024-12-30,0,4,0.0,4.0,0.0,0.0,-0.24818980015163392,0.025398922507448185,-0.3252459015156392,0.025606308522846274,-0.5151961214365005,0.03717503040510941,-0.4615905918009344,0.04919831067862931,-0.2574501069472572
2024-12-31,1,8,1.0,8.0,0.125,0.125,0.3094435993042198,0.04531913800595855,-0.00826934279530927,0.035545677670561646,-0.301305440726194,0.04156627888485394,-0.3352334196846585,0.050714344465056724,-0.16920969604108566
2025-01-02,-1,4,-1.0,4.0,-0.25,-0.25,-1.3634565990633412,-0.013744689595233166,-0.9481110236886015,0.006991109903505481,-0.9157866865996388,0.026987964940611238,-0.754721073984956,0.04470005757575559,-0.5192699329373567
2025-01-03,1,12,1.0,12.0,0.08333333333333333,0.08333333333333333,0.12356579948560185,0.005670914990480133,-0.6391639880747408,0.014625332246488265,-0.7515017114299873,0.02980523336024734,-0.6736548186273413,0.04547272309090714,-0.47429710768741895
2025-01-06,1,7,1.0,7.0,0.14285714285714285,0.14285714285714285,0.38910551351219885,0.033108160563812675,-0.202574148810707,0.027448513307553726,-0.4755527165530597,0.03545782883509212,-0.511002674797804,0.047420411486231856,-0.36093233583385775
2025-01-07,0,7,0.0,7.0,0.0,0.0,-0.24818980015163392,0.02648652845105014,-0.30793958325454884,0.024703661976798356,-0.534620662502004,0.033684937393337507,-0.5620172211352713,0.046472003256507216,-0.4161342268780609
2025-01-08,0,7,0.0,7.0,0.0,0.0,-0.24818980015163392,0.021189222760840114,-0.3922319308096223,0.02223329577911852,-0.5877818138560541,0.03200069052367063,-0.610481040155865,0.04554256319137707,-0.47023208010137996
2025-01-10,4,15,4.0,15.0,0.26666666666666666,0.26666666666666666,0.9414281186875206,0.07028471154200543,0.38899049540911435,0.04667663286787334,-0.06177237291009757,0.043733989330820434,-0.2728580466711111,0.049965045260882864,-0.21282249033360542
2025-01-13,1,7,1.0,7.0,0.14285714285714285,0.14285714285714285,0.38910551351219885,0.08479919780503291,0.6199494379763771,0.05629468386680029,0.14520368811484108,0.04869014700713656,-0.1302457414393853,0.05182288721280806,-0.10468721082712061
2025-01-14,-1,16,-1.0,16.0,-0.0625,-0.0625,-0.5270064998795607,0.05533935824402633,0.15117546486352584,0.044415215480120264,-0.11043704138634679,0.043130639656779726,-0.29021929574656674,0.0495364294685519,-0.23776997763551155
2025-01-15,-1,6,-1.0,6.0,-0.16666666666666666,-0.16666666666666666,-0.9917009994261055,0.010938153261887733,-0.5553500824794096,0.02330702726544157,-0.5646756030798384,0.0326407743406074,-0.5920627745080447,0.04521236754584752,-0.48945104454782346
2025-01-16,-1,11,-1.0,11.0,-0.09090909090909091,-0.09090909090909091,-0.6537413633922547,-0.009431295572307997,-0.8794749793700095,0.011885415447988322,-0.8104634685004009,0.026463281078122482,-0.7698187322989718,0.042489938376748755,-0.6479094316200062
2025-01-17,0,17,0.0,17.0,0.0,0.0,-0.24818980015163392,-0.007545036457846398,-0.8494602477019908,0.01069687390318949,-0.8360403392546112,0.025140117024216358,-0.8078924757613806,0.041640139609213776,-0.6973717807484864
2025-01-21,2,11,2.0,11.0,0.18181818181818182,0.18181818181818182,0.5629133263296078,0.03032760719735925,-0.24681916400657897,0.027809004694688725,-0.46779510668480856,0.03297402026391463,-0.5824736991727247,0.04444370045339314,-0.5341911424898784
2025-01-22,-1,3,-1.0,3.0,-0.3333333333333333,-0.3333333333333333,-1.7352121987005769,-0.042404580908779264,-1.4041559757397408,-0.00830522910811348,-1.2449569100763298,0.014658652584052231,-1.1094942212343435,0.03688815977765861,-0.9739597148092446
2025-01-23,1,11,1.0,11.0,0.09090909090909091,0.09090909090909091,0.15736176308898694,-0.01574184654520523,-0.9798903956172773,0.001616202893606959,-1.0314522285486514,0.018471174500304166,-0.9997897738110115,0.03796857840028725,-0.9110741880716808
2025-01-24,-1,18,-1.0,18.0,-0.05555555555555555,-0.05555555555555555,-0.4960268665764577,-0.023704588347275297,-1.1065959774212208,-0.004100972951309293,-1.1544832393739952,0.014769837997511179,-1.1062948863549678,0.03609809572117039,-1.0199452183058415
2025-01-27,0,5,0.0,5.0,0.0,0.0,-0.24818980015163392,-0.01896367067782024,-1.0311570461429598,-0.003690875656178364,-1.1456581330408462,0.014031346097635618,-1.1275448221145767,0.035376133806746986,-1.0619668517006047
2025-01-28,0,5,0.0,5.0,0.0,0.0,-0.24818980015163392,-0.015170936542256193,-0.9708059011203513,-0.003321788090560528,-1.137715537341012,0.013329778792753837,-1.1477322610862053,0.034668611130612044,-1.1031480524274728
2025-01-29,0,8,0.0,8.0,0.0,0.0,-0.24818980015163392,-0.012136749233804955,-0.9225249851022642,-0.002989609281504475,-1.1305672012111612,0.012663289853116145,-1.1669103281092525,0.033975238907999805,-1.1435056291398034
2025-01-30,0,6,0.0,6.0,0.0,0.0,-0.24818980015163392,-0.009709399387043965,-0.8839002522877947,-0.0026906483533540274,-1.1241336986942954,0.012030125360460338,-1.185129491781147,0.033295734129839806,-1.1830560543178876
2025-01-31,5,33,5.0,33.0,0.15151515151515152,0.15151515151515152,0.4277294719160675,0.022535510793395132,-0.37080938406872155,0.012729931633496528,-0.7922898662219564,0.0190043766681949,-0.9844470032044936,0.03566012247754604,-1.0454373539886446
2025-02-03,6,39,6.0,39.0,0.15384615384615385,0.15384615384615385,0.43812822994787837,0.04879763940394688,0.04708163484449845,0.026841553854762258,-0.48861420653212567,0.025746465527092845,-0.7904449360710581,0.038023843104918194,-0.9078575181736211
2025-02-04,2,19,2.0,19.0,0.10526315789473684,0.10526315789473684,0.22139622044276916,0.06009074310210487,0.22678095324703468,0.03468371425875972,-0.31985449933924187,0.029722300145475042,-0.6760412029418424,0.03936862940071456,-0.8295845295473606
2025-02-05,1,24,1.0,24.0,0.041666666666666664,0.041666666666666664,-0.06231200033301603,0.05640592781501723,0.1681470459327063,0.035382009499550414,-0.3048275049525991,0.03031951847153462,-0.6588563820042456,0.0394145901460336,-0.8269093945412582
2025-02-06,3,23,3.0,23.0,0.13043478260869565,0.13043478260869565,0.3336885297153438,0.07121169877375291,0.40374099962524473,0.04488728681046494,-0.10027828214412154,0.035325281678392675,-0.5148166889602567,0.041234993995286844,-0.7209531915124195
2025-02-07,3,40,3.0,40.0,0.075,0.075,0.08639023952187828,0.07196935901900234,0.4157971210681239,0.04789855812941844,-0.035477099831415664,0.03730901759447304,-0.4577351410274493,0.04191029411538111,-0.6816474975261874
2025-02-10,-1,19,-1.0,19.0,-0.05263157894736842,-0.05263157894736842,-0.48298281044883545,0.04704917142572819,0.01925947785980628,0.037845544421739756,-0.2518133595244853,0.032811987767380965,-0.5871361472549443,0.040019456654126116,-0.791703273348378
2025-02-11,-1,19,-1.0,19.0,-0.05263157894736842,-0.05263157894736842,-0.48298281044883545,0.027113021351108872,-0.29797063670684776,0.02879783208482894,-0.44651599324824787,0.028539809431643495,-0.7100671031710646,0.038166435942096226,-0.8995579336541248
2025-02-12,-1,10,-1.0,10.0,-0.1,-0.1,-0.6942965197163169,0.0016904170808870952,-0.7025028876700098,0.015918048876346045,-0.723683040464399,0.022112818960061318,-0.895002286172738,0.0354031072232543,-1.0603968699644075
2025-02-13,1,10,1.0,10.0,0.1,0.1,0.19791691941304906,0.02135233366470968,-0.38963646024344273,0.024326243988711443,-0.5427425250854839,0.026007178012058253,-0.7829429938585891,0.036695045078789214,-0.9851999131035145
2025-02-14,2,31,2.0,31.0,0.06451612903225806,0.06451612903225806,0.03962098666429056,0.02998509273821936,-0.25226935878877077,0.028345232493066107,-0.4562557295768469,0.027932625563068244,-0.7275386803185853,0.03725146675785859,-0.9528135124587854
2025-02-18,-6,24,-6.0,24.0,-0.25,-0.25,-1.3634565990633412,-0.026011925809424515,-1.1433110364833707,0.0005107092437594968,-1.0552419465652263,0.014035994284914829,-1.1274110715871863,0.03150643742270142,-1.2872016730267026
2025-02-19,-5,24,-5.0,24.0,-0.20833333333333334,-0.20833333333333334,-1.1775787992447235,-0.062476207314206285,-1.7235418310979886,-0.02037369501394979,-1.504664779797799,0.0029175279040024177,-1.4473424024244954,0.026709642007580726,-1.5663980882072257
2025-02-20,-1,20,-1.0,20.0,-0.05,-0.05,-0.4712431599339754,-0.05998096585136503,-1.6838367861336485,-0.023336325512554813,-1.5684192338906324,0.0002716515088022962,-1.5234768914220627,0.02517544916742911,-1.655695442815204
2025-02-21,-5,21,-5.0,21.0,-0.23809523809523808,-0.23809523809523808,-1.3103486562580218,-0.09560382030013964,-2.2506785362046835,-0.04481221677082314,-2.030570597002785,-0.011646692971399725,-1.8664245318875294,0.019910035422175766,-1.9621676841542683
2025-02-24,0,13,0.0,13.0,0.0,0.0,-0.24818980015163392,-0.07648305624011172,-1.9464230931697302,-0.04033099509374083,-1.9341367549067567,-0.011064358322829738,-1.84966798537051,0.01951183471373225,-1.985344868232063
2025-02-25,0,8,0.0,8.0,0.0,0.0,-0.24818980015163392,-0.061186444992089375,-1.7030187387417675,-0.036297895584366746,-1.8473462970203316,-0.010511140406688251,-1.8337492661793422,0.019121598019457602,-2.0080585086283023
2025-02-26,-2,11,-2.0,11.0,-0.18181818181818182,-0.18181818181818182,-1.0592929266328757,-0.08531279235730788,-2.086924553560394,-0.050849924207748254,-2.1604993011711406,-0.01907649247726293,-2.080215315825676,0.015102802422704814,-2.2419716166211345
2025-02-27,0,9,0.0,9.0,0.0,0.0,-0.24818980015163392,-0.0682502338858463,-1.8154199070542987,-0.04576493178697343,-2.0510725886582772,-0.018122667853399783,-2.0527692301117497,0.014800746374250717,-2.259552722049592
2025-02-28,2,20,2.0,20.0,0.1,0.1,0.19791691941304906,-0.034600187108677044,-1.2799700757508738,-0.031188438608276088,-1.7373931184599742,-0.012216534460729792,-1.8828215906006502,0.016504731446765702,-2.1603726481469954
2025-03-03,0,12,0.0,12.0,0.0,0.0,-0.24818980015163392,-0.027680149686941637,-1.1698563248066822,-0.02806959474744848,-1.6702770242182274,-0.011605707737693302,-1.865245191147975,0.01617463681783039,-2.1795857329449357
2025-03-04,0,10,0.0,10.0,0.0,0.0,-0.24818980015163392,-0.022144119749553312,-1.0817653240513292,-0.025262635272703633,-1.609872539400655,-0.011025422350808637,-1.8485476116679338,0.01585114408147378,-2.198414556046917
2025-03-05,0,11,0.0,11.0,0.0,0.0,-0.24818980015163392,-0.01771529579964265,-1.0112925234470467,-0.02273637174543327,-1.55550850306484,-0.010474151233268204,-1.8326849111618941,0.015534121199844304,-2.2168668026868583
2025-03-06,1,10,1.0,10.0,0.1,0.1,0.19791691941304906,0.005827763360285884,-0.6366681688650722,-0.01046273457088994,-1.2913854414258807,-0.004950443671604793,-1.6737414875982877,0.017223438775847418,-2.1185404471715166
2025-03-07,1,14,1.0,14.0,0.07142857142857142,0.07142857142857142,0.07045785668028245,0.018947924973942994,-0.42789614637050655,-0.0022736039709438044,-1.1151590942184533,-0.0011314929165959818,-1.5638520518079668,0.018307541428901897,-2.05544049225862
2025-03-10,1,11,1.0,11.0,0.09090909090909091,0.09090909090909091,0.15736176308898694,0.03334015816097258,-0.19888253212189003,0.007044665517059668,-0.9146341942765625,0.0034705362746883634,-1.4314297128559537,0.019759572418505678,-1.9709253499720685
2025-03-11,0,11,0.0,11.0,0.0,0.0,-0.24818980015163392,0.026672126528778064,-0.30498628990349524,0.0063401989653537015,-0.9297939924531567,0.003297009460953945,-1.4364229072905135,0.019364380970135563,-1.9939273807335072
2025-03-12,3,18,3.0,18.0,0.16666666666666666,0.16666666666666666,0.4953213991228376,0.05467103455635579,0.14054089403546774,0.022372845735484998,-0.5847787625842155,0.011465492321239583,-1.2013766785318962,0.022310426684066183,-1.8224534421755756
2025-03-13,0,6,0.0,6.0,0.0,0.0,-0.24818980015163392,0.04373682764508463,-0.033447548977609064,0.0201355611619365,-0.6329241039300443,0.010892217705177603,-1.2178725246826587,0.02186421815038486,-1.8484249110929443
2025-03-14,-1,4,-1.0,4.0,-0.25,-0.25,-1.3634565990633412,-0.0150105378839323,-0.9682535886344412,-0.006877994954257151,-1.2142434834831042,-0.0021523931800812805,-1.5932282237330564,0.01642693378737716,-2.1649008436881783
