Date,score,SMA1,SMA1_scaled,EMA0.2,EMA0.2_scaled,EMA0.1,EMA0.1_scaled,EMA0.05,EMA0.05_scaled,EMA0.02,EMA0.02_scaled
2023-09-01,0.04138775261080996,0.04138775261080996,1.0680680024546796,,,,,,,,
2023-09-05,-0.03946849607869929,-0.03946849607869929,-1.0185389422584,,,,,,,,
2023-09-06,0.025094845198042393,0.025094845198042393,0.6476070695266972,,,,,,,,
2023-09-07,0.05194645223134131,0.05194645223134131,1.3405497996246567,,,,,,,,
2023-09-08,0.02455829652158248,0.02455829652158248,0.6337606913849528,,,,,,,,
2023-09-11,-0.00254839125616646,-0.00254839125616646,-0.06576474891114935,,,,,,,,
2023-09-12,0.004628429540861179,0.004628429540861179,0.11944300384453964,,,,,,,,
2023-09-13,0.022961743699591475,0.022961743699591475,0.5925594452232579,,,,,,,,
2023-09-14,-0.023022822597368764,-0.023022822597368764,-0.594135670367797,,,,,,,,
2023-09-15,-0.02511431430381461,-0.02511431430381461,-0.6481094966361672,,,,,,,,
2023-09-18,0.010175912159248846,0.010175912159248846,0.26260343912088785,,,,,,,,
2023-09-19,-0.034414327993328775,-0.034414327993328775,-0.8881091684609713,,,,,,,,
2023-09-20,-0.0017452479983676161,-0.0017452479983676161,-0.04503853014037933,,,,,,,,
2023-09-21,-0.0544677130773753,-0.0544677130773753,-1.4056144109074489,,,,,,,,
2023-09-22,-0.0016435580049645182,-0.0016435580049645182,-0.04241427969737972,,,,,,,,
2023-09-25,0.005267918354612933,0.005267918354612933,0.13594589411545405,,,,,,,,
2023-09-26,-0.017358512772161494,-0.017358512772161494,-0.44796034799203227,,,,,,,,
2023-09-27,0.041579849803727864,0.041579849803727864,1.0730253352928825,,,,,,,,
2023-09-28,-0.020760009765624976,-0.020760009765624976,-0.535740666322611,,,,,,,,
2023-09-29,0.01552225435911092,0.01552225435911092,0.400573168657601,0.0002826471299328462,0.021141776617820112,0.003964522084110141,0.42309599155795463,0.014530385889331329,2.1994530684506715,0.02776249111345478,4.514774154676737
2023-10-02,-0.0018905161479797483,-0.0018905161479797483,-0.048787374969803406,-0.00015198552564967273,-0.011368394340996072,0.003379018260901153,0.36061069941278967,0.013709340787465774,2.0751721180073317,0.027169430968226087,4.418329905315061
2023-10-03,0.04779560183575282,0.04779560183575282,1.2334313838896,0.009437531946630827,0.7059197533214476,0.00782067661838632,0.8346269382058371,0.015413653839880125,2.333152642494681,0.02758195438557662,4.485415025855649
2023-10-04,-0.023153862586388185,-0.023153862586388185,-0.5975173379019046,0.0029192530400270244,0.21835776530901688,0.00472322269790887,0.5040649410758263,0.013485278018566709,2.0412559131429835,0.026567238046137327,4.320400471329291
2023-10-05,0.005236640103268186,0.005236640103268186,0.13513871572748493,0.003382730452675257,0.2530255007568958,0.0047745644384448015,0.5095441600483793,0.013072846122801782,1.9788264218978033,0.026140626087279944,4.251024252961341
2023-10-06,0.00955701878006665,0.00955701878006665,0.24663204242652123,0.004617588118153536,0.34539185496168595,0.005252809872606987,0.5605827775367043,0.012897054755665023,1.9522170211013683,0.02580895394113568,4.197087276372357
2023-10-09,0.03278375250060628,0.03278375250060628,0.8460299203862934,0.010250820994644085,0.7667531160479719,0.008005904135406916,0.8543945213634013,0.013891389642912085,2.1027287098810077,0.02594844991232509,4.219772301388078
2023-10-10,-0.012321557584099363,-0.012321557584099363,-0.3179747767348455,0.005736345278895396,0.42907398535377816,0.0059731579634562885,0.6374587245736277,0.012580742281561511,1.9043370510128237,0.0251830497623966,4.095301885503528
2023-10-11,-0.01528989550411286,-0.01528989550411286,-0.3945768281352211,0.001531097122293745,0.11452482587533204,0.003846852616699374,0.41053824085458585,0.011187210392277791,1.6933992264283186,0.02437359085706641,3.963666574748344
2023-10-12,-0.03418304771480618,-0.03418304771480618,-0.8821406620911844,-0.00561173184512624,-0.4197530013375847,4.386258354881819e-05,0.004681039198460241,0.008918697486923591,1.3500162145452907,0.023202458085628958,3.773215366801148
2023-10-13,0.00019997221014822486,0.00019997221014822486,0.005160558512270525,-0.004449391034071347,-0.3328108491673613,5.9473546208758864e-05,0.0063470497756883204,0.008482761223084822,1.2840288856159812,0.022742408368119343,3.698401454534027
2023-10-16,0.010395804803181141,0.010395804803181141,0.2682780718840571,-0.0014803518666208497,-0.11072912181102607,0.0010931066719059971,0.11665694916477981,0.008578413402089638,1.298507680619671,0.022495476296820575,3.658245024446232
2023-10-17,-0.10585674840937542,-0.10585674840937542,-2.731779299135435,-0.022355631175171767,-1.6721831230628463,-0.009601878836222147,-1.0247178249588695,0.0028566553115163835,0.4324096647036646,0.019928431802696656,3.240788749048845
2023-10-18,-0.039566287064186634,-0.039566287064186634,-1.0210625734279808,-0.02579776235297474,-1.9296517499957804,-0.012598319659018595,-1.344499648383964,0.0007355081927312322,0.11133329587351806,0.01873853742535899,3.0472865031716467
2023-10-19,-0.03230263436836833,-0.03230263436836833,-0.83361400384025,-0.02709873675605346,-2.0269635826753727,-0.014568751129953568,-1.5547851857842068,-0.0009163989353237463,-0.1387145851166033,0.017717713989484445,2.8812788042969193
2023-10-20,0.030952380952380842,0.030952380952380842,0.7987688533344288,-0.0154885132143666,-1.1585282560558574,-0.010016637921720127,-1.0689811441719914,0.0006770400590614835,0.10248302052735994,0.017982407328742372,2.9243235959949385
2023-10-23,-0.0028637187860854896,-0.0028637187860854896,-0.07390221044878356,-0.012963554328710379,-0.9696633744545236,-0.009301346008156665,-0.9926447951740899,0.0005000021168041348,0.07568492663667956,0.017565484806445816,2.856523087010538
2023-10-24,-0.02112283423872019,-0.02112283423872019,-0.5451038519457719,-0.014595410310712341,-1.0917248815079859,-0.010483494831213018,-1.118804372002973,-0.0005811397009720818,-0.08796665885109343,0.016791718425542494,2.7306921432388154
2023-10-25,-0.0034071606840258006,-0.0034071606840258006,-0.08792647767202212,-0.012357760385375033,-0.9243504776652754,-0.009775861416494296,-1.0432853422414927,-0.0007224407501247677,-0.10935528737763262,0.016387740843351126,2.6649967580627183
2023-10-26,-0.0062678408640213235,-0.0062678408640213235,-0.16175027270242634,-0.011139776481104292,-0.8332462671455706,-0.009425059361246999,-1.0058475527030502,-0.0009997107558195955,-0.15132542977162022,0.015934629209203677,2.591311126370942
2023-10-27,-0.06288228086233738,-0.06288228086233738,-1.6227639307211092,-0.021488277357350913,-1.6073057593006927,-0.014770781511356038,-1.5763459799305952,-0.004093839261145486,-0.6196812247967513,0.014358291007772857,2.33496485896411
2023-10-30,0.04038343038002257,0.04038343038002257,1.0421500829932169,-0.009113935809876217,-0.6817150241268474,-0.009255360322218176,-0.987737177313264,-0.0018699757790870825,-0.28305676095370313,0.014878793795217851,2.4196097318824115
2023-10-31,0.04376596857679482,0.04376596857679482,1.1294411434435392,0.001462045067457991,0.10935978804641147,-0.003953227432316878,-0.4218906200659088,0.00041182143870701314,0.06233708684109788,0.01545653729084939,2.513563166804746
2023-11-01,0.03840913099917875,0.03840913099917875,0.991200566217701,0.008851462253802143,0.6620822145104138,0.00028300841083268554,0.030202814276256533,0.0023116869167306006,0.34991822798275124,0.015915589165015977,2.588214808427021
2023-11-02,0.012796752924078003,0.012796752924078003,0.330237847463025,0.009640520387857315,0.72110312447908,0.0015343828621572173,0.16375018847691822,0.0028359402170979706,0.42927403717602425,0.015853212440197217,2.5780710203961035
2023-11-03,-0.017858737727925567,-0.017858737727925567,-0.46086934245483785,0.004140668764700739,0.3097186732180403,-0.00040492919685106133,-0.04321426805494024,0.0018012063198467937,0.2726471820688916,0.015178973436834761,2.4684253544500616
2023-11-06,0.014410392901687219,0.014410392901687219,0.3718800512273323,0.006194613592098035,0.4633520843780185,0.0010766030130027668,0.1148956695502752,0.002431665648938815,0.36807931418610756,0.015163601826131811,2.465925602160765
2023-11-07,-0.01523636114487903,-0.01523636114487903,-0.3931953002067239,0.0019084186447026227,0.14274817044550192,-0.0005546934027854129,-0.0591971870210498,0.0015482643092479223,0.23435954913271143,0.014555602566711595,2.3670519336821227
2023-11-08,-0.04423208746622587,-0.04423208746622587,-1.1414699838549167,-0.007319682577483076,-0.5475063341462696,-0.004922432809129459,-0.5253247544271156,-0.0007407532795257674,-0.11212724053076221,0.013379848766052846,2.1758492476629105
2023-11-09,0.026520055975774337,0.026520055975774337,0.6843865980689513,-0.0005517348668315934,-0.04126932160813969,-0.0017781839306390793,-0.18976877347248525,0.0006222871832392382,0.0941951208355729,0.013642652910247275,2.2185868158840822
2023-11-10,0.09012055716942968,0.09012055716942968,2.3256851943904526,0.01758272354042066,1.3151734939349278,0.007411690179367797,0.7909796790207142,0.005097200682548761,0.7715592529426382,0.015172210995430922,2.46732563700944
2023-11-13,0.018125322422505974,0.018125322422505974,0.4677489279424325,0.017691243316837725,1.3232906854032098,0.008483053403681615,0.9053161554213812,0.005748606769546622,0.8701620793071362,0.015231273223972422,2.4769304171369533
2023-11-14,0.0008358569628612589,0.0008358569628612589,0.021570441020464702,0.014320166046042433,1.0711368332218774,0.007718333759599579,0.8237048516595666,0.005502969279212354,0.8329801258506275,0.014943364898750198,2.4301103727714244
2023-11-15,-0.031274814486476954,-0.031274814486476954,-0.8070896951043317,0.005201169939538556,0.38904330300177054,0.003819018934991926,0.4075678149341651,0.003664080090927888,0.5546289176640183,0.014019001311045656,2.279789105913992
2023-11-16,0.008793074509193088,0.008793074509193088,0.22691740754283085,0.005919550853469463,0.4427776140929221,0.004316424492412042,0.4606512113835351,0.003920529811841148,0.593447509947939,0.013914482775008605,2.262792159088999
2023-11-17,0.004272774007378466,0.004272774007378466,0.11026482258930476,0.005590195484251264,0.418142098970072,0.004312059443908684,0.46018537099078544,0.003938142021618013,0.5961134562711105,0.013721648599656001,2.2314332025939745
2023-11-20,0.02978216558863811,0.02978216558863811,0.7685698329201619,0.010428589505128634,0.7800500567925671,0.006859070058381627,0.7320037537810392,0.005230343199969019,0.7917129309462103,0.014042858939435644,2.28366886596891
2023-11-21,-0.03425051031270121,-0.03425051031270121,-0.8838816274161614,0.0014927695415626642,0.11165795384903374,0.002748112021273343,0.29328003625283317,0.0032563005243355066,0.4929036458216769,0.013076991554392906,2.1265981950044153
2023-11-22,0.013433152469084275,0.013433152469084275,0.34666101489590423,0.0038808461270669866,0.290284150155978,0.0038166160660544363,0.40731137943093876,0.003765143121572945,0.5699267490190963,0.013084114772686733,2.1277565824747495
2023-11-24,-0.0008865157432068616,-0.0008865157432068616,-0.02287776067223014,0.002927373753012217,0.2189651880695139,0.003346302885128307,0.3571192963992256,0.003532560178333955,0.5347208520751008,0.01280470216236886,2.0823181228495424
2023-11-27,0.05294074034914442,0.05294074034914442,1.366208774970156,0.012930047072238658,0.9671570587825071,0.008305746631529918,0.8863938785411148,0.006002969186874478,0.9086647180912207,0.013607422926104371,2.2128576678322
2023-11-28,-0.016331636830666185,-0.016331636830666185,-0.421460398939104,0.0070777102916576885,0.5294070029560356,0.005842008285310308,0.6234623583180126,0.004886238885997444,0.7396261319447062,0.013008641730968959,2.115483053534938
2023-11-29,-0.048951619604624685,-0.048951619604624685,-1.2632640157991326,-0.004128155687598786,-0.308782705175648,0.0003626454963168088,0.03870172812585704,0.002194345961466337,0.33215641999798107,0.011769436504257085,1.9139618101048892
2023-11-30,0.011194992781952573,0.011194992781952573,0.2889022192278114,-0.001063525993688514,-0.07955088378625981,0.0014458802248803852,0.15430513803206997,0.002644378302490649,0.40027746102929485,0.011757947629810996,1.912093473679186
2023-12-01,-0.007974570022534433,-0.007974570022534433,-0.2057947710883603,-0.0024457347994576977,-0.1829389840570777,0.0005038352001389034,0.05376957147974046,0.0021134308862393947,0.31990836878672685,0.011363297276764087,1.8479148952227762
2023-12-04,0.03869672570533478,0.03869672570533478,0.9986223440129123,0.005782757301500798,0.4325455670908287,0.004323124250658491,0.4613662132925524,0.003942595627194164,0.5967875950396703,0.011909965845335501,1.9368148831407992
2023-12-05,-0.005639696721200793,-0.005639696721200793,-0.14554014730168882,0.0034982664969604796,0.26166750338457184,0.0033268421534725623,0.3550424363435504,0.0034634810097744157,0.5242643927345504,0.011558972594004775,1.879735882085093
2023-12-06,-0.005299104794557197,-0.005299104794557197,-0.13675070318368654,0.0017387922386569443,0.13006025252483022,0.0024642474586695864,0.2629858529856061,0.003025351719557835,0.4579451071295816,0.011221811046233536,1.8249062115195913
2023-12-07,0.010280106450167636,0.010280106450167636,0.2652923164130496,0.0034470550809590833,0.257836930904883,0.0032458333578193914,0.3463971328253366,0.0033880894560883255,0.512852432628805,0.011202976954312218,1.821843385814013
2023-12-08,-0.017261276866553654,-0.017261276866553654,-0.44545104142382996,-0.0006946113085434641,-0.05195636384111422,0.001195122335382087,0.1275441172463638,0.002355621139956226,0.35656851675137563,0.0106336918778949,1.7292654705560244
2023-12-11,-0.018277093081426554,-0.018277093081426554,-0.47166557898722,-0.004211107663120083,-0.3149874458248625,-0.0007520992062987773,-0.08026444365496728,0.0013239854288870866,0.20041063164659628,0.01005547617870847,1.635235245247818
2023-12-12,0.030018355634356286,0.030018355634356286,0.7746650425997521,0.0026347849963751914,0.19707978581839106,0.0023249462777667294,0.2481195538431416,0.0027587039391605466,0.417582842613194,0.010454733767821427,1.7001630587145329
2023-12-13,0.04141449897441851,0.04141449897441851,1.068758229233141,0.010390727791983856,0.7772180312847721,0.006233901547431907,0.6652854242019894,0.004691493690923445,0.7101477051407747,0.011073929071953368,1.800857443248249
2023-12-14,0.010230452596408535,0.010230452596408535,0.2640109302769778,0.010358672752868791,0.7748203402959862,0.00663355665232957,0.7079368382439493,0.004968441636197699,0.7520690975025435,0.011057059542442472,1.7981140973602268
2023-12-15,-0.0011821382819798831,-0.0011821382819798831,-0.03050670775319374,0.008050510545899057,0.6021716748414925,0.005851987158898625,0.6245273092316176,0.00466091264028882,0.7055186755907641,0.010812275585954025,1.7583069966315044
2023-12-18,0.011559128862065116,0.011559128862065116,0.2982992526778929,0.008752234209132268,0.6546600370585076,0.006422701329215274,0.6854342414326263,0.0050058234513776344,0.7577275534257363,0.010827212651476245,1.7607360825910763
2023-12-19,-0.017589055423782085,-0.017589055423782085,-0.45390981888291354,0.0034839762825493977,0.26059860690940995,0.004021525653915538,0.4291794440845082,0.0038760795076196483,0.5867191024054164,0.010258887289971078,1.6683142374805224
2023-12-20,0.019293433850331,0.019293433850331,0.4978936533904071,0.006645867796105718,0.4971055337098738,0.005548716473557085,0.5921620938026715,0.0046469472247552155,0.7034047416401092,0.010439578221178277,1.6976984430572106
2023-12-21,-0.008840957260178639,-0.008840957260178639,-0.228153087930652,0.0035485027848488468,0.26542513707042137,0.004109749100183512,0.4385946991103323,0.003972552000508523,0.6013220676756859,0.010053967511551139,1.6349899037378615
2023-12-22,0.015167592153064957,0.015167592153064957,0.39142062158601293,0.005872320658492069,0.4392448337244627,0.005215533405471657,0.5566046123279361,0.004532304008136345,0.6860512882294487,0.010156240004381416,1.651621595954441
2023-12-26,0.020553502741030183,0.020553502741030183,0.5304114679163605,0.008808557074999692,0.6588729418522956,0.0067493303390275105,0.7202922701801493,0.005333363944781037,0.8073070999529148,0.010364185259114391,1.6854379367798906
2023-12-27,-0.03246604505688977,-0.03246604505688977,-0.8378310418927885,0.0005536366486218001,0.041411573347239036,0.0028277927994357823,0.3017836130092516,0.003443393494697497,0.5212237613975728,0.009507580652794308,1.5461357278539534
2023-12-28,-0.019678573705811275,-0.019678573705811275,-0.5078327182141652,-0.0034928054222648154,-0.26125901941611124,0.0005771561489110763,0.06159442372285654,0.002287295134672058,0.34622606314265353,0.008923857565622195,1.4512098836030547
2023-12-29,-0.020393498345225636,-0.020393498345225636,-0.5262823339424056,-0.00687294400685698,-0.5140906505375764,-0.0015199093005025949,-0.1622055619646378,0.0011532554606771732,0.17456737081953916,0.008337510447405239,1.3558573158461882
2024-01-02,-0.023389647430281713,-0.023389647430281713,-0.6036020907899045,-0.010176284691541927,-0.7611778608862502,-0.0037068831134805065,-0.39560061798457646,-7.388968387077137e-05,-0.011184623254620048,0.007702967289851499,1.2526670424646258
2024-01-03,-0.009989548128102155,-0.009989548128102155,-0.25779405842442893,-0.010138937378853973,-0.7583843121164034,-0.004335149614942671,-0.4626495668261481,-0.0005696726060823406,-0.0862308937287112,0.0073491169814924266,1.1951234228998204
2024-01-04,-0.003039775474321549,-0.003039775474321549,-0.07844559595442613,-0.008719104997947489,-0.6521819988680628,-0.00420561220088056,-0.4488252622861056,-0.0006931777494943009,-0.10492577001870196,0.0071413391323761465,1.1613343058039889
2024-01-05,0.008342513872257928,0.008342513872257928,0.2152900692816479,-0.005306781223906406,-0.39694294161814936,-0.002950799593566711,-0.3149109661749162,-0.00024139316840668938,-0.03653949378900877,0.007165362627173782,1.1652410392802515
2024-01-08,-0.012641193142330698,-0.012641193142330698,-0.32622341288100004,-0.006773663607591265,-0.5066645570042635,-0.00391983894844311,-0.4183273825831847,-0.00086138316710289,-0.13038689160948325,0.006769231511783693,1.1008216572328064
2024-01-09,-0.01926839073454678,-0.01926839073454678,-0.49724738126970475,-0.009272609032982368,-0.6935836528263032,-0.005454694127053477,-0.5821279769334553,-0.0017817335454750846,-0.26969960354831357,0.006248479066857084,1.0161361846744756
2024-01-10,-0.04549596721143967,-0.04549596721143967,-1.1740861427342675,-0.016517280668673827,-1.2354792292209287,-0.009458821435492096,-1.0094506599570205,-0.0039674452287733145,-0.60054905966004,0.005213590141291149,0.8478411366900429
2024-01-11,-0.022628115622072675,-0.022628115622072675,-0.5839497128304624,-0.017739447659353598,-1.3268963312193256,-0.010775750854150154,-1.149994096562453,-0.0049004787484382825,-0.7417816087075645,0.004656756026023872,0.7572880137092086
2024-01-12,-0.001115785617637588,-0.001115785617637588,-0.02879438579340917,-0.014414715251010396,-1.078209037249918,-0.009809754330498898,-1.0469024127870297,-0.0047112440918982475,-0.7131373077816141,0.004541305193150643,0.7385132418682427
2024-01-16,0.009401490583276217,0.009401490583276217,0.2426184229378431,-0.009651474084153074,-0.7219224520989266,-0.007888629839121386,-0.8418789435412829,-0.004005607358139524,-0.6063256311270613,0.004638508900953154,0.7543206413531124
2024-01-17,-0.031768716500035765,-0.031768716500035765,-0.8198355173283759,-0.014074922567329612,-1.0527928194505172,-0.010276638505212824,-1.096728550377494,-0.005393762815234336,-0.816449629405419,0.0039103643929333754,0.6359087887479873
2024-01-18,0.010809985972145553,0.010809985972145553,0.2789665878310337,-0.00909794085943458,-0.6805186147759704,-0.008167976057476987,-0.8716909266090116,-0.004583575375865341,-0.6938121947830731,0.004048356824517619,0.6583493061032764
2024-01-19,-0.004522714971837094,-0.004522714971837094,-0.11671489368041295,-0.008182895681915082,-0.612073975897355,-0.007803449948912998,-0.8327884985030369,-0.004580532355663929,-0.6933515752117603,0.0038769353885905245,0.6304725184865433
2024-01-22,0.00274492107277724,0.00274492107277724,0.07083647171340257,-0.005997332330976619,-0.44859560567433665,-0.006748612846743974,-0.7202156990064498,-0.00421425968424187,-0.6379091694019897,0.0038542951022742587,0.626790724259309
2024-01-23,-0.1046819304484995,-0.1046819304484995,-2.701461502358209,-0.025734251954481195,-1.92490122357728,-0.016541944606919528,-1.7653654859971106,-0.009237643222454753,-1.398294779342275,0.0016835705912587834,0.2737845448352175
2024-01-24,-0.02214020567110564,-0.02214020567110564,-0.5713585240406894,-0.025015442697806086,-1.8711348727954515,-0.01710177071333814,-1.8251104379913374,-0.009882771344887296,-1.4959473151548235,0.001207095066011495,0.19629944531978044
2024-01-25,0.0007008349477761744,0.0007008349477761744,0.018086011815152757,-0.019872187168689638,-1.4864235208323766,-0.01532151014722671,-1.6351200448316268,-0.009353591030254122,-1.4158457076924778,0.0011969698636467884,0.19465287110710489
2024-01-26,0.05225446691317903,0.05225446691317903,1.3484985430379728,-0.005446856352315902,-0.40742044788276155,-0.008563912441186136,-0.9139454766670657,-0.006273188133082464,-0.94956754716385,0.0022181198046374332,0.36071366668895116
2024-01-29,-0.042645787912598765,-0.042645787912598765,-1.1005333374158268,-0.012886642664372476,-0.9639104441943682,-0.011972099988327399,-1.2776691384553867,-0.008091818122058279,-1.2248521363065366,0.0013208416502927096,0.21479706993123707
2024-01-30,0.008021390374331583,0.008021390374331583,0.20700303480077908,-0.008705036056631664,-0.6511296534413852,-0.009972750952061502,-1.0642975024743926,-0.0072861576972387855,-1.1028999523112324,0.001454852624773487,0.23659011730426754
2024-01-31,-0.018355473283115042,-0.018355473283115042,-0.47368828812624086,-0.01063512350192834,-0.7954986326382246,-0.010811023185166857,-1.1537583792551607,-0.007839623476532599,-1.186677631432887,0.0010586461066157164,0.17215847315594224
2024-02-01,-0.0042152983549385015,-0.0042152983549385015,-0.10878158415718707,-0.009351158472530373,-0.6994590873469843,-0.010151450702144021,-1.0833684387305826,-0.007658407220452893,-1.1592470694696084,0.000953167217384632,0.15500535238524457
2024-02-02,-0.03826108761067615,-0.03826108761067615,-0.9873801025234897,-0.015133144300159529,-1.1319469488164446,-0.012962414392997234,-1.383356039955383,-0.009188541239964055,-1.3908622509236408,0.00016888212082341635,0.02746384073261474
2024-02-05,0.06190387419614951,0.06190387419614951,1.5975147981245574,0.00027425939910227966,0.020514381138543984,-0.005475785534082559,-0.5843788635677077,-0.0056339204681583755,-0.8528021041888674,0.0014035819623299383,0.22825241227818266
2024-02-06,0.004357569115392312,0.004357569115392312,0.1124530772279638,0.0010909213423602863,0.08160003370023033,-0.004492450069135072,-0.47943675837839006,-0.00513434598898084,-0.7771819087229339,0.0014626617053911859,0.2378600406407756
2024-02-07,0.006243347490906048,0.006243347490906048,0.16111818744902756,0.002121406572069439,0.15867949507544446,-0.00341887031313096,-0.3648637324886728,-0.004565461314986496,-0.6910702836538353,0.0015582754211014831,0.25340887344390445
2024-02-08,0.010148322688499523,0.010148322688499523,0.2618914548005719,0.003726789795355456,0.27876086119712745,-0.0020621510129679114,-0.2200738977015268,-0.003829772114812195,-0.5797095888262149,0.001730076366449444,0.28134737740006055
2024-02-09,-0.042267425388524904,-0.042267425388524904,-1.090769170970468,-0.005472053241420617,-0.4093051547999782,-0.006082678450523611,-0.649146811583505,-0.005751654778497831,-0.8706234540215767,0.0008501263313499571,0.1382487030181824
2024-02-12,0.007119938689508887,0.007119938689508887,0.183739831568369,-0.0029536548552347164,-0.2209309932506604,-0.004762416736520361,-0.5082477505740896,-0.005108075105097495,-0.7732053057195298,0.0009755225785131357,0.15864081168999403
2024-02-13,0.020831087678252258,0.020831087678252258,0.5375749298273813,0.0018032936514626786,0.13488490601201275,-0.0022030662950431,-0.23511245461466174,-0.0038111169659300072,-0.5768857736320528,0.0013726338805079182,0.2232195930194252
2024-02-14,0.06819620240400948,0.06819620240400948,1.7598970004865886,0.015081875401972039,1.1281120767157473,0.004836860574862158,0.5161924382137025,-0.000210750997433032,-0.03190121250141508,0.002709105250977949,0.44055838935457287
2024-02-15,-0.029347682606309378,-0.029347682606309378,-0.7573574006965481,0.006195963800315757,0.4634530788601963,0.0014184062567450043,0.15137310094319603,-0.0016675975778768495,-0.2524229320224153,0.002067969493832203,0.33629601843938184
2024-02-16,-0.014123307008104158,-0.014123307008104158,-0.36447140404188233,0.002132109638631774,0.15948007579402565,-0.0001357650697399119,-0.014488923401579685,-0.002290383049388215,-0.3466934783613059,0.0017441439637934757,0.2836350692591118
2024-02-20,0.003309885124266776,0.003309885124266776,0.08541614777379165,0.0023676647357587744,0.17709940646202563,0.00020879994966075692,0.02228324621851562,-0.0020103696407054654,-0.30430806921764364,0.0017754587870029417,0.2887275285022901
2024-02-21,0.006752564735019284,0.006752564735019284,0.17425924030710052,0.0032446447356108766,0.2426968008511856,0.0008631764281966097,0.09211866626775791,-0.0015722229219192277,-0.23798614546381194,0.0018750009059632687,0.30491520359770113
2024-02-22,-0.015462619989818571,-0.015462619989818571,-0.399034221561665,-0.0004968082094750129,-0.037160852081234284,-0.0007694032136049085,-0.08211113689409875,-0.002266742775314195,-0.3431150686929643,0.0015282484880476319,0.24852585265366867
2024-02-23,0.06110562385072038,0.06110562385072038,1.5769148477015773,0.011823678202564067,0.8844015625383823,0.005418099492827621,0.5782225773102458,0.0009018755559875341,0.13651619262458017,0.002719795995301087,0.4422969327715563
2024-02-26,-0.01774159594345337,-0.01774159594345337,-0.45784633724550167,0.0059106233733605806,0.4421098458043608,0.0031021299491995223,0.3310610255038589,-3.029801898451123e-05,-0.0045861872720385525,0.0023105681565259977,0.3757477437119122
2024-02-27,0.018760575497393406,0.018760575497393406,0.4841425091336712,0.008480613798167147,0.6343430500973116,0.004667974504018911,0.49816882323873657,0.0009092456568343848,0.1376317989853375,0.002639568303343346,0.4292501961275008
2024-02-28,-0.01792530382314217,-0.01792530382314217,-0.4625871722925139,0.003199430273905284,0.23931479570044611,0.002408646671302803,0.2570521061774754,-3.24818171644431e-05,-0.004916747082652721,0.0022282708608136357,0.3623644452836998
2024-02-29,-0.008926832768712978,-0.008926832768712978,-0.23036922379389999,0.0007741776653816318,0.057907862952270836,0.0012750987273012248,0.1360792420665476,-0.00047719936474186994,-0.07223329201565461,0.0020051687882231034,0.3260832820743078
2024-03-01,-0.07890098632759335,-0.07890098632759335,-2.0361487044504547,-0.015160855133213363,-1.1340196967069223,-0.0067425097781882316,-0.7195643761515494,-0.004398388712884445,-0.6657806354541133,0.00038704568590677423,0.06294189711830885
2024-03-04,-0.016716730442929983,-0.016716730442929983,-0.43139827039292206,-0.015472030195156687,-1.1572953395560295,-0.007739931844662407,-0.826009811254075,-0.005014305799386721,-0.7590115197634748,4.4970163330039026e-05,0.007313109270502583
2024-03-05,-0.03133506982343326,-0.03133506982343326,-0.8086446671267398,-0.018644638120812004,-1.3946038453104184,-0.010099445642539492,-1.0778184299798186,-0.006330344000589048,-0.9582191858143841,-0.0005826306364052269,-0.09474818841780237
2024-03-06,0.041009427279510735,0.041009427279510735,1.0583047958201346,-0.006713825040747457,-0.5021886806221371,-0.0049885583503344695,-0.5323817087913186,-0.003963355436584058,-0.5999299910373278,0.0002492105219130924,0.04052695483300665
2024-03-07,-0.033333350147426,-0.033333350147426,-0.8602130451940708,-0.012037730062083167,-0.9004124684324454,-0.007823037530043622,-0.8348788960048945,-0.0054318551721261555,-0.8222156394679423,-0.00042244069147368945,-0.0686978811791449
2024-03-08,0.013223182471203687,0.013223182471203687,0.34124244969086437,-0.006985547555425797,-0.5225133048584655,-0.005718415529918891,-0.6102724710422431,-0.004499103289959663,-0.6810257216667543,-0.0001495282282201419,-0.02431648433147011
2024-03-11,-0.02655116784195477,-0.02655116784195477,-0.6851894826584203,-0.010898671612731593,-0.8152118180789354,-0.007801690761122479,-0.8326007570081543,-0.005601706517559419,-0.8479259038572701,-0.0006775610204948345,-0.11018589690115908
2024-03-12,-0.030511405294327942,-0.030511405294327942,-0.787388868664648,-0.014821218349050863,-1.1086151400653448,-0.010072662214443025,-1.0749600877061773,-0.006847191456397845,-1.0364539781494069,-0.0012742379059714967,-0.20721830549281806
2024-03-13,-0.02747809794929046,-0.02747809794929046,-0.7091101917016687,-0.017352594269098784,-1.2979600106468971,-0.01181320578792777,-1.2607118614256185,-0.007878736781042475,-1.1925981815322935,-0.001798315106837876,-0.292444454394858
2024-03-14,0.04204462157624156,0.04204462157624156,1.0850194114954246,-0.005473151100030715,-0.409387273735692,-0.006427423051510837,-0.6859381462499332,-0.005382568863178273,-0.814755209698653,-0.0009214563731762873,-0.14984849166731604
2024-03-15,0.01376306481054268,0.01376306481054268,0.35517485759811923,-0.0016259079179160364,-0.12161659667265279,-0.0044083742653054855,-0.47046414204970705,-0.004425287179492225,-0.669852235160253,-0.0006277659495019078,-0.1020881545685121
2024-03-18,0.0037131549511610906,0.0037131549511610906,0.09582308149912654,-0.000558095344100611,-0.04174508016134432,-0.003596221343658828,-0.38379073264734537,-0.004018365072959559,-0.6082567563718456,-0.0005409475314886479,-0.08796962506788578
2024-03-19,0.019595372194499694,0.019595372194499694,0.5056855885349237,0.00347259816361945,0.25974753281994334,-0.0012770619898429762,-0.13628876253185668,-0.002837678209586596,-0.42953711573024617,-0.00013822113696888106,-0.022477709736742783
2024-03-20,-0.05499176246843074,-0.05499176246843074,-1.4191382277610844,-0.008220273962790589,-0.614869841062573,-0.006648532037701753,-0.709535019661175,-0.005445382422528804,-0.8242632487078078,-0.001235291963598118,-0.20088486324736898
2024-03-21,0.012418213660758237,0.012418213660758237,0.3204691200178192,-0.004092576438080824,-0.30612140610030575,-0.004741857467855754,-0.5060536540406833,-0.004552202618364452,-0.6890633251882364,-0.000962221851110991,-0.15647782926639947
2024-03-22,0.05818918964127473,0.05818918964127473,1.5016522430932875,0.008363776777790287,0.6256037355106532,0.0015512472430572952,0.16554996454262047,-0.0014151330053824916,-0.21420756851610198,0.00022080637873672334,0.03590783434506673
2024-03-25,0.015847249423437626,0.015847249423437626,0.4089601142457602,0.009860471306919756,0.7375552752538187,0.0029808474610953286,0.31811769123193556,-0.0005520138839414854,-0.08355790686563423,0.0005333352396307414,0.08673170378778579
2024-03-26,-0.02182904268743091,-0.02182904268743091,-0.5633285343590438,0.0035225685080496226,0.2634852741503055,0.0004998584462427048,0.05334517010242495,-0.001615865324115957,-0.24459226151312025,8.608768108950824e-05,0.013999696065840513
2024-03-27,-0.007213292765906432,-0.007213292765906432,-0.186148962183325,0.001375396253258412,0.10287852685532228,-0.0002714566749722089,-0.02897000663023708,-0.0018957366962054807,-0.28695617068952894,-5.989992785041056e-05,-0.009741007931200084
2024-03-28,-0.06482374006721425,-0.06482374006721425,-1.6728659614909194,-0.011864431010836122,-0.8874498396223963,-0.006726685014196414,-0.717875548577824,-0.00504213686475592,-0.7632242862096488,-0.0013551767306376875,-0.2203806875074397
2024-04-01,-0.00443093006093509,-0.00443093006093509,-0.11434625754391059,-0.010377730820855916,-0.7762458683607741,-0.006497109518870281,-0.6933751246246501,-0.005011576524564878,-0.7585983915831727,-0.0014166917972436356,-0.23038435150505393
2024-04-02,0.03688576328597026,0.03688576328597026,0.9518879626619917,-0.0009250319994906801,-0.06919164508132077,-0.0021588222383862265,-0.23039070439492804,-0.00291670953403812,-0.4415000250702007,-0.0006506426955793576,-0.10580840220448584
2024-04-03,-0.005821164523599598,-0.005821164523599598,-0.150223174066648,-0.0019042585043124638,-0.1424369953104549,-0.0025250564669075637,-0.26947542400835844,-0.003061932283516194,-0.4634822782864015,-0.0007540531321397624,-0.12262514838186647
2024-04-04,0.0015377011120198958,0.0015377011120198958,0.03968249666831302,-0.001215866581045992,-0.09094583645570503,-0.002118780709014818,-0.2261174502135995,-0.0028319506137393894,-0.42867013405770615,-0.0007082180472565693,-0.11517138438920493
2024-04-05,0.021081890878841048,0.021081890878841048,0.5440472521102816,0.003243684910931416,0.24262500674179469,0.00020128644977076855,0.021481401350816075,-0.0016362585391103673,-0.2476791664058501,-0.0002724158687346169,-0.044300639969977455
2024-04-08,0.0007517761914890286,0.0007517761914890286,0.019400620823440257,0.0027453031670429387,0.20534645555964323,0.0002563354239425946,0.0273562583492996,-0.0015168568025803973,-0.2296054195838883,-0.0002519320275301439,-0.040969529786798055
2024-04-09,-0.0028316588845722634,-0.0028316588845722634,-0.07307486050083829,0.0016299107567198982,0.12191600577632383,-5.2464006908891215e-05,-0.005598987861156793,-0.0015825969066799906,-0.23955644736686557,-0.00030352656467098633,-0.049359903757709246
2024-04-10,-0.0012170774277192598,-0.0012170774277192598,-0.03140836056696798,0.0010605131198320667,0.07932552325963493,-0.00016892534898992807,-0.01802780676052391,-0.0015643209327319539,-0.23679002758386117,-0.00032179758193195176,-0.05233116149435672
2024-04-11,-0.012185162407740258,-0.012185162407740258,-0.3144549112101764,-0.0015886219856823985,-0.11882763911112354,-0.001370549054864961,-0.1462657538650246,-0.002095363006482369,-0.31717344805752823,-0.0005590648784481179,-0.09091589273059869
2024-04-12,-0.07929980947129422,-0.07929980947129422,-2.0464408853869482,-0.017130859482804767,-1.2813744280466353,-0.009163475096507888,-0.9779311351582114,-0.005955585329722962,-0.9014922609520438,-0.0021338797703050402,-0.3470144374577296
2024-04-15,0.0057419539679908205,0.0057419539679908205,0.14817903650020534,-0.01255629679264565,-0.9392008402853282,-0.007672932190058017,-0.818859571023985,-0.0053707083648372725,-0.8129598954056843,-0.001976363095539123,-0.3213988610579903
2024-04-16,-0.04053539339247192,-0.04053539339247192,-1.0460716979859426,-0.018152116112610903,-1.357763597616335,-0.010959178310299408,-1.1695695762273222,-0.007128942616219005,-1.079102429314299,-0.002747543701477779,-0.4468093025796598
2024-04-17,-0.01507437209452478,-0.01507437209452478,-0.38901494948658827,-0.017536567308993677,-1.311721045171052,-0.011370697688721945,-1.2134871521078654,-0.007526214090134293,-1.1392370994439107,-0.002994080269338719,-0.486901415359188
2024-04-18,-0.056454343781938476,-0.056454343781938476,-1.456882154488281,-0.02532012260358264,-1.8939246832187762,-0.0158790622980436,-1.694622319025186,-0.009972620574724502,-1.5095477223132094,-0.004063285539590714,-0.6607770341014271
2024-04-19,0.01970691747704567,0.01970691747704567,0.5085641682981797,-0.01631471458745698,-1.220327450250269,-0.012320464320534673,-1.3148467728414854,-0.008488643672135992,-1.284919307296048,-0.0035878814792579864,-0.5834661776711704
2024-04-22,0.13611940457401706,0.13611940457401706,3.5127488536480262,0.014172109244837828,1.0600623042904835,0.0025235225689204995,0.2693117255660199,-0.001258241259828337,-0.19045898855395293,-0.0007937357581924856,-0.12907839113160335
2024-04-23,-0.023827006333090983,-0.023827006333090983,-0.6148887401055105,0.006572286129252066,0.4916016845671057,-0.00011153032128064866,-0.011902577629758595,-0.00238667951349147,-0.36126979829293027,-0.0012544011696904555,-0.20399242839451331
2024-04-24,0.06221690344698305,0.06221690344698305,1.605592949402584,0.017701209592798264,1.3240361547809436,0.006121313055545722,0.6532699180194095,0.0008434996345322572,0.1276798753687036,1.5024922643014707e-05,0.002443373404334924
2024-04-25,0.11590163670726827,0.11590163670726827,2.9910014869187993,0.03734129501569227,2.793098652830661,0.01709934542071798,1.8248516094202827,0.006596406488169059,0.9984928550179764,0.00233275715833552,0.3793561494374041
2024-04-26,-0.007642513827619712,-0.007642513827619712,-0.1972256032927493,0.028344533247029874,2.12014815217638,0.01462515949588421,1.5608051178237445,0.00588446047237962,0.8907261473114013,0.0021332517386164155,0.34691230608830265
2024-04-29,-0.026633842343197767,-0.026633842343197767,-0.6873230121164436,0.017348858128984346,1.2976805503893984,0.010499259311976013,1.1204867661171458,0.00425854533160075,0.6446126529648957,0.001557909856980132,0.2533494249081009
2024-04-30,0.0047252780788547,0.0047252780788547,0.12194231385753075,0.014824142118958416,1.1088338356886898,0.009921861188663882,1.0588665187522528,0.004281881968963448,0.648145101383378,0.0016212572214176232,0.2636510596771317
2024-05-01,-0.004156155005464401,-0.004156155005464401,-0.1072553085044525,0.011028082694073852,0.8248916622516274,0.008514059569251053,0.9086251505758265,0.003859980120242055,0.5842821508173774,0.0015057089768799826,0.24486044661849363
2024-05-02,0.009335512857016726,0.009335512857016726,0.24091577677207687,0.010689568726662428,0.799571091394514,0.00859620489802762,0.9173917455381488,0.004133756757080788,0.6257235047188716,0.0016623050544827174,0.2703263142524662
2024-05-03,-0.007617024657389115,-0.007617024657389115,-0.19656782012224416,0.0070282500498521205,0.5257074168892494,0.006974881942485947,0.7443632621655941,0.0035462176863572934,0.5367881783084238,0.0014767184602452806,0.24014596927933127
2024-05-06,-0.059265339475442325,-0.059265339475442325,-1.5294237728627271,-0.006230467855206768,-0.4660339542474259,0.00035085980069312055,0.03744395216438856,0.0004056398282673117,0.06140138133725776,0.00026187730153152847,0.04258684380372606
2024-05-07,0.019931221178015157,0.019931221178015157,0.5143526344681234,-0.0009981300485623831,-0.07465932000531371,0.0023088959384253245,0.2464066527432307,0.0013819188957547041,0.20917997490000043,0.000655264179061201,0.10655995414897185
2024-05-08,-0.01119931156275511,-0.01119931156275511,-0.28901367131916267,-0.0030383663514009286,-0.22726734462041567,0.0009580751883072813,0.10224631448229858,0.0007528573728292134,0.11395942760134956,0.0004181726642248747,0.06800380876915621
2024-05-09,-0.01762498120757372,-0.01762498120757372,-0.4548369332515475,-0.005955689322635488,-0.44548074234545243,-0.0009002304512808189,-0.09607309212424643,-0.0001660345561909335,-0.025132520007684362,5.73095867889028e-05,0.009319763136253517
2024-05-10,0.026470588235294024,0.026470588235294024,0.6831100148425658,0.0005295661889504148,0.0396111224401961,0.0018368514173766654,0.19602980013517907,0.0011657965833833147,0.17646571068662364,0.0005855751597590052,0.09522703081999004
2024-05-13,0.030945523762088145,0.030945523762088145,0.7985918940873964,0.006612757703577961,0.49462892557950466,0.004747718651847813,0.5066791628410412,0.002654782942318556,0.40185240316571924,0.0011927741318055879,0.19397055547486589
2024-05-14,-0.03224006664672874,-0.03224006664672874,-0.8319993575438408,-0.0011578071664833786,-0.08660303922462817,0.0010489401219901584,0.1119434705073567,0.0009100404628661913,0.137752108148411,0.0005241173162349014,0.08523267251796003
2024-05-15,-0.0031591213812525165,-0.0031591213812525165,-0.08152548158183773,-0.0015580700094372062,-0.1165423760088155,0.0006281339716658909,0.06703480518834537,0.0007065823706602558,0.10695481696758757,0.00045045254228515304,0.0732532065478747
2024-05-16,0.023105701160028413,0.023105701160028413,0.5962744659119428,0.003374684224455918,0.252423649396616,0.002875890690502143,0.30691664657063134,0.001826538310128664,0.27648166548727976,0.0009035575146400182,0.1469377548898588
2024-05-17,-0.011545410452494131,-0.011545410452494131,-0.29794523021030167,0.00039066528906590804,0.029221447519137668,0.0014337605762025157,0.15301172241578434,0.001157940871997524,0.1752765978410366,0.0006545781552973353,0.10644839202920608
2024-05-20,0.041821046244712834,0.041821046244712834,1.0792497419028395,0.008676741480195293,0.6490132420182241,0.005472489143053548,0.5840270708922243,0.0031910961406332898,0.4830337096133361,0.0014779075170856452,0.24033933532380405
2024-05-21,-0.005742428311232173,-0.005742428311232173,-0.14819127758135398,0.0057929075219098,0.43330479536447064,0.004350997397624976,0.46434085096726535,0.0027444199180400165,0.4154206815857686,0.001333500800519289,0.21685571819985125
2024-05-22,-0.038283864670154544,-0.038283864670154544,-0.9879678959378276,-0.0030224469165030686,-0.22607658377111056,8.751119084702413e-05,0.009339242732998847,0.000693005688630288,0.10489972530122536,0.0005411534911058122,0.0880031185016227
2024-05-23,0.00892242960002676,0.00892242960002676,0.2302555939568952,-0.0006334716131971029,-0.047383164099792055,0.0009710030317649978,0.10362598109290248,0.0011044768842001116,0.16718379611448597,0.0007087790132842311,0.11526260944941259
2024-05-24,-0.012528296664086058,-0.012528296664086058,-0.32330996365033493,-0.003012436623374894,-0.22532782194485376,-0.00037892693782010784,-0.04043929257642241,0.00042283820678580303,0.06400468634876787,0.0004440374997368253,0.07220998358276026
2024-05-28,0.025202361376194027,0.025202361376194027,0.6503816726975875,0.0026305229765388903,0.19676099018320733,0.0021792018935813057,0.232565632479433,0.0016618143652562143,0.25154753168268323,0.0009392039772659693,0.15273463124045755
2024-05-29,-0.0004479887458528342,-0.0004479887458528342,-0.011560967066867028,0.0020148206320605455,0.15070695300574863,0.0019164828296378915,0.20452810853529133,0.0015563242097007617,0.23557956991656553,0.0009114601228035933,0.1482228878033874
2024-05-30,-0.0020728017769607865,-0.0020728017769607865,-0.05349150687695897,0.001197296150256279,0.08955678325871667,0.0015175543689780239,0.16195424236865602,0.0013748679103676843,0.20811267279507367,0.0008517748848083056,0.1385167930291234
2024-05-31,-0.01880652339126987,-0.01880652339126987,-0.4853282578669043,-0.0028034677580489505,-0.20969711990358378,-0.0005148534070467654,-0.05494544062057763,0.0003657983452858063,0.05537060743608852,0.00045860891928674205,0.07457960769581518
2024-06-03,0.0032612846332520373,0.0032612846332520373,0.08416194511522858,-0.001590517279788753,-0.1189694055767202,-0.00013723960301688517,-0.014646286409193307,0.0005105726596841178,0.07728498138743731,0.000514662433566048,0.08369510660809999
2024-06-04,-0.0042771598169050185,-0.0042771598169050185,-0.11037800444926756,-0.0021278457872120063,-0.15916114315788066,-0.0005512316244056985,-0.05882774411594163,0.0002711860358546609,0.04104921667080077,0.0004188259885566267,0.06811005326269108
2024-06-05,0.008762879300186155,0.008762879300186155,0.22613817855518792,5.029923026762589e-05,0.0037623417248889043,0.00038017946805348683,0.04057296329632376,0.0006957706990712356,0.10531826275404729,0.0005857070547892172,0.09524847976962132
2024-06-06,-0.00039747528687872347,-0.00039747528687872347,-0.010257397633394979,-3.9255673161643984e-05,-0.002936292589147523,0.00030241399256026577,0.03227378870106727,0.0006411083997737377,0.09704407355947639,0.0005660434079558583,0.092050750713279
2024-06-07,-0.01215494387892535,-0.01215494387892535,-0.3136750804227461,-0.0024623933143143855,-0.1841850274892838,-0.0009433217945882959,-0.10067182413719558,1.3057858387830997e-06,0.0001976557740259085,0.00031162366221823415,0.05067666479996652
2024-06-10,-0.016099373742161083,-0.016099373742161083,-0.4154665298030735,-0.005189789399883725,-0.38819204784404143,-0.0024589269893455744,-0.26241804955395953,-0.0008037281905612103,-0.1216597032173872,-1.659628586935224e-05,-0.0026989106345094867
2024-06-11,0.10092335650567308,0.10092335650567308,2.6044663211764143,0.016032839781227638,1.199243442820553,0.007879301360156292,0.8408834031019238,0.004282626044250505,0.6482577314735725,0.0020022027699614963,0.32560094414090407
2024-06-12,-0.013748056405763376,-0.013748056405763376,-0.3547875450261272,0.010076660543829436,0.7537260552472592,0.005716565583564325,0.6100750437431619,0.0033810919217498103,0.5117932213669942,0.001687197586446999,0.27437437173756474
2024-06-13,-0.04241122041648937,-0.04241122041648937,-1.0944799998653139,-0.00042091564823432473,-0.0314841499081534,0.0009037869835589558,0.09645264721784957,0.0010914763048378508,0.1652159086552165,0.0008052292263882716,0.1309474745991451
2024-06-14,0.048561148148418054,0.048561148148418054,1.2531873616698803,0.009375497111096151,0.7012795978183335,0.005669523100044866,0.6050546438594564,0.003464959897016861,0.5244882507317201,0.0017603476048288673,0.2862701274554129
2024-06-17,-0.010077213268734342,-0.010077213268734342,-0.26005637821068067,0.005484955035130053,0.410270198530084,0.004094849463166945,0.43700460159955173,0.0027878512387293007,0.42199484639353524,0.0015235963873576031,0.2477693216970458
2024-06-18,-0.01288710048955699,-0.01288710048955699,-0.33256939091973786,0.0018105439301926447,0.13542722099452217,0.0023966544678945515,0.2557722915909166,0.002004103652314986,0.3033595914898473,0.0012353824498193113,0.2008995782400232
2024-06-20,0.014646177313487163,0.014646177313487163,0.37796479296456165,0.004377670606851548,0.3274462192432016,0.0036216067524538127,0.38649987752719506,0.002636207335373595,0.39904062817195074,0.0015035983470926683,0.24451721312496755
2024-06-21,-0.003081620373341698,-0.003081620373341698,-0.0795254612500763,0.002885812410812899,0.2158564333019579,0.0029512840398742616,0.31496266655304533,0.00235031594993783,0.3557654743164709,0.0014118939726839809,0.22960412273408082
2024-06-24,0.011605203147944554,0.011605203147944554,0.29948826313097376,0.00462969055823923,0.3462971076875249,0.003816675950681291,0.40731777035146854,0.0028130603098381664,0.4258107236335125,0.0016157601561891924,0.26275711943529717
2024-06-25,0.04626356381162178,0.04626356381162178,1.193895031009911,0.01295646520891574,0.9691331140299764,0.00806136473677534,0.8603133074441808,0.004985585484927347,0.7546641483828621,0.002508716229297844,0.4079708534499206
2024-06-26,0.022441998892785975,0.022441998892785975,0.5791467140993661,0.014853571945689786,1.1110351629153403,0.009499428152376404,1.0137842312626109,0.005858406155320278,0.8867823258575863,0.0029073818825676064,0.47280240550280345
2024-06-27,0.007366580797905753,0.007366580797905753,0.19010477113186314,0.01335617371613298,0.9990309869496022,0.009286143416929338,0.9910223662222231,0.005933814887449552,0.8981968862507472,0.0029965658608743693,0.48730562564343005
2024-06-28,0.0888966010216905,0.0888966010216905,2.294099318972166,0.028464259177244485,2.129103554881369,0.017247189177405454,1.8406295769796133,0.0100819541941616,1.5260974661801159,0.004714566564090692,0.7666892422252456
2024-07-01,0.07158846092850024,0.07158846092850024,1.8474389073915891,0.03708909952749564,2.774234634375062,0.022681316352514934,2.4205626374158324,0.013157279530878533,1.9916070403816188,0.006052044451378882,0.9841917196975902
2024-07-02,0.06501534856211144,0.06501534856211144,1.677810682803106,0.0426743493344188,3.1920068006827385,0.026914719573474584,2.8723537727497632,0.01575018298244018,2.3840927937655603,0.007231310533593533,1.175965577731869
2024-07-03,-0.008406352288738983,-0.008406352288738983,-0.21693750760988856,0.03245820900978724,2.427847770690179,0.023382612387253227,2.495405338477456,0.01454235621888122,2.201265007807231,0.006918557277146883,1.1251052167784528
2024-07-05,0.013281632541930932,0.013281632541930932,0.34275083432996356,0.028622893716215982,2.1409692900388535,0.022372514402721,2.3876071223824433,0.014479320035033705,2.191723270303299,0.0070458187824425636,1.145800656270759
2024-07-08,0.0470119035576444,0.0470119035576444,1.2132069696215053,0.03230069568450167,2.4160659014091825,0.02483645331821334,2.650560047469366,0.01610594921116424,2.4379448476186374,0.007845140477946601,1.2757874401435172
2024-07-09,0.0019025876074008075,0.0019025876074008075,0.04909889561872107,0.026221074069081498,1.9613151238420368,0.022543066747132086,2.405808562995011,0.015395781130976068,2.330447264623787,0.007726289420535685,1.2564597191525593
2024-07-10,-0.10444354734582828,-0.10444354734582828,-2.695309697821171,8.814978609954227e-05,0.006593532674709727,0.009844405337836051,1.0506003874726937,0.00940381470713585,1.4234480261076754,0.005482892685208406,0.8916354835336907
2024-07-11,0.0855385831548019,0.0855385831548019,2.207441039431806,0.017178236459840013,1.2849181875942546,0.017413823119532636,1.8584128435312324,0.013210553129519152,1.9996710230514494,0.007084006494600276,1.1520107940848083
2024-07-12,-0.0025784414539277156,-0.0025784414539277156,-0.06654023568372297,0.013226900877086467,0.9893614831887747,0.015414596662186603,1.6450542892404254,0.012421103400346809,1.8801726392892844,0.006890757535629716,1.1205843849123391
2024-07-15,-0.010105369377329532,-0.010105369377329532,-0.260782985401628,0.008560446826203268,0.6403144959983008,0.01286260005823499,1.3727037988927864,0.011294779761462991,1.7096819171240563,0.006550834997370531,1.0653057183095096
2024-07-16,-0.006489136301084275,-0.006489136301084275,-0.16746110647585594,0.00555053020074576,0.4151751678586359,0.010927426422303063,1.1661809971626487,0.010405583958335627,1.5750850487037957,0.006290035571401434,1.0228941600992607
2024-07-17,-0.013142710183152828,-0.013142710183152828,-0.3391657513796594,0.0018118821239660422,0.13552731680598593,0.008520412761757475,0.9093031667972107,0.009228169251261204,1.3968607117840717,0.005901380656310348,0.9596905679370672
2024-07-18,-0.014447664027060547,-0.014447664027060547,-0.37284188398981793,-0.0014400271062392758,-0.10771286236286924,0.006223605082875672,0.6641865798044712,0.008044377587345115,1.2176710999294904,0.00549439976264293,0.8935067801541902
2024-07-19,0.038450510345591216,0.038450510345591216,0.9922684172866207,0.006538080384126822,0.4890431225089811,0.009446295609147226,1.0081138968352543,0.00956468422525742,1.4477987183706014,0.006153521974301896,1.0006941328240335
2024-07-22,-0.11111990243039527,-0.11111990243039527,-2.867602243055655,-0.016993516178777597,-1.2711012600353921,-0.0026103241948070236,-0.2785752431336222,0.0035304548924747856,0.5344021766126469,0.003808053486207952,0.619270849611408
2024-07-23,-0.03823970893091344,-0.03823970893091344,-0.9868283962251557,-0.02124275472920477,-1.588940865377591,-0.0061732626684176655,-0.6588140094641769,0.0014419467013053737,0.2182663365504312,0.002967098237865524,0.48251356061524475
2024-07-24,0.020249074390466637,0.020249074390466637,0.522555274724753,-0.012944388905270486,-0.9682298162887343,-0.0035310289625292354,-0.3768333656429842,0.002382303085763437,0.3606073418744574,0.0033127377609175465,0.5387219310792984
2024-07-25,0.016772871351004692,0.016772871351004692,0.43284706390696476,-0.007000936854015451,-0.5236644119408714,-0.0015006389311758425,-0.1601490174820964,0.0031018314990254995,0.4695217911148358,0.0035819404327192893,0.5825000365833614
2024-07-26,0.032681219666456096,0.032681219666456096,0.8433839192760955,0.0009354944500788581,0.06997422791972706,0.0019175469285873513,0.2046416697642581,0.004580800907397029,0.6933922256760979,0.0041639260173940255,0.6771433258093243
2024-07-29,-0.01872984328747307,-0.01872984328747307,-0.48334942209728887,-0.0029975730974315276,-0.22421604223096636,-0.00014719209301869082,-0.015708421651840027,0.003415268697653524,0.5169665330191209,0.003706050631296684,0.602683006280827
2024-07-30,-0.0009214193097938361,-0.0009214193097938361,-0.02377849531693653,-0.0025823423399039896,-0.19315711754780698,-0.00022461481469620534,-0.023971017370137328,0.003198434297281156,0.48414448060585125,0.003613501232474874,0.5876324968678199
2024-07-31,-0.056260694019230284,-0.056260694019230284,-1.4518847554466734,-0.01331801267576925,-0.9961765720080273,-0.005828222735149613,-0.6219911567732442,0.00022547788145558297,0.034130409337536236,0.002416017327440771,0.3928960316494951
2024-08-01,-0.13803054257321345,-0.13803054257321345,-3.5620684039123667,-0.03826051865525809,-2.8618558372893803,-0.019048454718956,-2.032861632746447,-0.006687323141277871,-1.0122548371963205,-0.0003929138705723134,-0.06389618930896918
2024-08-02,0.08384622976431011,0.08384622976431011,2.1637675275543367,-0.013839168971344452,-1.0351586412285403,-0.008758986270629389,-0.9347638637372504,-0.0021606454959984707,-0.3270552070814034,0.0012918690021253352,0.2100854983865924
2024-08-05,9.964768349157715e-05,9.964768349157715e-05,0.002571545820738444,-0.011051405640377246,-0.8266361997635877,-0.007873122875217292,-0.8402240317688521,-0.002047630837023968,-0.30994826715877655,0.0012680245757526601,0.20620788526172865
2024-08-06,-0.025252812752538212,-0.025252812752538212,-0.6516836400032234,-0.01389168706280944,-1.039086951975622,-0.009611091862949384,-1.025701044271491,-0.00320788993279968,-0.48557577270736657,0.0007376078291868427,0.11995079079506879
2024-08-07,0.006898345041224774,0.006898345041224774,0.17802130204334135,-0.009733680642002597,-0.7280714361094398,-0.00796014817253197,-0.8495114196750904,-0.002702578184098457,-0.40908713127210283,0.0008608225734276013,0.13998814048749905
2024-08-08,0.009997468613008209,0.009997468613008209,0.2579984574545389,-0.0057874507910004366,-0.43289663630771064,-0.006164386493977952,-0.6578667392141602,-0.0020675758442431236,-0.3129673271935587,0.0010435554942192136,0.16970441719433738
2024-08-09,-0.0027635566272264933,-0.0027635566272264933,-0.07131738788206766,-0.005182671958245648,-0.3876596689685214,-0.005824303507302806,-0.621572894607766,-0.0021023748833922918,-0.31823483034307726,0.0009674132517902993,0.15732206192253
2024-08-12,0.04494381072243803,0.04494381072243803,1.1598369834770348,0.004842624577891087,0.36222440006400747,-0.0007474920843287226,-0.07977276904784089,0.0002499343968992247,0.03783237281915471,0.0018469412012032539,0.30035209615461655
2024-08-13,-0.011427721318108097,-0.011427721318108097,-0.29490809988200545,0.0015885553986912503,0.11882265845806386,-0.0018155150077066601,-0.193752766683455,-0.00033394838885114153,-0.050549504614471205,0.0015814479508170268,0.2571772218183597
2024-08-14,0.029899470765189395,0.029899470765189395,0.7715970546873085,0.00725073847199088,0.542349370840901,0.0013559835695829455,0.1447113172123403,0.0011777225688508856,0.178270937714366,0.002147808407104474,0.34927953136356743
2024-08-15,0.028037004967362833,0.028037004967362833,0.7235335576660856,0.01140799177106527,0.8533085538108769,0.004024085709360935,0.4294526546188762,0.002520686688776483,0.3815543588765166,0.002665592338309641,0.4334822601734139
2024-08-16,0.035979164762862004,0.035979164762862004,0.9284919381735374,0.016322226369424618,1.2208893254633635,0.007219593614711042,0.7704790272967451,0.004193610592480759,0.6347835326446039,0.003331863786800688,0.5418322314837545
2024-08-19,-0.009827493178056645,-0.009827493178056645,-0.25361200707192827,0.011092282459928366,0.8296937527909334,0.005514884935434274,0.5885515733252167,0.003492555403953888,0.5286653608835338,0.003068676647503541,0.499032380076825
2024-08-20,0.005164634502762722,0.005164634502762722,0.13328051195835022,0.009906752868495237,0.7410170986113924,0.005479859892167118,0.5848136813180382,0.00357615935889433,0.5413204256993539,0.0031105958046087246,0.5058493305554727
2024-08-21,-0.04181932045419401,-0.04181932045419401,-1.0792052054997776,-0.0004384617960426114,-0.032796587566919604,0.000749941857531005,0.08003421020017197,0.0013063853682399123,0.19774652432761805,0.0022119974794326696,0.35971804581732136
2024-08-22,0.02000369836720428,0.02000369836720428,0.5162230082332488,0.0036499702366067674,0.2730148203605191,0.002675317508498333,0.2855113655507669,0.0022412510181881308,0.3392564014931972,0.002567831497188102,0.4175842589086398
2024-08-23,-0.025142857142857133,-0.025142857142857133,-0.6488460839393534,-0.0021085952392860133,-0.15772121774940867,-0.00010649995663721424,-0.011365734330223873,0.0008720456101358673,0.13200085721402247,0.0020136177243871975,0.3274572595921134
2024-08-26,-0.016553335424604354,-0.016553335424604354,-0.4271816367313852,-0.004997543276349681,-0.3738121933577628,-0.0017511835034339283,-0.1868872729338356,7.765583988560924e-07,0.00011754703324494937,0.0016422786614073664,0.2670695949077035
2024-08-27,0.00038146972434205395,0.00038146972434205395,0.009844352031053211,-0.003921740676211334,-0.29334302934255135,-0.00153791818065633,-0.16412747962428006,1.981121669601599e-05,0.0029988082686631776,0.0016170624826660602,0.2629689055424835
2024-08-28,-0.005576730943405495,-0.005576730943405495,-0.14391522861752562,-0.0042527387296501665,-0.31810141591594304,-0.0019417994569312464,-0.20722991301520996,-0.0002600158913090596,-0.03935840068814341,0.001473186614144629,0.23957161565132454
2024-08-29,0.03177869658656007,0.03177869658656007,0.8200930672170731,0.002953548333591882,0.22092302551796733,0.0014302501474178857,0.15263708751253094,0.0013419197325843975,0.20312533307283567,0.002079296813592938,0.33813808262189826
2024-08-30,-0.02169468683507292,-0.02169468683507292,-0.5598612964011023,-0.0019760987001410783,-0.14781058382964443,-0.0008822435508311947,-0.09415352015079477,0.00019008940420153124,0.02877368340630202,0.0016038171406196206,0.2608149299609429
2024-09-03,0.0612565144574837,0.0612565144574837,1.580808787787437,0.010670423931383878,0.7981390761985021,0.005331632250000296,0.5689947452878343,0.0032434106568656404,0.49095251673436646,0.002796871086956902,0.4548309892564361
2024-09-04,0.04076245195058714,0.04076245195058714,1.0519312570416577,0.01668882953522453,1.2483109456318362,0.00887471422005898,0.9471144145668524,0.005119362721551716,0.7749139033324782,0.0035561827042295065,0.5783112796597258
2024-09-05,-0.07050734619488719,-0.07050734619488719,-1.819539251548647,-0.0007504056107978142,-0.056129732504326416,0.0009365081785643629,0.09994467126313406,0.0013380272757297692,0.20253613494431177,0.0020749121262471724,0.3374250387878957
2024-09-06,0.017900140752097338,0.017900140752097338,0.4619378045609725,0.002979703661781216,0.2228794229032019,0.0026328714359176606,0.28098149718700133,0.002166132949548148,0.32788583860349396,0.002391416698764176,0.3888954438750045
2024-09-09,0.020357138994133273,0.020357138994133273,0.5253440307719739,0.006455190728251628,0.48284304331886974,0.004405298191739222,0.4701358617758148,0.0030756832517774045,0.46556375152232526,0.002750731144671558,0.44732764893741145
2024-09-10,0.0004898713375933728,0.0004898713375933728,0.012641805075120176,0.005262126850119977,0.39360283059057366,0.0040137555063246375,0.4283502096320883,0.0029463926560682027,0.44599313587451844,0.0027055139485299942,0.43997436685430824
2024-09-11,0.014866893454315022,0.014866893454315022,0.3836606772001783,0.007183080170958986,0.5372885846687669,0.005099069301123676,0.5441754986379115,0.0035424176959805436,0.5362129767578331,0.0029487415386456944,0.47952836916163283
2024-09-12,0.005701767770867505,0.005701767770867505,0.14714197629325562,0.00688681769094069,0.5151283908812823,0.005159339148098059,0.5506075300721358,0.0036503851997248915,0.5525559327682321,0.003003802063290131,0.48848238674570943
2024-09-13,0.000654138222800249,0.000654138222800249,0.016880938463255286,0.005640281797312602,0.4218885146602104,0.004708819055568278,0.5025277763914463,0.003500572850878659,0.5298789555102791,0.002956808786480333,0.4808402760029302
2024-09-16,0.0027892760869934197,0.0027892760869934197,0.07198111399147472,0.005070080655248765,0.3792379306065046,0.004516864758710792,0.482042307565774,0.003465008012684397,0.5244955339624209,0.002953458132490595,0.48029538808302724
2024-09-17,0.016993366614546312,0.016993366614546312,0.4385372480997664,0.007454737847108275,0.5576083590355858,0.005764514944294344,0.6151922260648215,0.004141425942777492,0.6268843833178026,0.003234256302131709,0.5259591692543732
2024-09-18,0.0321367703951323,0.0321367703951323,0.8293336553941945,0.012391144356713079,0.9268475717090479,0.00840174048937814,0.8966383961924481,0.005541193165395232,0.8387660453983505,0.0038123065839917205,0.6199624941714369
2024-09-19,0.004513068559989675,0.004513068559989675,0.11646595472666949,0.010815529197368398,0.8089928326836394,0.008012873296439293,0.855138274086873,0.005489786935124954,0.8309847248080652,0.0038263218235116796,0.6222416715297558
2024-09-20,0.04727752851014877,0.04727752851014877,1.2200617876419786,0.018107929059924473,1.354458441828911,0.011939338817810242,1.274172848201358,0.007579174013876144,1.147253601391354,0.004695345957244421,0.7635635609356192
2024-09-23,-0.006061116710577963,-0.006061116710577963,-0.15641547098696146,0.013274119905823986,0.9928934283315265,0.010139293264971422,1.08207099030522,0.006897159477653439,1.044017598173822,0.0044802167038879735,0.7285789484597638
2024-09-24,0.03191578772337511,0.03191578772337511,0.8236308929605767,0.01700245346933421,1.2717697621375057,0.012316942710811792,1.3144709447023122,0.008148090889939523,1.2333701008622813,0.005028928124277716,0.8178111477255916
2024-09-25,-0.012356105699491304,-0.012356105699491304,-0.318866338471532,0.011130741635569109,0.8325704680099956,0.009849637869781483,1.0511588061786163,0.0071228810604679815,1.0781848963941334,0.004681227447802336,0.7612675896817718
2024-09-26,0.006449621690174379,0.006449621690174379,0.16644137747681664,0.010194517646490164,0.7625416711633614,0.009509636251820773,1.0148736452864722,0.007089218091953301,1.0730893593618283,0.004716595332649776,0.767019163334232
2024-09-27,0.014013298189738954,0.014013298189738954,0.3616324748545789,0.010958273755139922,0.8196700101045886,0.009960002445612591,1.0629369748086486,0.007435422096842584,1.1254939869239036,0.00490252938979156,0.7972560131985831
2024-09-30,-0.05756275784459264,-0.05756275784459264,-1.485486307144845,-0.00274593256480659,-0.2053935340030933,0.0032077264165920683,0.34233033896172416,0.004185513099770822,0.6335578215503992,0.003653223645103876,0.594092209764834
2024-10-01,-0.012401564477366955,-0.012401564477366955,-0.32003946489219676,-0.004677058947318663,-0.3498402248629985,0.001646797327196166,0.17574712241802062,0.003356159220913933,0.5080191780775798,0.003332127882654459,0.541875179111548
2024-10-02,0.009039621860637448,0.009039621860637448,0.2332799017725584,-0.0019337227857274411,-0.14464089971956048,0.002386079780540294,0.25464375510237053,0.0036403323529001085,0.5510342412616309,0.003446277762214119,0.5604383881510153
2024-10-03,0.00936396909373105,0.00936396909373105,0.24165012918281656,0.0003258155901642572,0.024370742513792877,0.0030838687118593697,0.32911217614557836,0.003926514189941655,0.5943533605479285,0.0035646315888444575,0.5796852487945396
2024-10-04,-0.021847399363077336,-0.021847399363077336,-0.5638022536758126,-0.0041088274004840615,-0.30733696493876084,0.0005907419043656987,0.06304430306598739,0.0026378185122907056,0.3992845107529879,0.0030563909698060215,0.4970344664200578
2024-10-07,0.001067538874327978,0.001067538874327978,0.027549312081961024,-0.003073554145521654,-0.22989936314878695,0.0006384216013619267,0.06813270672469217,0.002559304530392569,0.3873999111478989,0.00301661392789646,0.4905658696349607
2024-10-08,-0.008243826204763383,-0.008243826204763383,-0.21274329799693986,-0.0041076085573699996,-0.30724579646004396,-0.0002498031792506042,-0.026659133579548903,0.0020191479936347715,0.30563684158703275,0.0027914051252432635,0.4539421071105818
2024-10-09,-0.08965713946764298,-0.08965713946764298,-2.3137260618493882,-0.021217514739424594,-1.5870529345647244,-0.00919053680808984,-0.9808191759994801,-0.0025646663794291168,-0.38821153001375874,0.0009424342333855388,0.15325993989457004
2024-10-10,0.0,0.0,0.0,-0.016974011791539675,-1.2696423476517795,-0.008271483127280857,-0.8827372583995322,-0.002436433060457661,-0.3688009535130708,0.000923585548717828,0.15019474109667863
2024-10-11,-0.0005451795453348396,-0.0005451795453348396,-0.01406910960932066,-0.013688245342298708,-1.023869675894295,-0.007498852769086256,-0.8002817188482886,-0.00234187038470152,-0.35448707575807875,0.0008942102468367746,0.14541768945616024
2024-10-14,0.006317892024697347,0.006317892024697347,0.1630419118911127,-0.009687017868899497,-0.7245810984380537,-0.006117178289707896,-0.6528286535202087,-0.0019088822642315767,-0.2889460049686552,0.001002683882393986,0.16305781995728005
2024-10-15,0.0008581862992060874,0.0008581862992060874,0.022146680322226896,-0.00757797703527838,-0.5668265505929276,-0.005419641830816498,-0.5783871764742503,-0.0017705288360596934,-0.2680035555085382,0.000999793930730228,0.16258785207772344
2024-10-16,-0.003971251584307001,-0.003971251584307001,-0.10248362086198216,-0.006856631945084105,-0.5128705215157103,-0.005274802806165549,-0.5629298755812637,-0.0018805649734720588,-0.28465963896808244,0.0009003730204294835,0.14641988809978274
2024-10-17,-0.008200864312098655,-0.008200864312098655,-0.21163460714069599,-0.007125478418487015,-0.5329800201917573,-0.00556740895675886,-0.5941569659580401,-0.0021965799404033886,-0.33249457563027984,0.0007183482737789207,0.11681877563724637
2024-10-18,-0.007263574153604235,-0.007263574153604235,-0.18744654269763916,-0.007153097565510459,-0.5350459100413486,-0.0057370254764433975,-0.6122585348377217,-0.0024499296510634306,-0.3708439218036293,0.0005587098252312576,0.09085815349241343
2024-10-21,-0.0008282760931545008,-0.0008282760931545008,-0.02137480622867725,-0.0058881332710392685,-0.4404276043483727,-0.0052461505381145085,-0.5598720896730891,-0.002368846973167984,-0.35857050070844154,0.0005309701068635424,0.08634708267269595
2024-10-22,0.12688245370711337,0.12688245370711337,3.2743766048826015,0.02066598412459126,1.5457988908407858,0.007966709886408279,0.8502116894125056,0.004093718060846085,0.619662878802884,0.003057999778868539,0.4972960931431635
2024-10-23,0.04630544968528283,0.04630544968528283,1.1949759537126465,0.025793877236729573,1.9293611464442455,0.011800583866295735,1.2593648429616082,0.006204304642067922,0.9391407073791771,0.003922948776996825,0.6379552784412215
2024-10-24,0.05464626264880312,0.05464626264880312,1.4102221286998917,0.03156435431914428,2.360988163083854,0.016085151744546472,1.7166162988461695,0.008626402542404682,1.3057717589946116,0.004937415054432951,0.8029291675437038
2024-10-25,-0.020333297164351838,-0.020333297164351838,-0.5247287594923522,0.02118482402244506,1.5846076953860289,0.012443306853656641,1.3279565959813395,0.007178417557066855,1.0865914121457265,0.004432000810057255,0.7207380140701958
2024-10-28,-0.02446032657303221,-0.02446032657303221,-0.6312324418268614,0.012055793903349606,0.9017636291429948,0.008752943510987756,0.9341189770830507,0.005596480350561901,0.8471348230747998,0.003854154262395465,0.6267678206862065
2024-10-29,-0.00019383936169015126,-0.00019383936169015126,-0.0050022919046688085,0.009605867250341654,0.7185110978321553,0.007858265223719966,0.8386384149759278,0.005306964364949298,0.8033110163451588,0.0037731943899137524,0.6136020158471294
2024-10-30,-0.023062898459110026,-0.023062898459110026,-0.5951698832181334,0.003072114108451318,0.22979164954111775,0.004766148855436967,0.5086460443709541,0.003888471223746331,0.5885948267162354,0.0032364725329332767,0.5263195757288076
2024-10-31,-0.029677812755086297,-0.029677812755086297,-0.7658768642168297,-0.003477871264256205,-0.2601419564808949,0.0013217526943846408,0.14105817926111758,0.002210157024804699,0.3345497282032753,0.002578186827172885,0.41926825678863516
2024-11-01,0.011367348736707417,0.011367348736707417,0.29335010220510777,-0.0005088272640634806,-0.03805986763935137,0.0023263122986169186,0.24826533634449685,0.002668016610399835,0.403855573080814,0.0027539700653635753,0.4478543666361082
2024-11-04,0.15092592238437375,0.15092592238437375,3.894851454137785,0.029778122665623966,2.2273794807123815,0.017186273307192603,1.8341286015877443,0.010080911899098531,1.5259396947972939,0.005717409111743779,0.9297728645432759
2024-11-05,0.014824185975508053,0.014824185975508053,0.38255855184420234,0.026787335327600786,2.0036710077945283,0.01695006457402415,1.808920274819907,0.010318075602919008,1.561838977862864,0.005899544649019064,0.9593919939282503
2024-11-06,0.035480630967718474,0.035480630967718474,0.9156265864415366,0.028525994455624325,2.133721303751685,0.01880312121339358,2.0066795052172925,0.01157620337115898,1.7522807872844683,0.006491166375393051,1.055602325654715
2024-11-07,0.15765183805301253,0.15765183805301253,4.068422978555503,0.05435116317510197,4.06542302778629,0.03268799289735548,3.4884806979326615,0.018879985105251657,2.857848476174207,0.00951437980894544,1.5472414158968346
2024-11-08,-0.010280097268504873,-0.010280097268504873,-0.26529207946758654,0.041424911086380606,3.098549830700202,0.028391183880769447,3.029922860988318,0.01742198098656383,2.637151541000847,0.009118490267396433,1.4828613189167743
2024-11-11,-0.020102656028401666,-0.020102656028401666,-0.5187767470776014,0.029119397663424154,2.178107383548719,0.023541799889852336,2.5123939168803235,0.015545749135815556,2.35314780340685,0.00853406734148047,1.3878216659352303
2024-11-12,-0.024296571427169456,-0.024296571427169456,-0.6270065145778515,0.01843620384530543,1.3790131301550792,0.018757962758150157,2.0018601698741953,0.013553633107666305,2.0516027691459415,0.007877454566107472,1.2810424012154342
2024-11-13,-0.05224448408446247,-0.05224448408446247,-1.3482409223832248,0.004300066259351851,0.3216414768430219,0.011657718073888892,1.2441181265060854,0.010263727248059865,1.5536123101906754,0.0066750157930960735,1.0855001686114554
2024-11-14,0.09711177174498986,0.09711177174498986,2.5061031227729735,0.02286240735647945,1.7100895713716775,0.02020312344099899,2.156088517982323,0.014606129472906366,2.2109183150434606,0.00848375091213395,1.3796391395963314
2024-11-15,-0.014586332463982887,-0.014586332463982887,-0.37642041413664384,0.015372659392386983,1.1498624839137672,0.016724177850500805,1.7848135186356144,0.013146506376061903,1.9899763164215807,0.008022349244611614,1.3046053713749692
2024-11-18,0.02751962701223687,0.02751962701223687,0.7101819064121071,0.01780205291635696,1.3315791537867467,0.017803722766674412,1.9000231497209061,0.01386516240787065,2.0987587139684276,0.00841229479996412,1.3680188492160608
2024-11-19,-0.0034492824388586696,-0.0034492824388586696,-0.08901348761352054,0.013551785845313837,1.013662615934692,0.015678422246121104,1.6732099016105804,0.012999440165534185,1.96771501995814,0.008175063255187664,1.3294399319764723
2024-11-20,-0.007911349989872196,-0.007911349989872196,-0.20416329100690647,0.00925915867827663,0.6925775771775367,0.013319445022521774,1.4214585463888039,0.011953900657763866,1.809452528096841,0.007853334990286467,1.2771200429121599
2024-11-21,0.05585041635661314,0.05585041635661314,1.4412969748613411,0.01857741021394393,1.389575252273489,0.01757254215593091,1.875351426961806,0.014148726442706329,2.1416815785965113,0.008813276617613,1.433227059078003
2024-11-22,-0.0531460372908622,-0.0531460372908622,-1.3715067455198613,0.004232720712982705,0.31660408446659905,0.0105006842112516,1.1206388321566543,0.010783988256027902,1.6323638092276496,0.007574090339443497,1.2317088970857475
2024-11-25,0.002346005257972905,0.002346005257972905,0.0605418992713521,0.003855377621980745,0.2883791265831186,0.00968521631592373,1.033611646927879,0.01036208910612515,1.5685012671797012,0.007469528637814085,1.2147049306132753
2024-11-26,-0.016734936878253448,-0.016734936878253448,-0.43186811255107477,-0.00026268527806609394,-0.019648646250123965,0.007043200996506013,0.7516543094317386,0.00900723780690622,1.3634184930498403,0.006985439327492734,1.1359816669888914
2024-11-27,0.04850041347833112,0.04850041347833112,1.251620019795353,0.009489934473213349,0.7098394199088292,0.011188922244688523,1.1940879760905445,0.010981896590477465,1.6623210379476836,0.007815738810509502,1.2710061009003293
2024-11-29,-0.0016459988699887296,-0.0016459988699887296,-0.04247726958366772,0.007262747804572933,0.5432476592008048,0.009905430133220799,1.057112987419208,0.010350501817454156,1.566747308419311,0.007626504056899537,1.2402324872763402
2024-12-02,0.0034110638108875158,0.0034110638108875158,0.08802720324051869,0.00649241100583585,0.4856270899657465,0.00925599350098747,0.9878047505020481,0.010003529917125824,1.514226445129394,0.007542195251979297,1.226522074478365
2024-12-03,0.019461742541607707,0.019461742541607707,0.5022370911551511,0.00908627731299022,0.6796461909393767,0.010276568405049495,1.0967210692492564,0.010476440548349918,1.5858105549301176,0.007780586197771865,1.2652895350918552
2024-12-04,0.04876766206871985,0.04876766206871985,1.258516738029355,0.01702255426413615,1.2732732853243296,0.014125677771416533,1.5075001516777018,0.012391001624368415,1.8756161571665277,0.008600327715190825,1.3985970182436458
2024-12-05,0.053494704057854614,0.053494704057854614,1.380504572022928,0.024316984222879846,1.8188907440218027,0.01806258040006034,1.927648579658282,0.014446186746042726,2.1867079104433396,0.0094982152420441,1.5446127119894846
2024-12-06,-0.012399066566253891,-0.012399066566253891,-0.31997500285295705,0.0169737740650531,1.2696245659029377,0.015016415703428918,1.6025601968906047,0.013103924080427895,1.983530667867769,0.00906026960587814,1.4733933955659198
2024-12-09,0.04334323074438551,0.04334323074438551,1.1185318110023883,0.022247665400919582,1.6641073705082317,0.01784909720752458,1.9048655351675237,0.014615889413625776,2.212395669583574,0.009745928828648288,1.5848962331617202
2024-12-10,0.036953828849799475,0.036953828849799475,0.9536444883539915,0.02518889809069556,1.8841091958338518,0.019759570371752067,2.108752288883293,0.01573278638543446,2.3814594845777486,0.010290086829071312,1.6733879490646857
2024-12-11,-0.011392515722651542,-0.011392515722651542,-0.2939995709660215,0.01787261532802614,1.3368571650847167,0.016644361762311707,1.7762955015182438,0.01437652128003016,2.1761627037190716,0.009856434778036854,1.6028668613088366
2024-12-12,0.0502142769949776,0.0502142769949776,1.2958486301264793,0.02434094766141643,1.8206831898345575,0.020001353285578297,2.134555495296769,0.01616840906577753,2.4473993466202812,0.01066359162237567,1.7341278077671043
2024-12-13,0.07891812974132395,0.07891812974132395,2.0365911138712,0.03525638407739794,2.63714900163151,0.02589303093115286,2.7633185952389194,0.01930589509955485,2.922318136580251,0.012028682384754637,1.9561207286325395
2024-12-16,-0.019752036177855037,-0.019752036177855037,-0.5097285185614078,0.024254700026347345,1.814231936517819,0.02132852422025207,2.2761919121610568,0.017352998535684356,2.6267097217393567,0.011393068013502443,1.8527562530189028
2024-12-17,-0.031339753734592746,-0.031339753734592746,-0.8087655419102253,0.013135809274159329,0.982547904995703,0.01606169642476759,1.714113134134607,0.014918360922170502,2.2581805436161395,0.01053841157854054,1.713770858375259
2024-12-18,-0.05835618932514197,-0.05835618932514197,-1.5059619001175748,-0.0011625904457009308,-0.08696082463975754,0.008619907849776634,0.9199213376706518,0.011254633409804878,1.7036049954914125,0.009160519560466889,1.4896961798562478
2024-12-19,0.012902141214959695,0.012902141214959695,0.3329575375699655,0.0016503558864311946,0.12344528493575235,0.00904813118629494,0.9656215692064122,0.01133700880006262,1.7160740934387866,0.009235351993556745,1.5018655321476175
2024-12-20,0.011368895351471897,0.011368895351471897,0.29339001473086385,0.003594063779439335,0.2688330626005574,0.009280207602812635,0.9903888928536483,0.011338603127633082,1.7163154255474915,0.009278022860715048,1.5088047267399425
2024-12-23,0.06712551084039142,0.06712551084039142,1.7322663289120241,0.016300353191629754,1.2192532294627754,0.015064737926570515,1.607717171295243,0.014127948513271,2.1385364397818467,0.010434972620308576,1.6969494739647648
2024-12-24,-0.03362287067956593,-0.03362287067956593,-0.8676845215832368,0.0063157084173906175,0.4724098793272118,0.01019597706595687,1.088120316926286,0.011740407553629153,1.7771362450635784,0.009553815754311086,1.5536545430969284
2024-12-26,-0.06700479590079234,-0.06700479590079234,-1.7291511135096214,-0.008348392446245974,-0.6244529999592198,0.002475899769281949,0.2642293940248246,0.0078031473809080775,1.1811562735654846,0.008022643521209018,1.3046532270364393
2024-12-27,0.010467369366536028,0.010467369366536028,0.27012489408162266,-0.0045852400836895735,-0.34297224815787675,0.0032750467290073573,0.3495147999709081,0.007936358480189474,1.2013203327513648,0.008071538038115557,1.3126045200357934
2024-12-30,-0.07949692480264103,-0.07949692480264103,-2.051527718204002,-0.01956757702747987,-1.463638928742198,-0.005002150424157482,-0.5338322624342219,0.0035646943160479484,0.539584971193159,0.006320168781300425,1.0277944637749448
2024-12-31,-0.022096885368671715,-0.022096885368671715,-0.5702405839263415,-0.02007343869571824,-1.501476972213414,-0.006711623918608906,-0.7162682201189698,0.002281615331811965,0.34536631585693284,0.005751827698300982,0.9353700620135583
2025-01-02,0.10936353155918921,0.10936353155918921,2.8222766718505956,0.005813955355263252,0.43487915626866064,0.004895891629170906,0.5224922650088601,0.007635711143180828,1.155811582127563,0.007824061775518747,1.2723595928171914
2025-01-03,-0.041044482830185136,-0.041044482830185136,-1.0592094526237026,-0.003557732281826427,-0.2661154959763873,0.0003018541832353009,0.032214045539999084,0.005201701444512529,0.7873774509799938,0.006846690883404669,1.113418205849526
2025-01-06,-0.031737364885285224,-0.031737364885285224,-0.8190264456966007,-0.009193658802518188,-0.6876782394693882,-0.002902067723616752,-0.309710274036111,0.0033547481280226405,0.5078055820579517,0.006075009768030871,0.9879263708011476
2025-01-07,-0.003944568678955096,-0.003944568678955096,-0.1017950317113006,-0.00814384077780557,-0.6091527006708566,-0.0030063178191505864,-0.32083590194386913,0.0029897822876737536,0.45256099023851326,0.005874618199091151,0.9553384206576642
2025-01-08,-0.020924891592032813,-0.020924891592032813,-0.539995669116034,-0.010700050940651018,-0.8003551525192798,-0.00479817519643881,-0.51206391321231,0.001794048593688425,0.271563722697471,0.005338628003268672,0.8681749642743611
2025-01-10,0.0812348466296755,0.0812348466296755,2.096377186395186,0.007686928573414287,0.5749760374884235,0.0038051269861726217,0.4060852584656482,0.00576608849548778,0.872808274394861,0.006856552375796809,1.1150218951869357
2025-01-13,-0.0107158432221095,-0.0107158432221095,-0.2765371044057767,0.00400637421430953,0.299673549511898,0.00235302996534441,0.2511166605284357,0.0049419919096079165,0.7480654232195162,0.006505104463838683,1.0578689566001434
2025-01-14,0.033154419468770735,0.033154419468770735,0.855595492404329,0.009835983265201772,0.7357235895475726,0.005433168915687042,0.5798307944601685,0.006352613287566058,0.9615900702455923,0.007038090763937324,1.1445439153654946
2025-01-15,-0.00469902543215639,-0.00469902543215639,-0.12126482812444726,0.00692898152573014,0.5182822116070792,0.0044199494809027,0.47169945546622943,0.005800031351579935,0.8779461777893389,0.006803348440015449,1.1063697986149408
2025-01-16,0.026429453495699917,0.026429453495699917,0.6820484761897447,0.010829075919724096,0.8100061165546479,0.006620899882382422,0.7065861007484583,0.006831502458785934,1.034079146936991,0.007195870541129139,1.1702022778404322
2025-01-17,-0.03658935039262878,-0.03658935039262878,-0.9442386193920129,0.00134539065725352,0.10063413255289048,0.002299874854881301,0.24544391771338095,0.004660459816215198,0.7054501319673683,0.0063201661224539804,1.0277940313897111
2025-01-21,-0.0017993810234712138,-0.0017993810234712138,-0.04643550746681013,0.0007164363211085733,0.05358885712148923,0.0018899492670460495,0.20169643204662818,0.0043374677742308776,0.6565590809492968,0.006157775179535477,1.0013857948576974
2025-01-22,-0.0038695990025712224,-0.0038695990025712224,-0.09986033587862367,-0.00020077074362738587,-0.015017489171647717,0.0013139944400843225,0.14023021406725267,0.003927114435390773,0.5944442192288294,0.005957227695893343,0.968772489652742
2025-01-23,-0.04741229059066032,-0.04741229059066032,-1.2235395088773426,-0.009643074713033974,-0.7212941859354868,-0.0035586340629901424,-0.37977939724623255,0.0013601441840882175,0.20588395394403622,0.004889837330162269,0.7951920131580331
2025-01-24,0.005344518577460322,0.005344518577460322,0.13792266844706697,-0.006645556054935115,-0.497082215722555,-0.002668318798945096,-0.28476445939279116,0.0015593629037568228,0.23603953464266364,0.0048989309551082305,0.7966708308444781
2025-01-27,-0.004283117561527772,-0.004283117561527772,-0.11053175226104647,-0.006173068356253647,-0.46174051816997475,-0.002829798675203364,-0.3019976811816118,0.0012672388804925929,0.1918209513076939,0.00471528998477551,0.7668068858832816
2025-01-28,0.03939679578163835,0.03939679578163835,1.0166886172654628,0.002940904471324753,0.2199772748510434,0.0013928607704808077,0.14864687250721387,0.003173716725549881,0.4804030012395724,0.0054089201007127665,0.8796059609929812
2025-01-29,-0.022518136295554658,-0.022518136295554658,-0.5811115447209253,-0.0021509036820511296,-0.16088585503477731,-0.000998238936122739,-0.10653261188363565,0.0018891240744946536,0.28595522334902773,0.004850378972787417,0.7887752412864468
2025-01-30,-0.03698355328035652,-0.03698355328035652,-0.9544115682548429,-0.009117433601712207,-0.6819766561259755,-0.004596770370546117,-0.49056987869622976,-5.450979324790541e-05,-0.008251104473952449,0.004013700327724538,0.6527134193460823
2025-01-31,-0.01047374539588486,-0.01047374539588486,-0.27028943630729596,-0.009388695960546738,-0.7022668610775177,-0.005184467873079992,-0.5532892815133577,-0.0005754715733797532,-0.08710867884145926,0.0037239514132523504,0.605594055847369
2025-02-03,0.01275384789623879,0.01275384789623879,0.3291306240819825,-0.004960187189189632,-0.3710179882645032,-0.0033906362961481137,-0.36185058256603775,9.099440010117415e-05,0.013773750679347285,0.003904549342912079,0.6349631373856145
2025-02-04,-0.03736680504094836,-0.03736680504094836,-0.964301908187571,-0.01144151075954138,-0.8558157470273287,-0.0067882531706281385,-0.7244461363160741,-0.0017818955719513029,-0.2697241293684124,0.0030791222552348702,0.5007310590470433
2025-02-05,-0.007613318894416632,-0.007613318894416632,-0.19647218780094347,-0.010675872386516431,-0.7985466162338529,-0.006870759743006988,-0.733251283395615,-0.0020734667380745693,-0.3138590271533652,0.00286527343224184,0.465954671902553
2025-02-06,-0.037764420687025124,-0.037764420687025124,-0.9745629279835339,-0.01609358204661817,-1.2037869151227556,-0.009960125837408802,-1.0629501432494495,-0.003858014435522097,-0.5839846066694211,0.0020526795498565006,0.3338095469046102
2025-02-07,-0.029224344942110347,-0.029224344942110347,-0.7541745022708415,-0.018719734625716605,-1.4002210031136813,-0.011886547747878957,-1.2685389559933906,-0.00512633096085151,-0.7759686802273494,0.0014271390600171633,0.2320832996204909
2025-02-10,-0.04586462091218435,-0.04586462091218435,-1.1835997596115717,-0.024148711883010154,-1.8063041091554652,-0.015284355064309496,-1.6311548338138138,-0.007163245458418151,-1.08429482352228,0.00048130386057313303,0.07827028998880461
2025-02-11,0.045644654928643336,0.045644654928643336,1.1779232342187127,-0.010190038520679458,-0.7622066361769614,-0.009191454065014214,-0.9809170661662386,-0.004522850439065076,-0.684620308924427,0.001384570881934537,0.2251608044656531
2025-02-12,0.04527534816576084,0.04527534816576084,1.1683927641728014,0.000903038816608602,0.06754657279730984,-0.0037447738419367094,-0.3996443375015605,-0.002032940508823779,-0.30772460374869626,0.0022623864276110632,0.36791236526752746
2025-02-13,-0.015556501102329312,-0.015556501102329312,-0.4014569530699562,-0.002388869167178981,-0.17868548077489904,-0.00492594656797597,-0.5256997447164165,-0.0027091185384990556,-0.4100771395667699,0.0019060086770122558,0.30995772959992485
2025-02-14,-0.002845017711730957,-0.002845017711730957,-0.07341960344865414,-0.0024800988760893764,-0.18550938918377124,-0.004717853682351468,-0.5034919567632774,-0.0027159134971606502,-0.4111056871079066,0.0018109881492373915,0.29450536182757486
2025-02-18,0.02121471685204801,0.02121471685204801,0.5474750094280395,0.002258864269538101,0.16896121962355082,-0.00212459662891152,-0.2267381284046428,-0.001519381979700217,-0.2299876536557753,0.0021990627232936037,0.3576145781394731
2025-02-19,-0.022323053598019893,-0.022323053598019893,-0.5760771668210486,-0.002657519303973498,-0.19878029363150207,-0.004144442325822357,-0.4422971793565246,-0.002559565560616201,-0.3874394230872719,0.0017086203968673336,0.277858178374765
2025-02-20,-0.04328878363310107,-0.04328878363310107,-1.1171267282491437,-0.010783772169799012,-0.8066174327173372,-0.008058876456550228,-0.8600477568010559,-0.004596026464240444,-0.6956969062243762,0.0008086723162679655,0.1315073945694945
2025-02-21,-0.0328858613386146,-0.0328858613386146,-0.8486649796916405,-0.015204190003562129,-1.1372611099450243,-0.010541574944756665,-1.1250027138732424,-0.006010518207959152,-0.9098074074674661,0.00013478164317031415,0.021918374566008945
2025-02-24,-0.07128003896305923,-0.07128003896305923,-1.8394796534635156,-0.02641935979546155,-1.9761467357343114,-0.01661542134658692,-1.7732069643308097,-0.009273994245714156,-1.4037972051042722,-0.0012935147689542767,-0.21035313523206006
2025-02-25,-0.04132227501914443,-0.04132227501914443,-1.0663782629514653,-0.029399942840198128,-2.19909193577103,-0.01908610671384267,-2.036879874484729,-0.01087640828438567,-1.6463533561334232,-0.0020940899739580795,-0.3405437665286339
2025-02-26,-0.04004672178683166,-0.04004672178683166,-1.0334608536475094,-0.03152929862952483,-2.358366025865287,-0.02118216822114157,-2.260572718913957,-0.012334923959507969,-1.8671277252013851,-0.002853142610215551,-0.4639819410861628
2025-02-27,0.07456170425005593,0.07456170425005593,1.9241675494400645,-0.010311098053608681,-0.7712617912859319,-0.011607780974021821,-1.238788811563316,-0.007990092549029772,-1.2094540164326708,-0.0013048456730101216,-0.21219578229753389
2025-02-28,-0.09792236805191379,-0.09792236805191379,-2.5270216777492407,-0.027833352053269707,-2.0819122125003755,-0.02023923968181102,-2.159942863195572,-0.012486706324173973,-1.8901029022024622,-0.003237196120588195,-0.5264372465397489
2025-03-03,0.007345147476287561,0.007345147476287561,0.18955165472513338,-0.020797652147358254,-1.5556475524058662,-0.017480800966001162,-1.86556075638499,-0.011495113634150895,-1.7400062976569597,-0.0030255492486506797,-0.4920189436779217
2025-03-04,-0.0031511645420915224,-0.0031511645420915224,-0.08132014438007056,-0.017268354626304907,-1.291658953527597,-0.0160478373236102,-1.7126340831867537,-0.011077916179547925,-1.6768554475236508,-0.0030280615545194966,-0.4924274982834441
2025-03-05,-0.04682787013416467,-0.04682787013416467,-1.208457733468259,-0.02318025772787686,-1.7338645219666888,-0.01912584060466565,-2.0411202973098614,-0.012865413877278763,-1.9474275662592755,-0.0039040577261124,-0.6348831899914082
2025-03-06,-0.026145356496188543,-0.026145356496188543,-0.6747169615355224,-0.023773277481539196,-1.7782219197045064,-0.019827792193817938,-2.1160329595014584,-0.013529411008224253,-2.047936289029866,-0.004348883701513923,-0.7072213965617247
2025-03-07,-0.10782448899761765,-0.10782448899761765,-2.7825595572276307,-0.040583519784754885,-3.035614442142129,-0.02862746187419791,-3.055138579249445,-0.018244164907693924,-2.7616048736193664,-0.006418395807435997,-1.0437682766822711
2025-03-10,0.0972438147420045,0.0972438147420045,2.5095106743108824,-0.013018052879403011,-0.9737398219493639,-0.016040334212577667,-1.711833347023673,-0.012469765925209,-1.8875386473527929,-0.004345151596447187,-0.7066144765476315
2025-03-11,0.0036809467584177913,0.0036809467584177913,0.09499190469159371,-0.00967825295183885,-0.7239254897339642,-0.014068206115478122,-1.5013667447399026,-0.011662230291027661,-1.7653026143932344,-0.004184629629349887,-0.6805101754117175
2025-03-12,-0.003304748753001574,-0.003304748753001574,-0.08528359663363486,-0.008403552112071395,-0.628578898331058,-0.012991860379230467,-1.3864985319073602,-0.011244356214126356,-1.7020493444755103,-0.004167032011822921,-0.6776484268578882
2025-03-13,,-0.003304748753001574,-0.08528359663363486,-0.008403552112071395,-0.628578898331058,-0.012991860379230467,-1.3864985319073602,-0.011244356214126356,-1.7020493444755103,-0.004167032011822921,-0.6776484268578882
2025-03-14,,-0.003304748753001574,-0.08528359663363486,-0.008403552112071395,-0.628578898331058,-0.012991860379230467,-1.3864985319073602,-0.011244356214126356,-1.7020493444755103,-0.004167032011822921,-0.6776484268578882
