Date,Open,Close,High,Low,Volume
2024-01-01,100.0,100.0,100.5575578986158,99.052097599778,6983996
2024-01-02,99.78130686799092,99.310161374485,100.17037529184051,99.158133223473,7321107
2024-01-03,99.48616179016197,99.77165691415355,99.78134729903086,99.2026894467099,3771114
2024-01-04,99.6302688294061,100.18285788053481,100.29956348078402,99.46730136270695,8009072
2024-01-05,100.38693713465386,100.7498894889916,100.87633517832698,99.9797305584096,7604152
2024-01-06,100.79129119098464,100.36351797484025,101.08160504441297,100.20523916613618,7518901
2024-01-07,100.62532449479713,100.66934637484502,101.01004042150532,100.44707181609402,3637296
2024-01-08,100.6394823956228,100.97898263793226,101.22443105488334,100.2507419611451,6292342
2024-01-09,100.88607622637136,101.7653449865994,102.26242108318529,100.84345018998516,5097708
2024-01-10,102.12436770306763,101.50291668692648,102.33370572376168,101.39334121867789,7631777
2024-01-11,101.60399838187192,101.92113292562367,101.98508751009336,101.52339653894063,1776717
2024-01-12,102.11972303168861,102.94230665149117,103.36063832240677,101.77669448645047,4049106
2024-01-13,102.74055396954273,102.45124854008857,103.24481320788169,102.20317947949644,4984003
2024-01-14,102.45085821211408,102.04991348719963,102.559922436918,101.63944052853778,9287177
2024-01-15,102.00779517395063,102.57502027565518,102.81504359925576,101.60555713845085,6719518
2024-01-16,102.88720097752415,103.14792214782295,103.64475184670026,102.79504617426244,5119178
2024-01-17,103.06960797883659,102.76086199003804,103.33418197114032,102.42450808604207,3919371
2024-01-18,102.87254955007509,103.48325157126602,103.73016969033335,102.65391277673817,7079333
2024-01-19,103.73595564544777,104.63078575195658,104.84817627978728,103.41960667436503,3924717
2024-01-20,104.88570627341056,103.89163814536207,104.91307600903049,103.44386420534745,3038965
2024-01-21,103.88214109009488,103.60653279053875,103.99109497296843,103.37305894117574,9230058
2024-01-22,104.00926674376011,104.91782419395325,105.19559206490138,103.52840031850425,1387502
2024-01-23,105.08057271573591,105.64396604818334,105.99698936016512,104.66850254900862,5497147
2024-01-24,105.98168761287323,105.09581596593402,106.2041385890482,104.81731915966108,2554134
2024-01-25,105.55424666941072,106.02818803821063,106.04427697620386,105.45058709806983,3305281
2024-01-26,106.35983478220537,106.57229369624982,106.9624115542357,106.26996252186176,8876006
2024-01-27,106.77872441726618,107.3885360739524,107.73703873275271,106.57938272465812,3956081
2024-01-28,107.38372180515863,107.51922028047183,107.61503298566556,106.96729016948498,3022798
2024-01-29,107.5045784169408,106.46493667623035,107.63339254552676,106.26066101301768,4753847
2024-01-30,106.75951017458968,106.79880953362283,106.82177920842898,106.34732871806243,8465608
2024-01-31,107.10678096570503,106.03713130563764,107.11795185908255,105.51003201357007,2719953
2024-02-01,105.61079758507978,106.58637779420594,107.01093837081095,105.3105691638069,3490177
2024-02-02,106.77901901664393,106.7858527828035,107.05555684810281,106.69361106492603,6132227
2024-02-03,107.26124151271304,108.15150984568588,108.5744281695489,106.84614154413428,3799323
2024-02-04,107.86822239942096,107.103529814274,108.09470688285658,106.7936645486442,6871145
2024-02-05,107.06509112971158,107.64359286305181,107.69492956232652,107.01870208607251,1955939
2024-02-06,107.33745189222408,106.57717467007939,107.60577310976741,106.30085107514007,3496819
2024-02-07,106.88185429256252,106.0330387522388,107.20447001181344,105.80923405761325,7596415
2024-02-08,106.21087309252496,105.43163289685724,106.57115599375138,104.90753002514293,9467575
2024-02-09,105.89761749650015,105.31171792694273,106.41704433641827,104.84434066880218,7104704
2024-02-10,105.28955624519355,105.15493333943685,105.44961851621895,105.0164951279442,2619546
2024-02-11,104.74915797460298,105.69424735769176,105.85184630798074,104.69477696840553,7187827
2024-02-12,105.20476897326394,104.42357222669493,105.69266545967696,104.02962411652952,4986313
2024-02-13,104.57740910567131,105.3535399595671,105.80062321496894,104.0830755047222,2923080
2024-02-14,105.46239319678875,105.19972240902003,105.64451692587718,104.78852514260542,5105251
2024-02-15,105.12741898127821,104.97294160976523,105.2699827770174,104.50421103156239,2031238
2024-02-16,104.46569572017181,103.97497895652302,104.97189232668805,103.89897532828326,9361497
2024-02-17,103.49615362985466,103.78218745910976,104.0089741915834,103.3838310927031,9975675
2024-02-18,103.31586004173829,103.15998289068509,103.60658170299389,103.08428214867047,6420656
2024-02-19,103.64075649087785,102.86847011589761,104.08756401431359,102.40882446015453,9678909
2024-02-20,102.60356595693916,101.9992694787165,102.64435382392085,101.68144810522585,1935986
2024-02-21,101.58533785394242,102.27823496455375,102.65586546044915,101.3310263426951,8339692
2024-02-22,101.83336441715726,102.75572061356657,103.23093715176411,101.61320330648266,2891138
2024-02-23,102.69388709037197,102.68728033030354,102.9259883884624,102.28830950625478,1952897
2024-02-24,102.61915925419427,101.9916563456416,102.7939726127674,101.50502922170581,3285657
2024-02-25,102.28138159845321,101.95066525818588,102.63809168041247,101.9484171419244,3421955
2024-02-26,102.10795435517316,101.5198490084127,102.30804480511625,101.0438676852328,9894196
2024-02-27,101.23731651149043,101.66210910961664,102.0779306237166,100.88617303127288,3879553
2024-02-28,101.7895703949679,101.72043922086024,102.0795278615153,101.22837719383315,5530814
2024-02-29,101.67272044190767,102.46752205810697,102.49851195478595,101.46161790488591,1584546
2024-03-01,102.88004392391943,103.79092142592683,103.85564863734706,102.51506059556236,5076651
2024-03-02,103.4758923577453,102.73776197434746,103.91142708509513,102.59904623500013,2875653
2024-03-03,103.17022348480756,103.4696170633366,103.77671827876877,102.79547574842522,5651946
2024-03-04,103.30193369085487,103.87849828526268,104.34797811413047,103.03339166260032,2390020
2024-03-05,104.06264855328364,103.75749647034301,104.5309804004364,103.6915024875893,7014189
2024-03-06,104.05774298368267,103.29250707012747,104.10117932624252,102.98416825601717,8482781
2024-03-07,103.73578004516074,102.93949088687377,104.21789725962655,102.59636738030605,2397396
2024-03-08,103.31722859347249,102.39162284265741,103.6092782109866,101.9440378254038,6909127
2024-03-09,102.30448228516721,102.07458454193043,102.80262344259857,101.82693739718506,4190173
2024-03-10,102.34937297518593,102.19878727802205,102.43977879730593,101.70208429509013,2512294
2024-03-11,102.54637832419557,101.66937835074803,102.79112465899688,101.27176627265521,2856651
2024-03-12,101.80926038454719,102.5137203641657,102.92822992100504,101.3010636208074,4673927
2024-03-13,102.63961761933899,103.61804481392099,103.7310408770575,102.27702419754142,1689801
2024-03-14,103.63267764914869,103.51943540559975,104.14535357912986,103.06603356101786,7034472
2024-03-15,103.121869586267,103.33220144630955,103.36226185137772,102.7382013662273,7783509
2024-03-16,103.04436855170985,102.8737477525279,103.38687818142672,102.48705735075262,8468889
2024-03-17,102.70378532215362,102.62462820454333,103.0144973086253,102.44183484415998,4935253
2024-03-18,102.28454197795436,101.33961917794068,102.73661608096096,100.89710267909976,3895685
2024-03-19,100.88499493340906,101.55804897127238,101.65460800488789,100.84932828502828,8969115
2024-03-20,101.30575457104183,101.35057961913019,101.4306464292608,100.92144061082833,6049335
2024-03-21,101.55572321931186,101.00903401566036,101.99798219822108,100.72319561053612,6943204
2024-03-22,100.7514466111355,101.68402347956508,101.78829982197841,100.25486410987612,7103768
2024-03-23,101.86386813370054,101.30036362646928,102.33201708493885,101.18199444227689,9139098
2024-03-24,100.90630155637943,99.96852966430305,101.15567414673274,99.81203471093744,7431171
2024-03-25,100.35740116088348,100.10026446254493,100.54568638338023,99.73717710597728,3807408
2024-03-26,99.6479270038374,99.74083809112537,99.75177916379668,99.62836017628909,9995190
2024-03-27,99.9636496250023,100.0588181093499,100.33910074039537,99.96305886325307,9632977
2024-03-28,100.54438289726899,99.60688349940669,100.88538488200734,99.33354545745664,9840018
2024-03-29,100.08644991905136,100.18345557850104,100.65697566944347,99.7593539739056,7042780
2024-03-30,100.53642408642092,100.18569284568902,100.5511969897921,100.1241243237371,4896974
2024-03-31,100.62645956788003,100.82709135466493,100.86375132722506,100.35834924817433,1818522
2024-04-01,101.05725113529824,100.792792435816,101.33394837389417,100.67392607879755,1448570
2024-04-02,100.66768973144634,100.59673094768556,100.85357264116712,100.29659758885074,7331738
2024-04-03,100.10016430721015,100.24176431544572,100.37991190442722,99.91474773059103,1314959
2024-04-04,100.56452315504258,99.96743741482588,101.04446283909648,99.59889885249304,6009170
2024-04-05,100.05366927474203,100.62525117397831,100.85285516003033,99.99778583283923,1877168
2024-04-06,100.68728461840048,100.14028415560202,100.96313081787207,99.68373319187955,4922674
2024-04-07,100.20568583196525,99.6262747177129,100.69185920308556,99.19124252561201,4697585
2024-04-08,99.87667122499056,99.98887548736502,100.24928385482582,99.5395529665984,2727016
2024-04-09,99.71060851232802,99.62685092435014,100.11036724076736,99.23264974583469,1755128
2024-04-10,99.92101045584943,99.22159160819783,99.97375533038293,98.82760335381337,7940376
2024-04-11,99.12991561196303,98.9627076024934,99.2006090129684,98.80582941110735,8980339
2024-04-12,99.28133331956597,99.57770296546113,100.01169108829053,98.89445673033178,2673658
2024-04-13,99.52644676402274,99.2398798542746,99.5581024147233,99.15470709974767,6018677
2024-04-14,99.67194676597087,99.31773164743637,99.67716356407519,98.83362197916382,1223991
2024-04-15,99.28752083323545,98.75069972312072,99.50237488328075,98.26596930882972,5404977
2024-04-16,98.38917749710822,98.71278252476704,98.91686825498886,98.00358311679962,1036002
2024-04-17,98.77304711132547,99.13058631815073,99.5550483840315,98.7186718849625,8762147
2024-04-18,98.7430140881728,98.37120840891714,99.05289108376641,97.92986361414529,8782308
2024-04-19,98.10098572625715,98.60242555470639,98.89584591922923,98.00388172236103,9384307
2024-04-20,98.77775599405521,99.4324989087189,99.75983471701178,98.43320616011597,5347080
2024-04-21,99.36463289491788,99.07804775514249,99.52177725011931,98.80759612865175,1388165
2024-04-22,99.27846308715222,99.33839761065366,99.3899698942645,99.04970084169766,7430031
2024-04-23,98.85864339013158,98.00047618220901,99.07924228132018,97.63099839286697,3191280
2024-04-24,98.04448840433525,97.7719116844395,98.52515917034614,97.6712334337618,9870673
2024-04-25,98.03781345104682,97.71218549686634,98.28667823565381,97.48208626756006,6410931
2024-04-26,98.17726016942711,97.62455653736984,98.36640801810198,97.2260521925555,9373720
2024-04-27,98.10463434668169,97.94734174534237,98.1288909187456,97.71240135706361,3095720
2024-04-28,98.00946591591959,97.92247851706894,98.41846965293293,97.76322049962809,4084840
2024-04-29,98.12806076331383,97.68008935600676,98.31916544745147,97.2134353205371,8396106
2024-04-30,97.71870289366424,98.69129592805909,98.94567102407872,97.38042539769408,5356610
2024-05-01,98.97279710623418,98.89927222305073,99.01208795986416,98.87528836435654,1361960
2024-05-02,98.49259843887762,98.10980076022189,98.58054128074025,98.01604125300172,7468788
2024-05-03,97.81004281446032,97.52569331435527,97.93141911578525,97.2737480917826,4366041
2024-05-04,97.69435405107215,97.86596926257413,98.05033112228097,97.54679435743938,8074746
2024-05-05,98.2258642461869,98.33352633802015,98.53613099550796,98.0536539448509,5401917
2024-05-06,98.05596191767829,98.96945813712264,99.07997604569006,97.99359549896072,1131337
2024-05-07,99.33518176457751,100.06239798495238,100.20714902737949,99.14194744068672,4713616
2024-05-08,99.87268892131998,100.37444482612193,100.83044022066164,99.40726577508606,5609224
2024-05-09,100.69475723512639,101.44256758133633,101.81379985657857,100.48803227881352,8763159
2024-05-10,101.04126314031504,101.99353714772236,102.16700488948348,100.86717430041045,5851216
2024-05-11,102.38877288199951,102.72155768859804,103.1999528059866,101.96616947025157,2748181
2024-05-12,102.22615979700461,102.91584017023149,103.13566105897131,101.78291892409122,2442818
2024-05-13,102.66867195265552,102.2277526506259,102.78597459027723,101.84641391548251,5539684
2024-05-14,101.81093948313536,101.25892316195235,101.97725489726469,100.98127610278301,6546985
2024-05-15,100.89242353168187,101.57779926863651,102.07814213340217,100.4980545943379,6607258
2024-05-16,101.89226225759525,101.79362118619159,102.01046823911048,101.55339953186295,6824259
2024-05-17,101.70956999282947,101.89239399342819,102.00954301851517,101.33431333415642,6664038
2024-05-18,101.57789805888805,101.17095942104537,101.90570460622438,101.04341803893685,1513424
2024-05-19,101.40589836556559,101.1221007583342,101.77543343231692,100.94721385411422,6238592
2024-05-20,100.74167509068089,99.78577446572257,100.86337866853229,99.37825884628228,5743301
2024-05-21,99.7645389321014,98.90492619361264,99.83944386391961,98.44591567057256,6894026
2024-05-22,99.22540280938975,100.0240698662418,100.51203402520328,98.98553518710371,9246648
2024-05-23,100.14204380928427,100.85603774268273,100.95155729090732,99.91449259800609,3085096
2024-05-24,101.1599615969534,102.10991695989284,102.2922157911987,100.73406077137508,8295530
2024-05-25,102.36698420708585,102.86313007305289,103.2247252903839,102.18564874848046,7574581
2024-05-26,103.23915298003027,102.96961894285998,103.57730587770786,102.71025908699829,7403790
2024-05-27,103.00716187866678,103.04212820397801,103.10607505792065,102.85258815083704,2580412
2024-05-28,102.64521578867664,103.2859148171768,103.50939354830037,102.40475947256094,4227422
2024-05-29,103.28888802751179,102.92463512119566,103.6694017203667,102.89558404500303,8237482
2024-05-30,102.82157913174768,103.32276768759645,103.3364638111123,102.33284468062404,3297131
2024-05-31,103.69641158050963,103.64879720037457,103.84960547029588,103.17235620082141,8320916
2024-06-01,104.16052105037141,104.51700950181295,104.79348229708911,103.87094511203975,6524268
2024-06-02,104.421658324433,104.72864193519096,105.0135949796874,104.3385001929258,8961559
2024-06-03,104.5170233017164,105.35130737418864,105.59118469728175,104.41094280001406,1118870
2024-06-04,105.30959184388524,105.77707875799746,106.01689408836292,105.28333382932263,9965077
2024-06-05,106.11895157661039,105.23730028053951,106.19580272482624,105.17425085397117,9570729
2024-06-06,104.83754172989595,105.81929005138421,105.84231587721597,104.8046469259331,4430205
2024-06-07,106.07868861662554,105.51148142771592,106.35631791470661,105.19144595308232,4551980
2024-06-08,105.23904596415905,104.40868960754747,105.3145017987886,104.39917670868296,6030412
2024-06-09,104.75594019741452,105.20370064266434,105.28093794695666,104.56549609061169,6535434
2024-06-10,104.96713974880062,105.49398644176738,105.67417188300503,104.90769596400136,5400134
2024-06-11,105.66931979438783,106.13508634120285,106.53006385243647,105.62004983952095,7388934
2024-06-12,105.61253951152906,105.8559244219584,105.89403330660147,105.22303529820942,5008875
2024-06-13,105.85515317169771,104.91920359780217,106.23102938167214,104.54535924861595,6553468
2024-06-14,105.15354126142712,106.00066937169797,106.32242229290321,104.79652236145915,5656359
2024-06-15,106.18266425771522,106.890192005853,106.8953845589998,105.89101617615158,2586764
2024-06-16,106.57784320912252,106.76742859643913,106.90740619524432,106.51051357179074,6005913
2024-06-17,106.39389357800609,106.30500208315324,106.75217178897347,105.87529098470583,5745643
2024-06-18,106.47463471077438,107.39991803326777,107.71909902974514,106.3405480325237,1165432
2024-06-19,107.76627335160764,108.1887775444759,108.72296703001516,107.59257977781911,9966442
2024-06-20,108.62329496710863,107.75519040743083,109.10999271565139,107.46782674991758,9729348
2024-06-21,107.62260640968164,108.06149309655275,108.09387406500089,107.54055564070865,8981316
2024-06-22,108.57394862800915,107.75761493332816,108.86575731956601,107.74461171278466,5509387
2024-06-23,107.81584749221686,108.08115821195709,108.38214062981496,107.41208074024644,8048999
2024-06-24,107.81793735726978,106.95298648112703,108.11010396137594,106.6825266562933,3334130
2024-06-25,106.49721205672341,105.92888164132664,106.68029585327945,105.51629696962473,5519724
2024-06-26,105.68084553267721,105.87252972591142,106.2731822875835,105.48577482086456,9597191
2024-06-27,105.49909093471254,105.28094933955518,105.8841433798115,104.78494672378665,4462753
2024-06-28,105.66424907180249,105.02672715689704,106.05429759374604,104.56238101346719,2364628
2024-06-29,105.32665594800679,106.01467721784674,106.2214038699695,104.91315414759397,8002684
2024-06-30,106.42825480847928,105.47805358420817,106.53238077619034,105.4161911354044,3336520
2024-07-01,105.53218013760474,106.40015139492728,106.43653974761963,105.40267844692296,5401963
2024-07-02,106.30820287801738,106.11726053716747,106.40773759708404,105.65814212447515,8417136
2024-07-03,106.32216891499742,107.36989301596589,107.78632863701206,106.3063993905005,2030518
2024-07-04,107.57997403298867,106.54447216912541,107.72698120248731,106.05374840274163,7721872
2024-07-05,106.27685071709529,107.27911956304985,107.80150886279243,106.26179066710804,2875391
2024-07-06,107.48205859359028,106.67070975907221,107.90870040369066,106.20043954760203,3691031
2024-07-07,106.6637755559601,106.93868176532264,107.04634169690769,106.32390225351492,9911817
2024-07-08,107.43697624396083,108.06995108623842,108.31174385406408,107.05903999843241,9900328
2024-07-09,108.22151143979018,107.96954383127935,108.55784304728594,107.60472345798365,9278114
2024-07-10,108.2525911112545,107.6608188441275,108.57508341263735,107.36139657932796,4272066
2024-07-11,108.1111115957672,108.23020104574246,108.56678286227591,107.99313702093804,8926052
2024-07-12,108.7375064228117,109.1953589767942,109.63656715234492,108.41467831413011,3474269
2024-07-13,109.5848567854737,110.3489162712852,110.8330371292872,109.08929895848044,4219757
2024-07-14,110.23745950140555,109.50418045452588,110.39014565625449,109.00593693247268,1779439
2024-07-15,109.50843609669859,109.73782650542066,109.93459406552014,108.96287604258933,8118795
2024-07-16,110.15894513166675,110.37988107712596,110.72262376570956,109.7100948336699,8440893
2024-07-17,109.8823481498963,110.46748912738484,110.6299590315428,109.5797837931681,1812811
2024-07-18,109.96941396489485,109.86593562280872,110.09365742859238,109.32051927743252,6966850
2024-07-19,110.09822437919557,110.63542988547864,110.83631824696876,110.09394818197286,9171010
2024-07-20,111.1328015019745,112.05992325445955,112.48210081336615,110.97907475125162,8588229
2024-07-21,112.55176982673309,112.5711750828039,112.73395189142661,112.54921815355553,3381151
2024-07-22,112.070365498391,111.0045633293065,112.24078986850705,110.55621560356843,5601662
2024-07-23,111.45722102926212,111.27752433088145,111.60550831820667,110.84107723807259,4663441
2024-07-24,111.0117841275762,110.06635866873671,111.51153128338616,109.94355020207651,8725360
2024-07-25,109.6072441417882,110.65708395666448,111.04053139976291,109.56795354957764,7980819
2024-07-26,110.31721288486312,109.5331687550487,110.40762212297943,109.09552269349113,3811316
2024-07-27,109.99711130774863,109.78028713284822,110.27339461309684,109.40809651930671,2757871
2024-07-28,109.70095660206404,110.61681854092805,111.0440868595099,109.15417831489846,3751333
2024-07-29,110.28382006528665,110.06751371195216,110.67431518163879,109.89333963240254,7718716
2024-07-30,110.19015590105772,110.17752538602872,110.59176906740079,109.66930070477467,2012386
2024-07-31,110.63360469666212,110.52005960812872,110.83408974918738,110.01010218158913,4992546
2024-08-01,110.6070036545744,111.23416160287103,111.36200849196969,110.25909065185633,5089398
2024-08-02,111.54100578227002,111.47901544984637,112.08620232617488,111.12860438337304,1461895
2024-08-03,111.72417558697002,112.16728744391118,112.71207829167126,111.316849851416,1611890
2024-08-04,112.50180564626928,112.45566692330472,113.01812028706568,112.07536891423226,2681995
2024-08-05,112.14198987749315,113.1380010807733,113.51295809043329,111.79832155078434,1107093
2024-08-06,113.6798262143591,112.62098229937888,114.08680304708928,112.46248031835968,7889550
2024-08-07,112.19439617514308,111.07894299073214,112.50252654073242,110.83766156276677,2682083
2024-08-08,111.49309577738234,112.18310367909757,112.25239011953363,111.30829900792799,4283908
2024-08-09,112.56075276964135,113.53296283008837,113.90412682817544,112.36907727111219,5573290
2024-08-10,113.82108404132073,113.88957192242079,114.24528686613372,113.51268107994149,8243651
2024-08-11,113.55611414273565,113.02801938874447,113.94243810663053,112.99187487655767,1262865
2024-08-12,113.56990298338253,114.68323066661708,114.81521357867925,113.0605607061177,6049978
2024-08-13,114.61121005918504,114.61755335296945,115.06564888331684,114.34572541597262,2875201
2024-08-14,115.11214880175882,115.11652797303474,115.24565945894737,114.67117810379261,3981407
2024-08-15,115.04867826231127,115.9797187905216,116.51180805874729,114.64879595861889,3567887
2024-08-16,115.50090737344946,115.13892788164173,115.66705653391068,114.79278195067062,1451661
2024-08-17,115.10136950498301,114.93949383305805,115.53228772788529,114.45395627559051,7164860
2024-08-18,114.50840074598048,114.11070818491315,114.67720938019721,113.90840672658761,8664820
2024-08-19,114.51967750352536,113.77327398741933,114.80567631238249,113.57375967423667,4300774
2024-08-20,113.9474391603424,113.75501576795875,114.04096253889898,113.68391822853077,7395135
2024-08-21,113.70799499387817,112.92841370241618,114.24981189745498,112.5471263278836,1778394
2024-08-22,112.84160346430545,112.8490934607476,113.0992777959496,112.81763419997144,3465993
2024-08-23,113.08608858757128,113.4058514435135,113.80219227789408,112.88251454429589,6375001
2024-08-24,113.26436186483289,112.56060163505312,113.7874666505347,112.22903561873291,9805702
2024-08-25,112.91113748549554,113.6894471621976,113.95661352746632,112.52035656154644,2884812
2024-08-26,113.64603940063759,114.68955586215151,115.14148808055978,113.46085433232373,6170929
2024-08-27,114.22731686620396,113.37542879644869,114.479374059461,113.05367258246632,4243274
2024-08-28,113.27787887776182,113.29004830613287,113.61389231662687,112.92259276969655,4522871
2024-08-29,113.59859865844058,112.51046450828267,114.12246529521879,112.31183710633556,4444381
2024-08-30,112.83487041178341,112.63286612698077,112.87984540257396,112.61009429277289,1453053
2024-08-31,112.41685217035429,112.98788755759652,113.54403831691354,112.38909016824697,3101261
2024-09-01,112.87423093285202,112.27156074938543,113.42623367045644,112.1545623961324,1597336
2024-09-02,112.24185252406915,111.50349417095158,112.67396378283188,111.35750146527859,4972494
2024-09-03,111.53915832654788,112.0836848278976,112.38749330186933,111.5014082635605,2631874
2024-09-04,112.07152746538527,111.87612374928464,112.11308088915398,111.38159413407756,8255376
2024-09-05,111.38976707433186,112.27991687968951,112.3145977619638,111.22902751782321,4785152
2024-09-06,112.62310588606692,112.27658924422099,112.74625112165464,112.0933915419826,8626148
2024-09-07,111.99006550243764,111.38432615455059,112.37834188804169,110.97342379196908,3313776
2024-09-08,110.8672336862906,111.60644043412901,112.10702001934379,110.48355362214058,5037919
2024-09-09,111.7973301043228,112.25850041500813,112.34062314455419,111.28458417308406,2890925
2024-09-10,112.68817108624124,112.73857563638039,112.84586490795454,112.3093803767636,9767012
2024-09-11,113.09890139958534,112.2969603142603,113.44294332758314,112.25247840855516,7874547
2024-09-12,111.90046568077261,111.60982077370906,112.01364579842708,111.05432339918275,4858491
2024-09-13,111.12266573559867,111.87887261004155,112.43255691716895,110.60122738427845,1518302
2024-09-14,112.36589848797189,112.61659871331017,112.62087882355871,112.35927299377221,2274835
2024-09-15,112.13171626410319,112.9575316988099,113.05474523776432,111.76858816335377,8759153
2024-09-16,113.42092278304314,112.87527183566509,113.50877152083135,112.55271695181366,5909112
2024-09-17,112.79197106713414,112.21906758542478,113.24597345023807,112.21039047211347,5283408
2024-09-18,111.89557849721892,112.46214104756385,112.79536941421948,111.38242784631903,5250376
2024-09-19,113.01267061407603,112.65639418086916,113.26775940005959,112.24871400621579,3796280
2024-09-20,112.6916625148585,112.85293598693525,112.88719004463337,112.18314207412331,1789307
2024-09-21,112.71022946522925,112.21636444552597,113.0194579017811,111.74135533106657,3024239
2024-09-22,112.49105717298765,112.64593539134741,112.68761179233687,111.95257932374675,6218993
2024-09-23,112.66820353715198,112.6326830033651,113.04490009095117,112.41256000630851,3451085
2024-09-24,112.97632628626967,113.56598221155237,114.13228852055688,112.71138791024805,2415539
2024-09-25,113.41346254972605,113.60301581807947,114.04859576343621,113.40136092632935,9400811
2024-09-26,113.57596111272288,113.41883483008606,114.04855610724424,113.3522406992865,8372181
2024-09-27,113.45533361438397,112.73350479386312,113.88888791460654,112.49208243918818,7940258
2024-09-28,112.41036329397154,113.0987344164115,113.48997640437666,112.07586416945743,2758343
2024-09-29,113.02496874455309,114.11205320590601,114.66574705774514,112.98652277835357,4903203
2024-09-30,114.2451677684237,114.91447520920022,115.13322081790781,113.72594847258716,9842996
2024-10-01,115.27396110689375,116.0691734112913,116.40178682650604,115.00220184169206,3837113
2024-10-02,116.29686747048683,115.53002185674546,116.62173429801679,115.28277815882365,3119261
2024-10-03,115.29152841089734,114.55971754329109,115.5412103628218,114.26850927228423,3195181
2024-10-04,114.90753350565528,115.12026068356394,115.59838166970047,114.89008894863825,1113822
2024-10-05,114.75513278932638,114.22676162920926,115.06936553814809,113.90574477089196,8303470
2024-10-06,114.17767770131199,113.24547226676174,114.2163662119659,113.19330643263932,1466160
2024-10-07,113.79247659304018,113.9234599444429,114.12057876383285,113.2371309425294,8136157
2024-10-08,113.56057431957555,112.88503938504095,113.63816287007768,112.64451191889177,9283869
2024-10-09,113.44215179425407,112.91961312738552,113.92018839483417,112.82102918717422,5549317
2024-10-10,113.40205536071447,113.20506962339957,113.48369981031988,112.83043299106299,4546787
2024-10-11,113.02761438525663,113.1281234802378,113.26542046681823,112.9831801267277,2395580
2024-10-12,112.82085848898303,113.32176878543501,113.46504268953929,112.72048707524205,8349363
2024-10-13,113.46145503610012,114.50826480127559,114.70064802162366,113.2830347694055,1918552
2024-10-14,114.22135312026407,114.8700337028521,115.0929968811044,113.65162144919745,4195053
2024-10-15,114.35660864126518,114.5230771603118,114.63256961159543,114.02846025221831,1713565
2024-10-16,114.33099379562327,113.85313152828147,114.45334711020844,113.28727379966425,1726589
2024-10-17,113.83911482646837,113.48742383448038,113.99542584395144,113.16554891534759,9704482
2024-10-18,113.35826959248345,112.63620916322772,113.71769214966764,112.38198303197063,6344950
2024-10-19,112.10861497730228,112.81197326075466,113.27134270675845,111.81987835777458,5924813
2024-10-20,112.94380599603419,112.0118417111197,113.15089757479731,111.86752125636346,2954540
2024-10-21,111.58524895026572,112.44171288662996,112.60320553212011,111.42070739223341,4203134
2024-10-22,111.95817026865906,111.59704387652403,112.22003900472227,111.40867002318127,8544253
2024-10-23,112.0815088812104,111.27792382845057,112.56269811460977,111.08087441249879,1132616
2024-10-24,111.79505473629445,110.80954386446798,111.91464306001583,110.7240076414695,9144867
2024-10-25,111.03840075213665,111.92273145875747,111.95825487597122,110.76389702209639,6362458
2024-10-26,112.4629227638585,112.85629781784426,112.9514994008632,111.96148029220701,3184946
2024-10-27,112.92335231424688,113.35225886490223,113.4574059621052,112.74660430740091,3837867
2024-10-28,113.38025914220243,114.23716855647463,114.2638241236549,112.97644169792355,2053956
2024-10-29,114.31983826848189,114.24609988434517,114.77576086631953,114.04377223251915,6959815
2024-10-30,113.75137519888685,112.69673998174173,114.0612679734456,112.44852981080994,3737947
2024-10-31,113.20995677650453,114.28659600707087,114.32744305560178,112.67111136885295,8136272
2024-11-01,114.72411536238378,114.29454755309075,114.78532790571359,114.15586958871431,9615626
2024-11-02,114.0365176311105,113.31820057956477,114.24481858347393,113.312389830586,2081822
2024-11-03,113.59221886466202,113.96000735355965,114.41865181441621,113.12193052696597,2201836
2024-11-04,114.2489506561373,113.11167044827154,114.40228483460142,112.68854691119827,1224939
2024-11-05,112.61504570942158,112.02918116324052,112.90203666043925,111.73315121200287,8183007
2024-11-06,111.84027236110984,112.37902416117734,112.79597772140445,111.56607136211204,2520796
2024-11-07,112.87025983716813,113.26309528440169,113.50697718535788,112.69282913918238,9791304
2024-11-08,113.23467216997457,112.95975797834443,113.5339961713575,112.46234891904128,6343295
2024-11-09,113.50717187105667,113.5532962517946,113.9580341391552,113.46991639466052,5188033
2024-11-10,113.15432590671203,112.7795861029472,113.59992176191949,112.6082577281567,5400411
2024-11-11,112.73822427860443,112.47490432742178,112.76750928941807,111.98826581536755,5114306
2024-11-12,112.49706675859578,113.47126280895638,113.73167565962792,112.16764330694059,4469829
2024-11-13,113.10480040325248,111.97441590585397,113.1289704341209,111.81456987075366,7569083
2024-11-14,111.99143153916314,111.68265786608671,112.03889571048175,111.63552619833548,5761083
2024-11-15,112.22267641730157,111.47980831000936,112.4050856451596,111.08948894712688,7320953
2024-11-16,111.20695593328439,110.82810416166242,111.51602701607928,110.42524313862683,6951699
2024-11-17,111.33528887437859,111.83931909522171,112.16626882128651,110.81330230190947,1879537
2024-11-18,111.60671719545985,110.56052131659719,111.68193564567673,110.06223166068284,7989220
2024-11-19,110.66958562342552,109.66329363369424,111.12709727009555,109.43818798608073,6585654
2024-11-20,109.13885424632832,108.17991326968848,109.1453608925352,108.12162419415888,8700887
2024-11-21,108.46183441240237,109.32093541274854,109.75343405216732,108.4239552387192,4815723
2024-11-22,108.77491766283948,108.47381930545747,108.81350560098697,108.20810867137992,4040452
2024-11-23,108.80318003080015,108.58608124144641,109.29748457215638,108.42063884150049,6785198
2024-11-24,108.86124850313581,108.94609404525524,109.45565572766048,108.83547316969081,6250719
2024-11-25,109.13686525559578,109.02844059857084,109.5498472986582,108.52693732036394,5429678
2024-11-26,109.47128585447456,110.45606158076158,110.87374050028069,109.00244819041734,8691076
2024-11-27,110.39719975462926,110.41186149607799,110.7538389594579,110.21617545754204,8274739
2024-11-28,110.20781554947156,110.00014355982174,110.2339113576235,109.60634904184246,7680607
2024-11-29,110.39972281748906,109.69001779956358,110.7186548320101,109.43896889167249,1624755
2024-11-30,109.99264803883337,110.486103795903,110.82852994263082,109.94154925954818,7527103
2024-12-01,110.11649787351224,109.79911892955023,110.64678208215429,109.54929188884321,4308114
2024-12-02,109.60085156553045,110.01708053992012,110.43796298935526,109.45517561765351,4382224
2024-12-03,109.69534591091299,110.35432131689416,110.72025752513682,109.39510239062164,7115778
2024-12-04,110.65668552617728,109.77913988751975,111.09641690856313,109.28131302653388,4623334
2024-12-05,110.21947082890244,110.18958781230468,110.32153377824325,109.8764705198541,4709809
2024-12-06,110.54282598214036,111.16104666157088,111.69777154313057,110.04308560146053,4801595
2024-12-07,110.84223725438328,109.8799172081326,110.95282430249964,109.41830050573051,6095865
2024-12-08,110.18796373485584,110.83535676115834,111.15805943729741,110.17267069426846,1386672
2024-12-09,110.82749869923907,109.83249674049033,110.95455788816962,109.58355356327844,2837264
2024-12-10,109.41625041345291,110.28989684598591,110.70037749033861,109.41232969816247,6229458
2024-12-11,110.43750919654872,111.16543938581678,111.47631799272732,110.15016042277479,3803330
2024-12-12,111.6361693673187,112.62769237668726,113.18148451628892,111.34719301184533,8945284
2024-12-13,112.13930893283239,112.66855124438034,113.11332009995076,111.95271158258991,6159418
2024-12-14,112.25508919924532,112.53046381143145,113.06788451034042,111.82328776279189,3590657
2024-12-15,112.15319666115207,112.67792822306971,112.88382084317908,111.85931814539958,2951471
2024-12-16,113.1413449585394,114.00455311265074,114.22468301193237,112.74647337464623,7006989
2024-12-17,113.97154870553678,113.01679432215296,114.26781845895364,112.97839686777536,4174786
2024-12-18,113.58115974019383,114.10931625557353,114.37118506894484,113.06578216525199,4211429
2024-12-19,113.98976503354716,114.27824544502234,114.61408712127013,113.6624136378585,7604125
2024-12-20,114.08500194481809,115.18835479689145,115.28090033085944,114.0496275751258,9794568
2024-12-21,115.34912594488989,115.72080996320577,115.86874631733886,115.20441623156512,5048509
2024-12-22,115.1485144723515,114.84814658135136,115.34390714341495,114.76958571371507,6920478
2024-12-23,114.65372331335615,113.97960670736414,114.82013333678576,113.93203611972707,6777389
2024-12-24,113.54373042103938,112.54762968582031,113.74096764468564,112.19915793335998,7699865
2024-12-25,113.05624388830265,113.89773409914099,114.31541636741082,112.70702670645188,6406523
2024-12-26,114.35020246088791,115.25475675363879,115.76096492558314,114.13252601263291,7154762
2024-12-27,114.9916768207217,115.68115226325695,115.88921845402547,114.6308938813191,1219537
2024-12-28,115.23211398087565,115.68728441747443,116.05437791064239,115.14746101203465,6751232
2024-12-29,115.1783316597527,115.24054506498291,115.5909710088509,114.91509265130385,9326006
2024-12-30,115.41657343925539,116.13257607961094,116.34324380779424,115.08227740079677,6105118
2024-12-31,116.17280014994532,115.30283693772566,116.693108254325,114.82294748060941,9756404
2025-01-01,115.54570976115853,115.12514556528049,115.8661820816124,114.92377161398709,4391326
2025-01-02,114.72262574807114,113.8067093467357,114.85305020575775,113.37985399473963,7519247
2025-01-03,113.37000104555203,113.0498321299656,113.38834133848907,112.98845695904663,4820328
2025-01-04,112.5145426426113,113.49729967896039,113.65282995027317,112.16961292963282,8690452
2025-01-05,113.59102201594632,113.06137232635888,113.85715581254459,113.03182281733564,4500795
2025-01-06,112.54857162580659,112.9220799682024,113.37456013612969,112.1577534857057,9049759
2025-01-07,112.71229403283597,112.96386120416395,113.16289467933665,112.23948462672104,3381040
2025-01-08,112.78596953056386,113.12845689831458,113.33819504250667,112.24305473768268,1883644
2025-01-09,113.00764948569015,112.55352698915824,113.3864705287575,112.21403052775071,5718679
2025-01-10,112.84438141279519,113.855695547649,114.26208048484912,112.5301886079215,7100053
2025-01-11,114.3364223666831,113.58211788387285,114.60859166380739,113.31478749178885,8862126
2025-01-12,114.02603811327073,114.4032340393637,114.44379918301111,113.92246157703856,3689930
2025-01-13,114.87332458686946,114.14773652048477,115.0451861092648,113.90455234066339,5123622
2025-01-14,113.73718488828628,112.96964304070617,114.28996648933624,112.7468519031729,7346438
2025-01-15,113.37720680006947,114.08583045666641,114.55089346500685,113.1452624288266,5258342
2025-01-16,114.32032824806714,114.77253993354802,114.94481447202286,113.94247510911477,7595137
2025-01-17,114.71322387319098,115.0702268790066,115.46022758326633,114.67953986374766,2956359
2025-01-18,115.5952671597829,116.4632429734507,116.83786196872695,115.25590970379353,5051045
2025-01-19,116.00298285075759,117.05656283833414,117.3755993911359,115.44333214082731,4382148
2025-01-20,116.91488390844128,116.12463688981236,117.06967739756126,115.77453559513717,2246455
2025-01-21,116.52099097432871,115.83922181649606,116.70744809327067,115.47773149616069,4307911
2025-01-22,116.11825903041971,117.0704605892922,117.63816101391345,116.08511974452344,8660888
2025-01-23,117.65029087683298,117.92421163242591,118.28183796161476,117.12125654526919,4627895
2025-01-24,118.23452692945172,117.3860324617348,118.28496160575972,117.07345184152621,5043473
2025-01-25,117.27288613330084,116.847219850128,117.72936225514697,116.5762547864889,9465933
2025-01-26,116.86656446980707,115.91900544370112,117.23678911329161,115.59599244306912,9753105
2025-01-27,115.58896029312727,116.04954079265457,116.12903046468281,115.37531725854876,8844622
2025-01-28,116.42661316790183,115.52379358985431,116.82678067333214,115.05003707447695,3866213
2025-01-29,115.79904877936457,116.034412951924,116.05365802187214,115.78028062848449,9656914
2025-01-30,116.1070734292701,116.21552291884731,116.36107653941174,115.77128153629154,3897070
2025-01-31,116.68441371670575,117.09787491635001,117.46855438446536,116.60253670897295,1209967
2025-02-01,117.61653988833021,117.64508792896886,117.98084684176618,117.60451832926397,6379738
2025-02-02,117.27865821656884,116.93426614573448,117.5443288532423,116.69213622726353,1618859
2025-02-03,116.59630940456255,115.87705102944912,116.66931673466935,115.44039741175631,5910518
2025-02-04,116.42181180026857,117.25508690065227,117.40730213083602,115.84257786786812,7970587
2025-02-05,116.9960022755157,118.03030520605077,118.59301790650827,116.81951754861572,4031229
2025-02-06,117.68660082635613,117.6474308695477,117.68679669130087,117.1801636225112,2521987
2025-02-07,117.81789320515064,118.40319440956797,118.87195750287403,117.33991289470796,4290318
2025-02-08,118.32524661435379,119.33854769935292,119.35075325146353,117.98428737200926,5316900
2025-02-09,119.20651535856388,120.25190141125593,120.71889777705248,119.10721773594612,1313617
2025-02-10,119.83266152106518,120.31951826484938,120.6255308289825,119.29237295179338,1987135
2025-02-11,119.73800808604616,120.50007978323572,120.52788031088187,119.1555394895697,6197849
2025-02-12,120.70809592069652,120.19221595780107,120.97066619033332,119.86204399950955,9236386
2025-02-13,120.49788739912836,120.78221540577086,121.14875099570463,120.32703450258148,6706665
2025-02-14,121.03296861079015,120.6539611657951,121.25359978037717,120.51509079499908,2417417
2025-02-15,120.48625331667124,120.8007622689626,121.26247822293254,120.2354411787658,9574841
2025-02-16,120.60011492676908,120.0175179626405,121.18831180203159,119.42257297336084,9667654
2025-02-17,119.54939397265171,119.09073407167612,119.66097339734272,118.87443107641643,8619442
2025-02-18,118.68433900925041,119.05151989639667,119.06643020137021,118.26514987689764,9620802
2025-02-19,118.79124262352322,118.74236135274023,119.3189787286629,118.64587167605863,1528690
2025-02-20,118.34913123345947,119.05453655677128,119.21961682121714,117.75808287554972,3625888
2025-02-21,118.62185421751857,118.83040990742062,119.26763815222174,118.22566371624667,7989399
2025-02-22,118.44508595439471,117.82065315000789,118.95192386915332,117.49173801907146,2718675
2025-02-23,117.38070025409294,118.13749766544973,118.59478674069987,117.04543030803943,4656488
2025-02-24,117.79007875134084,118.47065426153785,118.62564709441251,117.33028118206015,2446760
2025-02-25,118.39994389397748,117.34219617741186,118.50888691655445,116.81469465344395,1672236
2025-02-26,117.39760145632249,118.00896190725635,118.45873458515203,117.2383657240604,6714569
2025-02-27,118.21356859607762,117.13254548692863,118.56892448037463,116.62872816299713,4308484
2025-02-28,117.31717135190938,118.34132069309719,118.3786526637383,116.88235570136804,4415894
2025-03-01,118.40618703247,119.17782504897232,119.67034825008608,117.82213578620224,7649151
2025-03-02,119.37360098120999,119.5275351493144,119.74548013497187,119.07812729972932,3468971
2025-03-03,119.90394487424108,118.73217449384208,120.01839324154321,118.18971913102457,2949238
2025-03-04,118.59924698193744,117.53252879391846,119.02926431733621,117.39364915782937,6513822
2025-03-05,118.09243007949908,118.41697445465208,118.57614631949912,117.75752657762236,1334993
2025-03-06,118.12334158119192,119.24316137135538,119.66802402329459,117.74830874066087,1292546
2025-03-07,118.90594740273073,118.86624297467517,118.94501359235436,118.41870274634189,5129242
2025-03-08,119.255071743792,120.36845580474737,120.67581843519154,119.16039627842335,1362427
2025-03-09,120.35916838243116,121.52796284159903,121.88166787953126,119.97445872927206,3224334
2025-03-10,121.28821438121209,120.78183996610117,121.62546278617805,120.33820107242434,5774597
2025-03-11,120.29394618447786,120.65184818282424,121.09997991194956,120.21606241896454,2244522
2025-03-12,120.87802775696044,120.16588594911079,121.00262726385792,119.8778468676099,4717963
2025-03-13,120.54190088332373,121.28272606658062,121.48339120316739,120.2380539934542,8530224
2025-03-14,120.79742734819158,121.75846948795554,121.80428951865913,120.55433775632703,4838780
